lecture_number,slide_number,marker,transcript
1,0,,"ऑपरेǑटंग ͧसèटम का पǐरचय
(Introduction to Operating Systems)
Ĥोफेसर चेèटर ǐरबेǐरयो
(Prof. Chester Rebeiro)
संगणक ͪव£ान एवं अनुĤयोग ͪवभाग
इंͫडयन इंèटȣɪयूट ऑफ टेÈनोलॉजी, मġास
åयाÉयान-01
पाɫयĐम का पǐरचय
नमèकारआपकाèवागतहैइंĚोडÈशनटूऑपरेǑटंगͧसèटम( Introduction to Operating
Systems ) कोस[ मɅ।यहएक8 सÜताहका​NPTEL कोस[ है, िजससेͩकमुÉयतः
èनातक/अंडरĒैजुएटकंÜयूटरसाइंसएंडइंजीǓनयǐरंगकेछाğ, इलेिÈĚकलएवंइलेÈĚॉǓनÈसके
छाğ इसके साथ हȣ साथ एमएससी कंÜयूटर साइंस के छाğ भी इस कोस[ से फायदा ले सकते हɇ।
इसकोस[ केͧलएपहलेसेआवæयकहैͩकआपकोसीĤोĒाͧमंग(C programming) भाषा/लɇÊवेज
कȧ बहुतअÍछेसेऔरमजबूतीसेजानकारȣ हो।मुÉयǾपसेहमलोग ͪवशेषतःफंÈशन
Üवाइंटर(function pointer) मɅ Üवाइंटस[ (pointers) काĤयोगकरɅगेसाथहȣ साथ“ͧलंकͧलèट”
(link list) और“Ěȣस” (trees) मɅ भी।इसकेसाथहȣ साथ“कंÜयूटरऑगȶनाइजेशनएंड
आͩक[ टेÈचर”/( Computer Organisation and Architecture) का£ानआवæयकहैमुÉयतः
मेमोरȣ संघटन और åयवèथापन जो एक कंÜयूटर ͧसèटम मɅ होता है।
इसकोस[ कामूãयांकनहोगािजसमɅ ͩकहरसÜताहĮेणीवारअसाइनमɅटͧमलɅगेऔरअंǓतम
सेमेèटरपरȣ¢ाभीहोगी।तोहमɅ ऑपरेǑटंगͧसèटमÈयɉ पढ़नाचाǑहए? OS याऑपरेǑटंग
ͧसèटमͩकसीभीकंÜयूटरͧसèटममɅ एकमह×वपूण[ भूͧमकाǓनभाताहै।यहएकͧसèटमका
एकमुÉयǑहèसाबनाताहै।इसकाĤयोगकंÜयूटरहाड[वेयरऔरऍिÜलकेशÛस, िजनकाये
उपयोगकरताहैउसकेसाथसंपक[ -पटल/इंटरफ़ेस(interface) मɅ होताहै।अतःमूलǾपसेOS
(ऑपरेǑटंगͧसèटम) माğ एकसॉÝटवेयरĤोĒामहैजोहमͧलखतेहɇ हालांͩकयहसामाÛय
ĤोĒामɉ से काफȧ अलग होता है।
जैसाͩक एकऑपरेǑटंगͧसèटमकेकोडमɅ आप बहुतसाराअसɅबलȣ लɇÊवेज(assembly
language) काकोडपाएंगेअतःयहͩकसीसामाÛयमानककोड(code) कȧ तरहनहȣंहोताहै, जो
ͩकहमͧलखतेहɇ।इसकेसाथहȣ साथआपदेखɅगेकȧ ऑपरेǑटंगͧसèटमकेकोडमɅ बहुतसारे
भागउपकरणɉ सेसीधेसंपक[ करनेकेͧलएĤयोगͩकएजातेहɇ।औरउपकरणɉ सेहमारामतलब
भौǓतक/हाड[वेयरउपकरणहɇ जैसेͩककȧ-बोड[, नेटवक[ औरइसीतरहसेऔरभी।सामाÛय
ĤोĒाàस(programs) औरएÜलȣकेशनस(applications) जोहमͧलखतेहɇ उसमɅ हमहाड[वेयर
उपकरणɉ से इस तरह सीधा संपक[ नहȣं करते हɇ।
ऑपरेǑटंगͧसèटमकेकोडकेͧलएदूसरामुÉयप¢ यहपातेहɇ ͩकऑपरेǑटंगͧसèटममɅ समय
एकमुÉयभूͧमकाǓनभाताहै।अतःसबकुछसमयपरहȣ Ǔनभ[रकरताहै।ऑपरेǑटंगͧसèटममɅ
सामाÛयतयासबकुछघटनाआधाǐरतहोगाऔरकोईभीĤǓतͩĐयातभीघǑटतहोगीजबकोई
घटनाहोगी। इसके पǐरणामèवǾपऑपरेǑटंगͧसèटममɅ ͫडबͬगंग(गलǓतयɉ कोदूर
करना)/(debugging) बहुतकǑठनहोगा।इसकेसाथहȣ साथऑपरेǑटंगͧसèटमकोडकाएक
बड़ाभागउसमाइĐोĤोसेसरपरआधाǐरतहोताहैजोउसकोͩĐयािÛवतकरताहै; Ĥोसेसरकȧ
अͬधकांश ͪवशेषताएं ऑपरेǑटंग ͧसèटम के ɮवारा उपयोग कȧ जाती हɇ।
अतःइसकोस[ कोहमलोगइंटेलx86 Ĥोसेसर(​Intel
x86 processor)
​कोÚयानमɅ रखतेहुए
पढ़Ʌगे।इसĤकारबहुतसारȣ ऑपरेǑटंगͧसèटमकȧ अवधारणाएंजोͩकहमलोगइसकोस[ मɅ
पढ़ɅगेवहइंटेलĤोसेसर(​Intel processor​) पǐरवारपरआधाǐरतहɉगी।यɮयͪपयहकहɅ ͩकइस
कोस[ मɅ जो अवधारणाएं हम पढ़Ʌगे वह अͬधकांश दूसरे Ĥोसेसस[ पर भी लागू हɉगी।
इसकोस[ मɅ हमलोगऑपरेǑटंगͧसèटमकेदूसरेपहलुओंपरभीनजरडालɅगे।मूलǾपसेहम
लोगऑपरेǑटंगͧसèटमरचनाकȧ बहुतसारȣ पेचीदͬगयɉ काͪवæलेषणकरɅगे, इसकेसाथहȣ साथ
åयवहाǐरक Ĥदश[न के संबंध मɅ èथाͪपत सामंजèय को भी। अतः इस कोस[ मɅ आपका èवागत है।"
2,0,,"ऑपरेǑटंग ͧसèटम का पǐरचय (Introduction to Operating Systems)
Ĥोफेसर चेèटर ǐरबेǐरयो (Prof. Chester Rebeiro)
संगणक ͪव£ान एवं अनुĤयोग ͪवभाग
इंͫडयन इंèटȣɪयूट ऑफ टेÈनोलॉजी, मġास
सÜताह – 01
åयाÉयान-01
ऑपरेǑटंग ͧसèटम (एक पǐरचय)
नमèकार, “ऑपरेǑटंगͧसèटमकापǐरचय”/“इंĚोडÈशनटूऑपरेǑटंगͧसèटम” (Introduction to
Operating Systems) ​पाɫयĐम/ कोस[ केĤथमसÜताहकेåयाÉयानमɅ आपकाèवागतहै।इस
सÜताहहमइसकोस[ काआधारबनाएंगेिजसपरआनेवालेसÜताहकेåयाÉयानǓनभ[रहɉगे| इस
åयाÉयानमɅ हमऑपरेǑटंगͧसèटमकाबहुतसं¢ेपमɅ पǐरचयलɅगे| मुÉयǾपसेहमलोगदेखɅगेͩक
पूरेकंÜयूटरमɅ ऑपरेǑटंगͧसèटमवाèतवमɅ कहांपरहोताहै, हमलोगदेखɅगेͩकऑपरेǑटंगͧसèटम
का कंÜयूटर मɅ मुÉय काय[ Èया है?"
2,1,(èलाइड समय का संदभ[ लɅ: 00:57),"इसͧलए, जबहमकंÜयूटरͧसèटमदेखतेहɇ, तोहमइसेͪवͧभÛनपरतɉ मɅ सोचसकतेहɇ।
िजसमɅ सबसेनीचेकȧ परतमɅ लाखɉ औरकरोड़ɉ Ěांिजèटरस(transistors) हɇ।यहĚांिजèटरस
(transistors) मुÉयतयासीमोसĚांिजèटरस/(CMOS transistors) हɇ औरयेĚांिजèटरसͧमलकरकई
सारेलॉिजकगेɪस(logic gates) बनातेहɇ, औरइनगेɪसमɅ कईसारेͫडिजटललॉिजकगेɪस(digital
logic gates) हɇ जैसेͩकएंड/AND गेट, ​ओआर /OR, ​एÈसओआर /XOR इ×याǑद।इससतहमɅ औरभी
ͪवशेषचीजɅ हɇ जैसेकȧ मेमोरȣ सेल(memory cell), िÝलपÝलॉप(flip-flop) औररिजèटर(register)
इ×याǑद।
अब, यहसारȣ मूलभूतवीएलइसआई(VLSI) इकाइयांͧमलकरकईǾपलेतीहɇ जैसेकȧ मेमोरȣ
(memory), रैम(RAM), ͫडकोडयूǓनट(Decode Unit), इंèĚÈशनफेचयूǓनट(Instruction Fetch
Unit) इ×याǑद।यहसंगठनजोͩककंÜयूटरͧसèटमकेतीसरेचरणमɅ है, िजसेहमवाèतवमɅ
भौǓतक-उपकरण/हाड[वेयरकेतौरपरदेखते/जानतेहɇ।तोयहवहभौǓतकयंğ हैिजसेͩकहमदुकान
सेखरȣदतेहɇ।जबहमइसकंÜयूटरहाड[वेयरकोखरȣदतेहɇ तोहमलोगइसमɅ बहुतसारȣ अलग-अलग
एÜलȣकेशंसकोͩĐयािÛवत/एÊजीÈयूट(execute) करतेहɇ, जैसेͩकहमऑͩफस(office), एÜलȣकेशंस
(applications) और इंटरनेट एÈसÜलोरर (Internet Explorer) को रख सकते हɇ।
अबजोइनएÜलȣकेशंसऔरहाड[वेयरकेबीचमɅ हैवहहैऑपरेǑटंगͧसèटम।अबअǓनवाय[ Ǿपसे
ऑपरेǑटंगͧसèटमदोनɉ काĤबंधनकरेगािजसमɅ एÜलȣकेशंस(applications) जोहमकंÜयूटरपर
ͩĐयािÛवत/एÊजीÈयूट(execute) करतेहɇ, इसकेसाथहȣ साथयहĤबंधनकरेगाकȧ ͩकसतरहसे
ͧसèटममɅ संसाधनɉ काउपयोगͩकयाजाए।तोआइएहमअͬधकͪवèतारसेदेखɅ ͩकपूरȣ योजनामɅ
ऑपरेǑटंग ͧसèटम का उपयोग ͩकस तरह से होता है?"
2,2,(èलाइड समय का संदभ[ लɅ: 02:51),"इसेåयापकǾपसेदेखनेकेͧलए, ऑपरेǑटंगͧसèटमदोचीजɉ केͧलएउपयोगͩकयाजाताहै।यह
पहलेहाड[वेयर पृथÈकरण/अबाèĚÈशन(abstraction) ĤदानकरताहैऔरदूसराͧसèटममɅ
संसाधनɉ काĤबंधनकरताहै।हाड[वेयरपृथÈकरण/अबाèĚÈशन(abstraction) काउपयोगहाड[वेयर
कोͩकसीऐसेचीजमɅ बदलनेकेͧलएͩकयाजाताहैजोसॉāटवेयरएिÜलकेशनआसानीसेउपयोग
करसकɅ , जबͩककंÜयूटरमɅ मौजूदसीͧमतसंसाधनɉ केकारणसंसाधनĤबंधनकȧ आवæयकताहोती
है। इसͧलए, हम ऑपरेǑटंग ͧसèटम के इन दो उपयोगɉ को अͬधक ͪवèतार से देखɅगे।"
2,3,(èलाइड समय का संदभ[ लɅ: 03:31),"आइएइसबहुतहȣ सरलĤोĒामसेशुǾ करɅ।तो, यहसीभाषा(C Language) मɅ ͧलखागयाएक
ĤोĒामहैऔरअǓनवाय[ ǾपसेयहमॉनीटरपरिèĚंग""हैलोवãड["" (Hello World) ͪĤंटकरनेजारहा
है।तो, यहएकबहुतहȣ सरलĤोĒामहैऔरअǓनवाय[ ǾपसेिèĚंग""हैलोवãड["" èमृǓतमɅ संĒहȣतहै
औरयहइससूचक/पॉइंटर(pointer) ​str ɮवाराइंͬगतͩकयाजाताहै।अब, printf इसपॉइंटर
(pointer) ​str कोबताएगाऔरपǐरणामèवǾपिèĚंगकोमॉनीटरपरͪĤंट/मुǑġतͩकयाजाएगा।अब,
सवालयहआताहैͩकमॉǓनटरपरिèĚंग(string) ͩकतनीसटȣकतासेĤदͧश[तहोताहै? िèĚंगĤाÜत
करने के ͧलए शाͧमल ĤͩĐया Èया है, जो मॉनीटर पर Ĥदͧश[त होने वालȣ मेमोरȣ मɅ संĒहȣत है?"
2,4,(èलाइड समय का संदभ[ लɅ: 04:25),"इसͧलए, वाèतवमɅ जबहमपूरȣ योजनाकोदेखतेहɇ, तोिèĚंग""हैलोवãड["" (“Hello World”) मुÉय
èमृǓतमɅ ͩकसीèमृǓतèथानमɅ मौजूदहोगीिजसेरैम(RAM) भीकहाजाताहै।अब, ĤोसेसरमɅ कुछ
ऐसेǓनदȶशहɇ, जोͩकमुÉयमेमोरȣ सेरिजèटरɉ मɅ बाइटɮवारािèĚंगबाइटकोपढ़ɅगेऔरͩफरउÛहɅ
वीͫडयोबफर(Video Buffer) मɅ िèĚंग""हैलोवãड["" (“Hello World”) कȧ ĤǓतͧलͪपबनानेके
साथ-साथअÛयͪवशेषताओंकोजोड़ाजाताहै, उदाहरणकेͧलए, Ĥदͧश[तहोनेकेͧलएिèĚंगकारंग,
कȧ तरहचीजɅ, मॉǓनटरपरएÈसवाईǓनदȶशांक(x y coordinates) जहां""हैलोवãड["" िèĚंगकोĤदͧश[त
करने कȧ आवæयकता होती है और अÛय मॉनीटर ͪवͧशçट ͪवशेषतायɅ जैसे ͩक गहराई और अÛय।
अब, यहिèĚंगिजसेवीͫडयोबफरमɅ कॉपी(copy) ͩकयागयाहैउसेतबĒाͩफÈसकाड[ ɮवारापढ़ा
जाताहैजोͩकइसेमॉǓनटरपरĤदͧश[तकरेगा।तो, यहएकमॉनीटरपरएकिèĚंग""हैलोवãड[""
Ĥदͧश[तकरनेकȧ पूरȣ ĤͩĐयाहै।तो, अबआपदेखɅगेͩकऐसाकरनाकाफȧ आसाननहȣंहै।यह
वाèतवमɅ काफȧ जǑटलऔरथकाऊहै।कãपनाकȧिजएͩकआपकेɮवाराͧलखेगएĤ×येक
काय[Đम/ĤोĒाम(program) केͧलएआपकोकोइनसभीचीजɉ कोकरनेकȧ आवæयकताहोजैसेतब
जैसेͩक, ""हैलोवãड["" (“Hello World”) कोमेमोरȣ मɅ कहाँसंĒǑहतͩकयागयाहैऔरͩफर, इसे
मॉनीटरपरकैसेĤदͧश[तͩकयाजाए, Ǔनदȶशांक(coordinates) कȧ गणनाकैसेकरनीहै, कैसेǓनǑद[çट
करɅ- रंग, गहराईऔरअÛयͪवशेषतायɅ औरĒाͩफÈसकाड[ परइसजानकारȣ कोवाèतवमɅ कैसेपास
ͩकया जाए और इसी तरह अÛय।
एकऔरपहलूयहहैͩकयहबहुतÏयादाहाड[वेयरपरǓनभ[रहै।इनचीजɉ मɅ सेͩकसीएकमɅ कोई
बदलाव; उदाहरणकेͧलए, यǑदĤोसेसरबदलताहैयाĒाͩफÈसकाड[ यामॉनीटरबदलताहैतोयह
काफȧ संभावनाहैͩककाय[Đमकामनहȣंकरेगा।उदाहरणकेͧलए, यǑदमॉनीटरबदलताहै, तोकुछ
ͪवशेषगुणहोसकतेहɇ िजÛहɅ नएमॉनीटरकेͧलएअलग-अलगǓनǑद[çटकरनाहोगायायǑद
ĒाͩफÈसकाड[ बदलताहै, तोशायदइसिèĚंग""हैलोवãड[ "" केͧलएǓनदȶशांक(coordinates) केͧलए,
जहांगहराईऔररंगसेटसेटͩकएजातेहɇ, अलगहɉगे।इसͧलए, ऑपरेǑटंगͧसèटमकेǒबना, Ĥ×येक
ĤोĒामरकोहाड[वेयरकेबारेमɅ सूêमजानकारȣ रखनीहोगी।अǓनवाय[ ǾपसेउÛहɅ यहजाननेकȧ
आवæयकताहोगीͩकͧसèटममɅ हाड[वेयरकाÈयाउपयोगͩकयाजाताहैऔरयहभीͩकहाड[वेयरके
बारे मɅ ͪवͧभÛन पहलुओं को एक दूसरे के साथ कैसे ͩफट ͩकया जाता है।"
2,5,(èलाइड समय का संदभ[ लɅ: 07:15),"तो, ऑपरेǑटंगͧसèटमअǓनवाय[ Ǿपसेपृथकता/ढकाव/अबèĚÈशन(Abstraction) Ĥदानकरतेहɇ।वे
उनऍिÜलकेशÛसकेबीचरहतेहɇ, िजÛहɅ हमͧलखतेहɇ औरहाड[वेयरकेबीच, औरहाड[वेयरकेसभी
बुǓनयादȣ तØयɉ सेऍिÜलकेशÛसकोपृथकरखतेहɇ।इसͧलए, इसprintf str जैसेएकसाधारणकथन
अंततःͧसèटमकॉलकेǾपमɅ जानेवालेͩकसीचीज़मɅ रहताहैजोऑपरेǑटंगͧसèटमकोǓनçपाǑदत
(execute) करनेकेͧलएǑĚगर(trigger) करेगा।ओएस(OS) तबĤबंͬधतकरेगाͩकमॉǓनटरपर
िèĚंग/शृंखला(string) ‘str’ कोकैसेĤदͧश[तͩकयाजाएगा।सबकुछजैसेͩक, रंगकोकैसेसेटͩकया
जानाचाǑहए, एÈसवाईǓनदȶशांक(x y coordinates) कैसेसेटͩकएजानेकȧ आवæयकताहैऔरइसी
तरहसबकुछऑपरेǑटंगͧसèटमɮवाराआंतǐरकǾपसेͩकयाजाएगा।तो, एकएÜलȣकेशनके
पǐरĤेêय से और ĤोĒामर के पǐरĤेêय से, इन सभी ͪववरणɉ को पृथक/अलग ͩकया गया है।
इसͧलए, जैसाͩकआपदेखɅगेͩकयहĤोĒाम(काय[Đम) लेखनकोबेहदआसानबनादेगा।इसͧलए,
ĤोĒामरकोअबहाड[वेयरकेबारेमɅ जानकारȣ नहȣंचाǑहए।एकदूसराफायदापुन:उपयोगकाय[¢मता
(reusable functionality) है।अǓनवाय[ ǾपसेऍिÜलकेशÛसऑपरेǑटंगͧसèटमकाय[¢मताकापुन:
उपयोगकरसकतेहɇ।तो, इसकामतलबयहहैͩकचूंͩकओएस(OS) ऍिÜलकेशÛससेहाड[वेयर
ͪववरणɉ कोपृथककरताहै, इसͧलएइसĤणालȣ मɅ ǓनçपाǑदतसभीएिÜलकेशनकेवलऑपरेǑटंग
ͧसèटम सुͪवधाओं का पुन: उपयोग कर सकते हɇ।
उदाहरणकेͧलए, printf काउपयोगकरनेवालाĤ×येकएिÜलकेशन(application) ऑपरेǑटंगͧसèटम
काआéवानकरेगाऔरओएस(OS), हाड[वेयरकेसाथसंचारèथाͪपत करनेकाकामरखेगा।
ऑपरेǑटंग ͧसèटम मɅ एक माğ मॉɬयूल है जो ͩक ͧसèटम पर ǓनçपाǑदत सभी
अनुĤयोगɉ/ऍिÜलकेशÛस(applications) के सभीͪĤंटफ(printf) कोसंभालताहै।तीसरालाभ
अंतरणीयता/ पोटȶǒबͧलटȣ (portability) है।अǓनवाय[ Ǿपसेइसकाअथ[ यहहैͩकजबहमएकĤोĒाम
ͧलखɅगेजोͩकͪĤंटफ(printf ) åयÈतåय/èटेटमɅटकȧ तरहकुछउपयोगकरताहै, तोहमवाèतवमɅ
इसबातसेपरेशाननहȣंहɉगेͩकइसेͩकसहाड[वेयरपरचलानाहै, उदाहरणकेͧलएयहडेèकटॉपया
एकसव[रयालैपटॉपयायǑदउͬचतǾपसेकमपाईल(compile) ͩकयाजानेपरकईएàबेडेड
ͫडवाइसɉ मɅ भी चल सकता है ।
इसͧलए, अंतǓन[ǑहतऑपरेǑटंगͧसèटमवाèतवमɅ ͪवͧभÛनहाड[वेयरकेबीचअंतरकोèथाͪपतकरɅगे,
जोउनमɅ मौजूदहɇ औरसाथहȣ, यहसुǓनिæचतकरɅगेͩकहाड[वेयरकेआधारपरयहͪĤंटफ(printf)
उͬचतǾपसेǓनçपाǑदतͩकयाजाएगा।इसͧलए, अǓनवाय[ Ǿपसेपोटȶǒबͧलटȣ (portability) केसाथ
हमजोहाͧसलकरतेहɇ वहयहहैͩक, हमɅ एिÜलकेशननहȣंबदलनेपड़Ʌगे, भलेहȣ अंतǓन[Ǒहतहाड[वेयर
मɅ पǐरवत[न हो जाये ।"
2,6,(èलाइड समय का संदभ[ लɅ: 10:12),"ऑपरेǑटंगͧसèटमकादूसराउपयोगसंसाधनĤबंधक(resource manager) केǾपमɅ है।डेèकटॉप
औरलैपटॉपजोआजहमउपयोगकरतेहɇ, वहांकईऍिÜलकेशÛसहɇ जोलगभगएकसाथचलतेहɇ।
उदाहरणकेͧलए, जबहमइंटरनेटĦाउज़करनेकेͧलएएकवेबĦाउज़रकाउपयोगकरɅगेऔर
लगभगएकहȣ समयमɅ, तभीहमउनकुछĤोĒामɉ कोभीकमॅपाइलकरɅगेजोहमनेͧलखेहɇ और
उÛहɅ ǓनçपाǑदत/एÈसेÈयूट(executing) भीकरɅगेयाहमलगभगउसीसमयèकाइपयापावरपॉइंट
एिÜलकेशन का उपयोग भी कर सकते हɇ ।
अब, तØययहहैͩकहमारेपासͧसèटमपरकईऍिÜलकेशÛसचलसकतेहɇ, लेͩकनअंतǓन[Ǒहत
हाड[वेयरसीͧमतहै।अǓनवाय[ Ǿपसे, हमारेपासकेवलएकहाड[वेयरहैिजसेकईऍिÜलकेशÛसको
लगभगएकसाथपूराकरनेकȧ आवæयकताहोतीहै।इसͧलए, ऑपरेǑटंगͧसèटमयहसुǓनिæचत
करता है ͩक कई सारȣ ऍिÜलकेशÛस एक हȣ हाड[वेयर को साझा करने मɅ स¢म हɉ ।"
2,7,(èलाइड समय का संदभ[ लɅ: 11:15),"अब, इसकंÜयूटरहाड[वेयरकेभीतर, ऑपरेǑटंगͧसèटमकेɮवाराĤबंͬधतकईअवयवहɇ; उदाहरणके
ͧलए, सीपीयू(CPU), èमृǓत/मेमोरȣ (Memory), नेटवक[ , हाड[ ͫडèक(hard disk) जैसेसैकÖडरȣ
èटोरेजͫडवाइस(secondary storage device), मॉनीटरआǑद।इसͧलए, आपकेकंÜयूटरकेभीतरइन
सभीघटकɉ कȧ एकसीͧमतराͧशहै।इसͧलए, आपकेपासआमतौरपरआपकेͧसèटममɅ लगभग2
या4 या8 CPU मौजूदहोसकतेहɇ, èमृǓत/मेमोरȣ (memory) भी4 या8 जीबी(GB) तकसीͧमतहो
सकती है। आपके पास आमतौर पर एक नेटवक[ काड[ या एक या दो हाड[ ͫडèक होती है, इ×याǑद ।
इसͧलए, ऑपरेǑटंगͧसèटमकोͧसèटममɅ मौजूदइनसभीͪवͧभÛनउपकरणɉ औरघटकɉ/अवयवɉ
को Ĥबंͬधत करने कȧ आवæयकता है और इन घटकɉ को लगभग एक साथ कई
अनुĤयोगɉ/ऍिÜलकेशÛस(applications) मɅ साझाकरनाहै।इसͧलए, ऑपरेǑटंगͧसèटमकȧ मददसे
हȣ , यहसंभवहोगाͩकएकाͬधकएिÜलकेशनइससीͧमतसंसाधनɉ कोसाझाकरɅ औरओएस(OS)
भीइसतरहसेबनायागयाहैͩकअनुĤयोगएक-दूसरेसेसुरͯ¢तहɇ।अǓनवाय[ Ǿपसे जहां
अंतǓन[ǑहतऑपरेǑटंगͧसèटमͫडज़ाइनͩकयागयाहै, वहइसतरहहैͩकͧसèटममɅ हरघटक/अवयव
का पया[Üत Ǿप से उपयोग होता रहे।"
2,8,(èलाइड समय का संदभ[ लɅ: 12:35),"तोएकउदाहरणलेतेहुएहमसीपीयू(CPU) परͪवचारकरɅ।इसͧलए, ͧसèटममɅ आमतौरपरएकया
दोसीपीयू(CPUs) होतेहɇ औरकईसारेऍिÜलकेशÛसउसCPU परǓनçपाǑदतहोतेहɇ।तो, ऑपरेǑटंग
ͧसèटमͩकसĤकारकईसारेअनुĤयोगɉ/ऍिÜलकेशÛस(applications) केबीचएकल/अकेलेसीपीयू
(CPU) कोसाझाकरताहै? इसͧलए, एकतरȣकाजोआमतौरपर70 केदशककेउƣराध[ और80 के
दशककेशुǽआतमɅ ऑपरेǑटंगͧसèटममɅ ͩकयागयाथा, उसमɅ एकएिÜलकेशनकोसमापनहोने
तकCPU परǓनçपाǑदत(execute) करनेकȧ अनुमǓतदेनाथाऔरͩफर, अगलाएिÜलकेशनशुǾ
करनाथा।उदाहरणकेͧलए, ĤोसेसरपरǓनçपाǑदतकरनेकेͧलएएिÜलकेशन-1 बनायागयाहैऔर
एिÜलकेशन-1 केǓनçपादनकोपूराहोनेकेबाद, केवलतभीएिÜलकेशन-2 कोशुǾ ͩकयाजासकता
है।
अब, ĤोसेसरपरͪवͧभÛनअनुĤयोगɉ/ऍिÜलकेशÛस(applications) केइसशेɬयूͧलंगकोओएस(OS)
ɮवाराĤबंͬधतͩकयाजाताहै।अब, ​ĐͧमकǾपसे​एकऐप(App) कोदूसरेएप(App) केसमापनके
पæचातĐमशःǓनçपाǑदतकरनेकȧ यहयोजनायɮयͪपऑपरेǑटंगͧसèटममɅ लागूकरनेकेͧलए
बहुतआसानहै, परÛतुयहचीजɉ कोकरनेकासबसेĤभावीतरȣकानहȣंहै।इसͧलए, जैसाͩकहमबाद
केवीͫडयोमɅ देखɅगे, हमदेखɅगेͩकइसͪवशेषतरȣकेसेएिÜलकेशनǓनçपाǑदतकरनेकेसाथÈया
समèयाएंहɇ औरहमदेखɅगेͩकआधुǓनकǑदनकेऑपरेǑटंगͧसèटमइसĤोसेसर(processor) को
अͬधक कुशल तरȣके से कैसे उपयोग करते हɇ।"
2,9,(èलाइड समय का संदभ[ लɅ: 14:13),"कंÜयूटर ͧसèटम मɅ एक अÛय मह×वपूण[ घटक/अवयव िजसे लगभग साथ-साथ/समानाÛतर Ǿप से
ͪवͧभÛन अनुĤयोगɉ/ऍिÜलकेशÛस (applications) के बीच साझा करने कȧ आवæयकता होती है, वह
मुÉय èमृǓत (main memory) है। अब, इन अनुĤयोगɉ/ऍिÜलकेशÛस (applications) मɅ से Ĥ×येक को
ǓनçपाǑदत करने के ͧलए मुÉय èमृǓत मɅ मौजूद होना आवæयक है जो ͧसèटम कȧ रैम है। ऑपरेǑटंग
ͧसèटम को यह सुǓनिæचत करने कȧ आवæयकता है ͩक इस सीͧमत RAM संसाधन को ͧसèटम पर
ǓनçपाǑदत ͪवͧभÛन अनुĤयोगɉ/ऍिÜलकेशÛस (applications) के बीच साझा ͩकया जाए।"
2,10,(èलाइड समय का संदभ[ लɅ: 14:46),"अब, वहजोऑपरेǑटंगͧसèटमकेͧलएमुिæकलबनतीहै, यहहैͩककंÜयूटरͧसèटमपरǓनçपाǑदत
ͪवͧभÛनअनुĤयोगɉ/ऍिÜलकेशÛस(applications) केबीचसीͧमतहाड[वेयर(hardware) संसाधनɉ को
साझाकरनेकेबावजूद, साझाकरणइसतरहसेͩकयाजानाचाǑहएताͩकअनुĤयोगɉ/ऍिÜलकेशÛस
(applications) एक-दूसरेसेअलगहोजाएं।इसͧलए, ओएस(OS) कोसुǓनिæचतकरनाचाǑहएͩक
Ĥ×येकएिÜलकेशनकोरेतकेबÈसेवालेवातावरणमɅ ǓनçपाǑदतकरे, याǓन एिÜलकेशन-1 को
एिÜलकेशन-2 केबारेमɅ कुछनहȣंपताहोनाचाǑहए, औरएिÜलकेशन-2 कोͧसèटमपरचलरहेअÛय
अनुĤयोगɉ/ऍिÜलकेशÛस (applications) के बारे मɅ कुछ भी नहȣं पता होना चाǑहए, और इसी तरह ।
तो, यहअलगावÈयɉ जǾरȣ है? अलगावकȧ आवæयकताÈयɉ हैइसकाएकउदाहरणलेनेकेͧलए,
आइएमानलɅ ͩकएिÜलकेशन-1 एकवेबĦाउज़रहैिजसमɅ आपबɇͩकंगलेनदेनकररहेहɇ।उदाहरणके
ͧलए, आपवेबĦाउज़रमɅ अपनेपासवड[ औरĐेͫडटकाड[ केͪववरणदज[ कररहेहɇ जोएÜलȣकेशन-1 के
Ǿप मɅ ǓनçपाǑदत हो रहा है।
दूसरȣ तरफ, एिÜलकेशन-2 गेͧमंगसॉāटवेयर(gaming software) होसकताहैऔरहममानलɅ ͩक
इसमɅ वायरसहैजोͩकएकदुभा[वनापूण[ एिÜलकेशनहै।अब, मानलȣिजएͩकहमारेपासअलगाव
नहȣंहै।एिÜलकेशन-2 यहǓनधा[ǐरतकरनेमɅ स¢महोगाͩकएिÜलकेशन-1 Èयाकररहाहैयादूसरे
शÞदɉ मɅ, दुभा[वनापूण[ एिÜलकेशनयहǓनधा[ǐरतकरनेमɅ स¢महोगाͩकवेबĦाउज़रमɅ Èयाहोरहाहै
औरइसͧलए, कुछसंवेदनशीलजानकारȣ जैसेͩकआपकेपासवड[ औरआपकेĐेͫडटकाड[ नंबरकोचुरा
सकताहै| इसͧलए, ऑपरेǑटंगͧसèटमकोयहसुǓनिæचतकरनाचाǑहएͩकयेसभीएिÜलकेशन
एक-दूसरे से अलग रहɅ और जैसा ͩक हम देख सकते हɇ ͩक यह करना बहुत आसान काम नहȣं है।"
2,11,(èलाइड समय का संदभ[ लɅ: 16:45),"ऑपरेǑटंग ͧसèटम सब जगह हɇ, लगभग आज हमारे ɮवारा उपयोग ͩकए जाने वाले हर èमाट[ ͫडवाइस
मɅ ऑपरेǑटंग ͧसèटम का कुछ Ǿप मौजूद है। इसͧलए, यह ͪवशेष èलाइड उन अनुĤयोगɉ/ऍिÜलकेशÛस
(applications) के Ĥकार के आधार पर ऑपरेǑटंग ͧसèटम के ͪवͧभÛन वगȸकरणɉ को Ǒदखाती है
िजनके ͧलए वे बने हɇ । कहने कȧ जǾरत नहȣं है ͩक इन ऑपरेǑटंग ͧसèटमɉ मɅ से Ĥ×येक को
एिÜलकेशन को Úयान मɅ रखते हुए ͫडज़ाइन ͩकया गया है।
उदाहरणकेͧलए, एàबेडेडओएस(embedded OS’s) जैसेकɉǑटकȧ (Contiki) ऑपरेǑटंगͧसèटमया
“कɉǑटकȧ ओएस” (Contiki OS) सीͧमतमेमोरȣ वातावरणकेͧलएͫडज़ाइनͩकएगएहɇ, जैसे
वायरलेससɅसरनोɬस( wireless sensor nodes) याǓनजोचीजɅ इंटरनेटऑफ़ͬथंÊस(Internet of
things) मɅ उपयोगͩकएजातेहɇ।कɉǑटकȧ ओएस(Contiki OS) जैसेऑपरेǑटंगͧसèटमकोǒबजलȣ
कȧ खपतकोÚयानमɅ रखतेहुएͫडजाइनͩकयागयाहै।इसͧलए, येऑपरेǑटंगͧसèटमͪवͧभÛन
संसाधनɉ औरपृथकहाड[वेयरकोइसतरहसेĤबंͬधतकरतेहɇ ͩकपूरेͧसèटमɮवाराखपतǒबजलȣ
Ûयूनतमरखीजातीहै।ऑपरेǑटंगͧसèटमकȧ एकदूसरȣ ĮेणीिजससेआपमɅ सेकईपǐरͬचतहो
सकते हɇ वह मोबाइल ऑपरेǑटंग ͧसèटम या मोबाइल ओएस (OS) है।
इसͧलए, इनमɅ सेएंĜॉइड(android), आईओएस(IOS), उबंटूटच(Ubuntu touch) औरͪवंडोजटच
(Windows touch) हɇ।इसͧलए, एàबेडेडओएस(embedded OS’s) जैसेइनऑपरेǑटंगͧसèटमको
यहसुǓनिæचतकरनेकेͧलएͫडज़ाइनͩकयागयाहैͩकͫडवाइसɮवाराखपतकȧ गईशिÈतÛयूनतम
रहे।तोउदाहरणकेͧलए, येऑपरेǑटंगͧसèटमइसतरहसेͫडज़ाइनͩकएगएहɇ, ताͩकआपके
मोबाइलफोनकाबैटरȣ चाज[ अͬधकतमसमयतकबढ़ायाजासके।इसͧलए, मोबाइलओएस(OS)
कȧ तरहिजसकाहमनेयहांउãलेखͩकयाहैͩकइसपहलूमɅ एàबेडेडऑपरेǑटंगͧसèटम( embedded
operating system) जैसे ͩक कंǑटकȧ ओएस (Contiki OS) के साथ काफȧ समानताएं हɇ।
हालांͩक, एàबेडेडओएस(embedded OS’s) केͪवपरȣतमोबाइलऑपरेǑटंगͧसèटम(mobile
operating system) कोकुछͪवशेषउपकरणɉ काÉयालरखनेकȧ भीआवæयकताहै।उदाहरणकेͧलए
मॉनीटरयाएलसीडीèĐȧनऔरकȧ-पैडस (key pads)।दूसरेशÞदɉ मɅ, मोबाइलओएसमɅ
उपयोगकता[/यूजरइंटरैÈशन(user interaction) भीहोताहैजोआमतौरपरएàबेडेडओएस
(embedded OS’s) मɅ मौजूद नहȣं होता है।
एकतीसराĤकारकाऑपरेǑटंगͧसèटमआरटȣओएस(RTOS) यारȣयलटाइमऑपरेǑटंगͧसèटम
(Real Time Operating Systems) है।इसͧलए, इनमɅ सेउदाहरणÈयूएनएÈस(QNX), वीएÈसवÈस[
(VxWorks) औरआरटȣ ͧलनÈस(RT Linux) हɇ।इसͧलए, इनऑपरेǑटंगकाउपयोगमह×वपूण[
ͧसèटममशीनअनुĤयोगɉ/ऍिÜलकेशÛस(applications) मɅ ͩकएजातेहɇ जहांसमयबहुतमह×वपूण[
है।उदाहरणके ͧलए, रॉकेट, ऑटोमोबाइलयापरमाणुसंयंğ जैसेकईमशीनमह×वपूण[
अनुĤयोगɉ/ऍिÜलकेशÛस(applications) मɅ, जहाँकंÜयूटरͧसèटमɮवाराएकͪवशेषऑपरेशनकरने
मɅ देरȣ आपदा-जनकहोगी।इसͧलए, इनआरटȣओएसकोइसतरहसेͫडजाइनͩकयागयाहैͩक
ͧसèटम पर हर मह×वपूण[ ऑपरेशन ǓनǑद[çट समय के भीतर पूरा होने कȧ गारंटȣ है।
ऑपरेǑटंगͧसèटमकाएकऔरवगȸकरणिजसेसुरͯ¢तवातावरणकेͧलएउपयोगमɅ लायाजाताहै;
तो, इनमɅ सेउदाहरणहɇ SeLinux औरSeL4।इसͧलए, येऑपरेǑटंगͧसèटमͪवशेषǾपसेउन
अनुĤयोगɉ/ऍिÜलकेशÛस (applications) के ͧलए उपयोग ͩकए जाते हɇ जहां सुर¢ा बेहद मह×वपूण[ है।
इसͧलए, उदाहरणकेͧलएयहउनवेबसव[रɉ (web servers) केͧलएहोसकताहैजोबɇͩकंगसॉāटवेयर
होèट/Ĥदͧश[त(host) करतेहɇ औरइसीतरह।इसͧलए, ऑपरेǑटंगͧसèटमकȧ अÛयĮेͨणयांिजनसे
आपकाफȧ पǐरͬचतहɇ, वेसव[रऔरडेèकटॉपकेͧलएउपयोगͩकएजातेहɇ, जैसेͩकरेडहैट(Redhat),
उबंटू(Ubuntu) औरͪवंडोजसव[रओएस(Windows Server OS) हɇ , जबͩकडेèकटॉपऑपरेǑटंग
ͧसèटमउदाहरणकेͧलएमैक(Mac), ͪवंडोज(Windows) औरउबंटू(Ubuntu) हɇ।इसͧलए, हालांͩक
इनदोऑपरेǑटंगͧसèटमɉ मɅ कईͪवशेषताएंहɇ जोसमानहɇ, होसकताहैͩक, िजसतरहसेओएस
(OS) इसपरचलरहेͪवͧभÛनअनुĤयोगɉ/ऍिÜलकेशÛस(applications) काĤबंधनकरताहै, उसमɅ
कुछ अंतर हो सकते हɇ।"
2,12,(èलाइड समय का संदभ[ लɅ: 20:54),"इसकोस[ केͧलएहमिजसऑपरेǑटंगͧसèटमकाअÚययनकरɅगे, वह‘एÈसवी6 ओएस’ (XV6 OS)
हैिजसेͪवशेषǾपसेͧश¢णउɮदेæयɉ केͧलएएमआईटȣ (MIT) ɮवाराͫडजाइनͩकयागयाहै।तो,
XV6 ओएस(OS) छोटा, अÍछȤ तरहसेĤलेͨखतऔरसमझनेमɅ आसानहै।इसकेअलावा, XV6 को
यूǓनÈससंèकरण6 (UNIX version 6) केसमानǑदखनेकेͧलएͫडज़ाइनͩकयागयाहै।तो, इसका
अथ[ यहहैͩकिजसतरहसेXV6 ͫडज़ाइनͩकयागयाहैयहहैͩकयूǓनÈस(UNIX ) जैसेऑपरेǑटंग
ͧसèटमजैसेͧलनÈसकैसेकामकरतेहɇ? इसͧलए, XV6 कोसमझनाआपकोͧलनÈस(Linux) जैसे
अÛय आधुǓनकतम ऑपरेǑटंग ͧसèटम के बारे मɅ अÍछȤ जानकारȣ देगा।
धÛयवाद।"
3,0,,"ऑपरेǑटंग ͧसèटम का पǐरचय
Ĥोफेसर चेèटर रेबेरो
कंÜयूटर ͪव£ान और इंजीǓनयǐरंग ͪवभाग
भारतीय Ĥौɮयोͬगकȧ संèथान, मġास
सÜताह - 01
åयाÉयान - 02
पीसी हाड[वेयर (PC Hardware)
नमèकारऑपरेǑटंगͧसèटमकैसेकामकरताहैͩकयहबहुतसेरेखांͩकतहाड[वेयरपरǓनभ[रकरता
है।अǓनवाय[ Ǿपसे, जैसाͩकहमनेͪपछलेवीͫडयोमɅ देखाथा, ऑपरेǑटंगͧसèटमहाड[वेयरकेĤबंधन
काĤभारȣ है।तो, इससेपहलेͩकहमआगेबढ़Ʌ, एकऑपरेǑटंगͧसèटमकैसेकामकरताहैऔर
ओएसकैसेकामकरताहै? आइएपीसीPC हाड[वेयरकेबारेमɅ एकसंͯ¢ÜतपृçठभूͧमलɅ।अǓनवाय[
Ǿप से हम देखɅगे ͩक कंÜयूटर हाड[वेयर कैसे ͫडज़ाइन ͩकया गया है?"
3,1,(èलाइडसमय का संदभ[ लɅ: 00:50),"तो, हमजानतेहɇ ͩकͩकसीभीͧसèटमकाǑदलसीपीयू(CPU) है; औरसीपीयूकईउपकरणɉ जैसे
वीजीएकाड[ (VGA card), एकहाड[ ͫडèक(Hard Disk), एककȧबोड[ (keyboard), रैमRAM,
माउस(mouse) इ×यादȣ सेइंटरफेसͩकयागयाहै।अब, इनसभीउपकरणɉ कोएकĤोसेसरकेसाथ
काम करने के ͧलए - Èया आवæयक है, वह पते/एĜेस (addresses) हɇ।"
3,2,(èलाइडसमय का संदभ[ लɅ: 01:19),"अǓनवाय[ Ǿपसे, ͧसèटममɅ Ĥ×येकͫडवाइसकाएकअनूठापता/ एĜेसहोगा।औरयहसुǓनिæचत
ͩकयाजाताहैͩकͧसèटममɅ दोͫडवाइसɉ काएकहȣ एĜेसनहȣंहोगा।उदाहरणकेͧलए, हमारेपास
हाड[ ͫडèकहोगीजोपताĮेणी(address range) 0x1f0 से0x1f7 तकमौजूदहै।तो, इसकामतलब
यहहैͩकजबĤोसेसरअपनीएĜेसबस(address bus) परएकएĜेसभेजताहै, तोहाड[ ͫडèकयह
पहचानलेगीͩकपता/ एĜेस(address) इसͪवशेषसीमाकेभीतरहैऔरइसͧलए, यहजवाबदेगा।
अÛयसभीͫडवाइसĤोसेसरबस(processor bus) परउसͪवशेषèथानांतरणकोअनदेखाकरदɅगे,
ÈयɉͩकयहअपनीͪवशेषपतासीमामɅ नहȣंआताहै।उदाहरणकेͧलए, यǑदĤोसेसरपता1f2 डालता
है, तोकेवलहाड[ ͫडèकĤǓतͩĐयादेगी।Èयɉͩक0x1f2 हाड[ ͫडèककȧ इसͪवशेषसीमाकेभीतर
आताहै।इसͧलए, यǑदआपमाउस(mouse) कȧ तरहकुछऔरदेखतेहɇ, िजसमɅ 0x60 से0x6f कȧ
पता सीमा है, तो यह Ĥोसेसर अनुरोध का जवाब नहȣं दे रहा है।"
3,3,(èलाइडसमय का संदभ[ लɅ: 02:47),"अबͧसèटममɅ, 3 ĤकारकेएĜेͧसंग(addressing) होतेहɇ िजनकाआमतौरपरउपयोगͩकयाजाता
है।एककोमेमोरȣ एĜेͧसंग(memory addressing) कहाजाताहै, अगलाआईओएĜेस(IO
addressing) है, औरतीसरामेमोरȣ मैपडआईओएĜेसएज़(Memory Mapped IO Addresses)
हɇ। इसͧलए, हम इन सभी Ĥकार के पते को ͪवèतार से देखɅगे।"
3,4,(èलाइडसमय का संदभ[ लɅ: 03:10),"तो, आइएमेमोरȣ पतɉ/मेमोरȣ एĜेसएज़(memory addresses) सेशुǾ करɅ।इसͧलए, èमृǓतपते
(memory addresses), औरअͬधकांशĤणाͧलयɉ मɅ इसतरहकेमेमोरȣ पतेकȧ बड़ीमाğाहोगी
याǓनकȧ रैम(RAM) कोसंबोͬधतकरनेकेअनुǾप।रैम(RAM) मɅ Ĥ×येकमेमोरȣ इकाईकोएक
अɮͪवतीयपताǑदयाजाताहै।उदाहरणकेͧलए, 32 ǒबɪसकेसाथएकͪवͧशçटइंटेल(Intel)
ͧसèटममɅ एकरैम(RAM) अͬधकतम2 पावर32 परआकारकाहोसकताहैजोएक32 ǒबट
Ĥोसेसरवालाइंटेल(Intel) ͧसèटमहैिजसमɅ अͬधकतम2 पावर32 या4 गीगाबाइट(gigabyte)
रैम(RAM) होसकताहै।इसͧलए, इसरैममɅ Ĥ×येकèमृǓतइकाईकाएकअɮͪवतीयपताहै।तो,
यहèमृǓतइकाईएकबाइट(byte) केǾपमɅ छोटȣ होसकतीहै, याकुछĤणाͧलयɉ मɅ यहएकशÞदहो
सकताहैͩकयह16 ǒबɪस(bits) या32 ǒबɪस(bits) होसकताहै।अब, यहरैमकैसेउपयोगͩकया
जाताहै? इसͧलए, अǓनवाय[ ǾपसेरैमकोइसͪवशेषतरȣकेसेकॉिÛफ़गरͩकयागयाहैजैसाͩक
यहांǑदखायागयाहै, औरयहकॉिÛफ़गरेशनͪवशेषǾपसेआईबीएमपीसी(IBM PC) संगत
इंटेल(Intel) मशीनɉ के ͧलएहै।इसͧलए, जैसाͩकमɇनेउãलेखͩकयाहै, इसरैम(RAM) मɅ
रैम(RAM) केĤ×येकभागतकपहुंचनेकेͧलएपतेहɇ औररैम4 गीगाबाइट(gigabyte) िजतनाबड़ा
होसकताहै।0x0 से640 KB केपतेहेÈसाडेͧसमल(hexadecimal) मɅ दशा[एगएहɇ, इसकेबाद
0000 कोǓनàनèमृǓत/लोमेमोरȣ (low memory) केǾपमɅ जानाजाताहै।इसͧलए, इसͪवशेष
èमृǓतमɅ 8086, 8286 जैसेͪवरासतकंÜयूटरɉ मɅ उपयोगͩकयागयाथाऔरइसीतरह।इसͧलए,
एमएसडॉस(MS-DOS) जैसेपुरानेऑपरेǑटंगͧसèटमइसͪवशेषकममेमोरȣ काउपयोगकरɅगे।तो,
640 केबी(kb) से768 केबी(kb) तकइसकममेमोरȣ केऊपर, सभीपतेवीजीएͫडèÜले(VGA
display) सेसंबंͬधतहɉगे।तो, ͩफरसेयहएकͪवरासतमुɮदाहै, जहांèमृǓतमɅ यहͪवशेष¢ेğ
वीजीएͫडèÜलेकेअनुǾपहोगा।इसकामतलबयहहैͩकइसͪवशेष¢ेğ मɅ रखेगएͩकसीभीASCII
वणɟ कोवीͫडयोकाड[ ɮवाराͧलयाजाएगाऔरइसेèĐȧनपरĤदͧश[तͩकयाजाएगा।768 केबी(kb)
से960 केबी(kb) ¢ेğ को16 ǒबट(bit) ͪवèताररोमकेǾपमɅ जानाजाताथा, इसͧलएयेͪवरासत
कंÜयूटरɉ मɅ ͪवरासतपहलेभीमौजूदथे।औरयहहरͫडवाइससेसंबंͬधतहैजोĤयोगͩकयाजाताहै।
अǓनवाय[ Ǿपसे, शुǽआतीअèसी(80’s) केदशककȧ शुǽआतमɅ कंÜयूटरकȧ ͪपछलȣ पीǑढ़यɉ मɅ,
नÞबे(90’s) केदशककȧ शुǽआतमɅ, कंÜयूटरसेजुड़ेउपकरणɉ कोͪवèताररोम(ROM) केǾपमɅ
जानाजाताथा, एकरोम(ROM) केवलपढ़नेकȧ मेमोरȣ (memory) हɇ।औरइनरोमɉ(ROM’s) को
एÈसेसͩकयाजासकताहैयाबिãकइनरोम(ROM) कोइसͪवशेषèमृǓत¢ेğ मɅ संबोͬधतͩकया
जासकताहै।अबहमारेͧलएमह×वपूण[ Èयाहैऔरवत[मानइंटेलͧसèटममɅ हमजोभीउपयोग
करतेहɇ, हमडेèकटॉपऔरलैपटॉपकेͧलएउपयोगकरतेहɇ, यहͪवशेष¢ेğ 960 केबी(kb) से1
एमबी(mb) तकहै।तो, यहवहजगहथीजहांबीआईओएस(BIOS) रहताहै।इसͧलए, आपमɅ से
कईजानतेहɉगे, बीआईओएस(BIOS) मूलइनपुटआउटपुटͧसèटमहै; औरयहकेवलएकèमृǓतहै
जोआपकेͧसèटमपरमौजूदहै।औरयहसुǓनिæचतकरताहैͩकआपकाͧसèटमसहȣ ढंगसे
बूट(boot) होऔरयहभीसुǓनिæचतकरताहैͩकऑपरेǑटंगͧसèटमलोड(load) होजाताहै।तो,
रैम(RAM) का¢ेğ, अǓनवाय[ Ǿपसे960 केबी(kb) केनीचेसभीमेमोरȣ पतेआमतौरपरआधुǓनक
ǑदनĤणालȣ मɅ उपयोगनहȣंͩकयाजाताहै।जबͩक960 से1 एमबी(mb) का¢ेğ 960 केबीसे1
एमबी(mb) है, बीआईओएस(BIOS) ɮवाराउपयोगͩकयाजाताहैऔरकेवलͧसèटमके
बूǑटंग(booting) केदौरानउपयोगͩकयाजाताहै।आधुǓनकǑदनĤणालȣ/ͧसèटम(system) मɅ
वाèतवमɅ उपयोगͩकयाजाताहैयह1 एमबी¢ेğ सेऊपरकȧ रैम(RAM) हैजोͪवèताǐरतèमृǓतके
ǾपमɅ जानाजाताहै।औरयहͪवèताǐरतèमृǓततबतकजासकतीहैजबतकͩकͧसèटममɅ रैम
कȧ माğामौजूदनहो।उदाहरणकेͧलए, यǑदआपकेपास4 गीगाबाइट(gigabyte) रैम(RAM) या8
या16 गीगाबाइट(gigabyte) रैम(RAM) हैतोयहͪवèताǐरतèमृǓतउसͪवशेष¢ेğ तकबढ़ेगी।इस
रैम¢ेğ केऊपरवालेǑहèसɉ यापतेआमतौरपरअĤयुÈतहɉगे।इसͧलए, जैसाͩकहमबादकेवगɟ
मɅ देखɅगे, इसͪवशेषपाɫयĐममɅ, हमदेखɅगेͩकऑपरेǑटंगͧसèटमइस1 एमबी¢ेğ सेकैसेशुǾ
होताहै।हमयहभीदेखɅगेͩकऑपरेǑटंगͧसèटमकोबूटकरनेकेͧलएBIOS काउपयोगकैसेͩकया
जारहाहै।अब, जैसाͩकहमजानतेहɇ ͩकइसͪवशेषरैमकाउपयोगउनअनुĤयोगɉ केͪवͧभÛन
पहलुओंकोभीकरनेकेͧलएͩकयाजाताहैिजÛहɅ हमǓनçपाǑदतकरतेहɇ।उदाहरणकेͧलए, कोड
सेगमɅटयाआपकेɮवाराǓनçपाǑदतĤोĒाममɅ मौजूदǓनदȶश, ढेर, ढेरकेसाथ-साथऑपरेǑटंग
ͧसèटमइसͪवशेषèमृǓतमɅ रहतेहɇ।अǓनवाय[ ǾपसेवेसभीइसͪवèताǐरतèमृǓतभागसेऊपर
रहɅगे।"
3,5,(èलाइडसमय का संदभ[ लɅ: 09:41),"अगलाĤकारकाएĜेͧसंगआईओपते(IO addressing) है।अǓनवाय[ Ǿपसे8086 और8088 और
8286 जैसेͪवरासतकंÜयूटरɉ मɅ, उपकरणɉ केͧलएएकअलगèमृǓत¢ेğ था।आईओͫडवाइस(IO)
जैसेकȧबोड[, चूहɉ, हाड[ ͫडèकऔरĤोĒामेबलइंटरÜटǓनयंğकजैसेअÛयĤोĒामकरनेयोÊयͫडवाइस
मैपͩकएजासकतेहɇ।तो, ͪपछलेसंबोधनकेͪवपरȣतहमनेदेखाͩकèमृǓतमेमोरȣ है, इसͧलए
आईओएĜेͧसंग(IO addressing) 0 सेकेवल2 पावर16 ऋण1 (2​16​-1) होसकतीहै।तो, यह
लगभग64 ͩकलोबाइɪस(kilobytes) हैऔरआईबीएमपीसी(IBM PC) मानकयहपǐरभाͪषत
करेगाͩकइनएĜेसएज़काÈयाउपयोगहै? इसͧलए, आईबीएमपीसी(IBM PC) मानक, एक
मानकहैिजसेͪवशेषǾपसेडेèकटॉपͧसèटमऔरकुछǓनिæचतसव[रजैसेͧसèटमͪवकͧसतकरने
केͧलएͩकयागयाथा, औरइनमानकɉ नेबतायाͩकͩकसआईओपतेमɅ कौनसेͫडवाइसमौजूद
होनाचाǑहए।उदाहरणकेͧलए, यहउãलेखकरताहैͩककȧबोड[ 60 से6एफ(6F) केबीचउपिèथत
होनाचाǑहए।तो, आईओपता- 60 से6एफ(6F) ।इसीतरह, डीएमएǓनयंğक(DMA controller)
सी0 सेडीएफ(C0 to DF) तकउपिèथतहोगा।तो, एससीएसआई(SCSI) याहाड[ ͫडèकजैसीअÛय
चीजɅ - आपकेͧसèटममɅ मौजूदएकĤाथͧमकहाड[ ͫडèक1f0 से1f7 तकमौजूदहोगी।इसͧलए, इस
तरह, ͧसèटममɅ कईउपकरणɉ केबहुतͪवͧशçटपतेथे।तो, इसतरहकेएकͪवǓनदȶशकेउपयोगका
ÈयाउपयोगहैͩकहमसंगतताĤाÜतकरतेहɇ।तो, अबभीजबआपअपनेलैपटॉपयाअपने
डेèकटॉपपीसीकोबूट(boot) करतेहɇ, जोइंटेलͧसèटम(Intel system) याएएमडीͧसèटम(AMD
system) है, तोBIOS कईचीजɉ कȧ अपे¢ाकरेगाजैसेͩकयहउàमीदकरेगाͩकएककȧबोड[ हैजो
आपकेͧसèटमसेजुड़ाहुआहैऔरकȧबोड[ मौजूदहैयाबिãककुंजीपटल60 से6F पतेकेͧलए
कȧबोड[ उपलÞधहै।इसीĤकार, यहĤोĒामकȧ तरहअÛयचीजɉ कȧ अपे¢ाकरेगा।आईओपते(IO
addresses) 20 से3F पतेपरएकĤोĒामकरनेयोÊयइंटरÜट(interrupt) Ǔनयंğकमौजूदहोगा।
अǓनवाय[ Ǿपसे, आधुǓनकĤणाͧलयɉ मɅ भीजोभीबनाएरखाजाताहैवहपुरानेकंÜयूटरɉ केͧलए
ͪपछलȣ संगतताहै िजसकाहमनेउपयोगͩकयाथा।इसͧलए, मेमोरȣ एĜेͧसंग(memory
addressing) जैसाͩकहमयहांǓनǑद[çटहɇ, भलेहȣ इसमɅ सेबहुतकुछͪवरासतहैऔर80 केदशक
और90 केदशकमɅ काफȧ कुछउपयोगͩकयागयाथा, अबभीइंटेल(Intel) औरआईबीएम(IBM)
ͪपछलȣ संगतताकापालनकरतेथे।हमारेलैपटॉपऔरडेèकटॉपकेͧलएहमिजनĤणाͧलयɉ का
उपयोगकरतेहɇ, वेअभीभीइसͪवशेषपदानुĐमकापालनकरतेहɇ।अबएकसमèया, िजसेइस
ĤकारकेआईओएĜेͧसंग(IO addressing) केसाथदेखागयाथा, अनुमǓतकȧ सीͧमतसीमाकȧ
सीͧमतराͧशथी? इसͧलए, उदाहरणकेͧलएयहांहमारेपास64 केबी(kb) पतेमौजूदथेजो
उपिèथतहोसकतेथे।तो, इसकामतलबहैͩकआईओ(IO) पतेकेमाÚयमसेइसĤणालȣ सेजुड़े
उपकरणɉ कȧ संÉया सीͧमत थी।"
3,6,(èलाइडसमय का संदभ[ लɅ: 13:53),"इसकाͪवèतारकरनेकेͧलए, िजसकाइèतेमालͩकयागयाथा, उसेमेमोरȣ मैपडआईओ(memory
mapped IO ) केǾपमɅ जानाजाताथा।इसͪवशेषमेमोरȣ मैपडआईओ(memory mapped IO )
मɅ, ͩफरहाड[वेयरͫडवाइसकनेÈटहोजाएंगेयाͩफरमेमोरȣ मɅ ¢ेğɉ मɅ मैपͩकएजाएंगे।इसͧलए,
जैसाͩकहमनेपहलेदेखाहै, ͧसèटमकȧ रैम(RAM) यारɇडमएÈसेसमेमोरȣ(random access
memory) कोèथान0 सेसंबोͬधतͩकयाजाएगाऔररैम(RAM) केअंततकऊपरतकबढ़ाया
जाएगा।तो, आमतौरपरशुǽआतीऔरनÞबेके आͨखरȣ कȧ Ĥणाͧलयɉ मɅ, हमारेपास256
एमबी(mb), 512 एमबी(mb) याअͬधकतर1 जीबी(gb) रैम(RAM) कȧ तरहकुछहोगा।तो, इसके
ऊपरकȧ जगहअĤयुÈतथी।तो, कौनसेͫडवाइसकरɅगे, ÈयावेèमृǓतकेइसͪवशेषभागमɅ अपने
उपकरणमɅ एकǓनिæचत¢ेğ कोमानͬचǒğतकरɅगे।इसकाअथ[ यहहैͩकजबĤोसेसरèमृǓतकेइस
ऊपरȣ ¢ेğ मɅ एकपताउ×पÛनकरताहैजोèमृǓतकेइसऊपरȣ ¢ेğ मɅ एकउÍचपताहैतोउस
ͪवशेष पते को ͪवͧशçट उपकरण पर Ǔनदȶͧशत ͩकया जाएगा, न ͩक रैम(RAM) के ͧलए।"
3,7,(èलाइडसमय का संदभ[ लɅ: 15:13),"इसͧलए, हमनेͪवͧभÛनपता(address) Įेͨणयांदेखीहɇ िजÛहɅ रैम(RAM) कोआवंǑटतͩकयागयाहै
जैसेकममेमोरȣ ¢ेğ, वहèथानजहांBIOS मौजूदहोनाचाǑहए, वहèथानजहांकȧबोड[, हाड[ ͫडèक
जैसेͪवͧभÛनͫडवाइसऔरइसीĤकारउपिèथतहोनाचाǑहए।अबइनͪवशेषपतेĮेͨणयɉ काफैसला
कौनकरताहै? अǓनवाय[ ǾपसेइनपताĮेͨणयɉ कोमानकɉ ɮवारातयͩकयागयाहैऔरअèसी
औरनÞबेकेͪवरासतकंÜयूटरɉ ɮवाराबहुतĤभाͪवतͩकयागयाहै।तो, आईबीएमपीसी(IBM PC)
मानकएकबहुतĤͧसɮधमानकथा।अǓनवाय[ Ǿपसे, यहͪवशेषमानकसभीकंÜयूटरकेͧलएतय
ͩकयागयाथा, यहͩकसभीåयिÈतगतकंÜयूटरअèसीसेआईबीएमपीसी(IBM PCs) मानकके
साथसंगतहɉगे।ͩफरभीहमारेɮवाराउपयोगͩकएजानेवालेकईͧसèटमजोहमारेइंटेल(Intel)
औरएएमडी(AMD) लैपटॉपके साथ-साथडेèकटॉपभीइसआईबीएमपीसीमानकके ͧलए
पूव[-अनुकूलहɇ।तो, इसआईबीएमपीसीIBM कंÜयूटरमानकयाउसमामलेकेͧलएकारण।एक
मानककȧ आवæयकताÈयɉ थी, यहसुǓनिæचतकरनाथाͩकBIOS औरऑपरेǑटंगͧसèटम
Üलेटफामɟ मɅ पोटȶबलहै।इसͧलए, उदाहरणकेͧलए, अगरमɇ आजएकऑपरेǑटंगͧसèटमͧलखूंगा,
तोमेरेऑपरेǑटंगͧसèटमकोयहपताचलजाएगाͩककȧबोड[ आईबीएमपीसीसंगतĤणालȣ मɅ से
ͩकसीएककेͧलएलोडहोनेकेबावजूदǒबãकुलमौजूदहोनाचाǑहए।इसͧलए, मɇ इसबारेमɅ बहुत
सारȣ धारणाएंकरसकताहूंͩकͧसèटममɅ ͪवͧभÛनͫडवाइसमौजूदहɇ।इसͧलए, इसतरहकेएक
मानकहोनेकेͧलएअǓनवाय[ ǾपसेयहसुǓनिæचतकरनाहोगाͩकसॉÝटवेयरजोहमͧलखतेहɇ
ͪवशेषǾपसेसॉÝटवेयरजोBIOS औरऑपरेǑटंगͧसèटमजैसेहाड[वेयरकेसाथइंटरैÈटकरताहै,
कईअलग-अलगÜलेटफामɟ मɅ पोटȶबलहोगा।िजसतरहसेपतेपरǓनण[यͧलयाजाताहैवहÜलग
औरÜले(plug and play) केǾपमɅ जानाजाताहै।इसͧलए, ÜलगऔरÜलेͫडवाइसमɅ कोई
Ǔनिæचतपताèथाननहȣंहैजैसाͩकहमनेकȧबोड[ यावीजीए, मेमोरȣ जैसीचीजɉ केͧलएदेखाहै।
बिãक, जबͧसèटमबूटहोताहैऔरजबBIOS ǓनçपाǑदतकरनाशुǾ होताहै, तोBIOS ͧसèटममɅ
ͩकसीͪवशेषहाड[वेयरकȧ उपिèथǓतकापतालगाएगा।उदाहरणकेͧलए, BIOS यहपतालगाएगा
ͩकͧसèटममɅ नेटवक[ काड[ मौजूदहै; इसकेबादयहनेटवक[ काड[ सेपूछेगाͩकइसकȧ ͩकतनीमेमोरȣ
कȧ आवæयकताहैऔरͩकसĤकारकȧ मेमोरȣ कȧ आवæयकताहै, चाहेवहआईओमेमोरȣ(IO
memory) यामेमोरȣ एĜेसहो।इसͧलए, इसपरआधाǐरत, BIOS तबउसͪवशेषनेटवक[ काड[ के
ͧलएèमृǓतकाएकǑहèसाआवंǑटतकरेगा।इसͧलए, आवंटनपीसीकेĤ×येकबूट(boot) केͧलएतय
ͩकया जाएगा, लेͩकन दूसरȣ ओर पता बूट मɅ èथान Ĥ×येक बूट(boot) मɅ ͧभÛन होगा।"
3,8,(èलाइडसमय का संदभ[ लɅ: 18:38),"तो, यहͪवशेषèलाइडयहांǑदखातीहैͩकएकसामाÛयपीसीकैसेåयविèथतͩकयाजाताहै।
इसͧलए, हमारेपासͧसèटममɅ कईĤोसेसरमौजूदहोसकतेहɇ।तो, यहयातो1 Ĥोसेसर, 2 Ĥोसेसर,
3 या4 होसकताहै।इसͧलए, यहभीसंभवहोसकताहैͩकइनमɅ सेĤ×येकĤोसेसरकेअंदरकई
मुÉयकोरहɉ; औरĤ×येकमुÉयकोरमɅ 2 या4 धागे(threads) होतेहɇ।अबयेसभीĤोसेसरएक
दूसरेसेजुड़ेहुएहɇ जोĥंटसाइडबस(front side bus) केǾपमɅ जानाजाताहै।इसͧलए, ĥंटसाइड
बसकेसंबंधमɅ सभीĤोसेसरकेबीचहमेशाएकसाझाकरणहोताहै।अबएकमह×वपूण[ ͫडवाइसजो
ĥंटसाइडबससेजुड़ताहैउसेनॉथ[ ǒĦज(North Bridge) याͬचपसेट(chip set) केǾपमɅ जाना
जाताहै।तो, नॉथ[ ǒĦज(North Bridge) केमाÚयमसेèमृǓतकेसाथइंटरफ़ेसहोगाजोमेमोरȣ बस
(memory bus) केǾपमɅ जानाजाताहै; औरयहपीसीआईबस(PCI bus) केसाथभीइंटरफेस
करताहै।तो, पीसीआईबस(PCI bus) परआपकेपास कईͫडवाइसहोसकतेहɇ जैसेईथरनेट
(Ethernet)Ǔनयंğक, यूएसबी(USB) Ǔनयंğक।औरयूएसबी(USB) ǓनयंğकमɅ कईयूएसबी(USB)
ͫडवाइसहोसकतेहɇ, िजÛहɅ आपअपनेडेèकटॉपकेसामनेयापीछेदेखतेहɇ।अबजबआपयहां
देखɅगे, तोयूएसबी(USB) ͫडवाइससंरचनाजैसेपेड़मɅ जुड़ेहुएहɇ।अबपीसीआईबस(PCI bus) मɅ
पदानुĐमकȧ संरचनाभीहै; औरउदाहरणकेͧलएĤ×येकबस, इसमामलेमɅ, पीसीआईबस(PCI
bus) 0 जोउƣरपुलकेसबसेनज़दȣकहै।औरआपकेपासएकपीसीआईबस1 है, जोपीसीआईबस
PCI bus 0 केमाÚयमसेनाथ[ ǒĦज(North Bridge) सेजुड़ाहुआहै।इसͧलए, बस0 औरबस1 के
बीचइंटरफ़ेसपीसीआईसेपीसीआईǒĦज(PCI Bridge) केमाÚयमसेहै।इसकेअलावा, साउथ
ǒĦज(south bridge) केǾपमɅ जानाजाताहैऔरयहपीसीआईबसकेसाथसाउथǒĦज(south
bridge) इंटरफेसहैयाआपएकͪवशेषĤोटोकॉल(protocol) यानाथ[ ǒĦज(North Bridge) केसाथ
एकͪवशेषकनेÈशनहोसकताहैिजसेडीएमआईबस(DMI bus) केनामसेजानाजाताहै।तो,
साउथǒĦज(south bridge) मɅ, पीएस(PS) 2 ͫडवाइस, कȧबोड[, माउस, पीसीèपीकरआǑदजैसे
ͪवͧभÛन ͪवरासत उपकरण जुड़े हुए हɇ।"
3,9,(èलाइडसमय का संदभ[ लɅ: 21:03),"तो, आइएशुǾ करɅ ͩकx86 याIntel x86 Ĥोसेसरकैसेͪवकͧसतहुआ।तो, यहसब8088 Ĥोसेसरया
8088 ĤोसेसरकेसाथशुǾ हुआÈयɉͩकइसेआमतौरपरजानाजाताथा।तो, यहएक16 ǒबट(bit)
माइĐोĤोसेसर(microprocessor) थािजसमɅ 20 ǒबट(bit) बाहरȣ पताबसथी।औरइसͧलए, èमृǓत
के1 एमबी(mb) तककापतालगासकताहै।तो, हमɅ यह1 एमबीअǓनवाय[ Ǿपसे2 पावर20 कैसे
ͧमला, ताͩक2 पावर20, 1 एमबीहो।तो, 8088 केभीतररिजèटर16 (bit)ǒबटकेथे; औरइसे
ͪवͧभÛनĤकारɉ मɅ ͪवभािजतͩकयाजासकताहैजैसेͩकजनरलपप[सरिजèटरस(General
Purpose Registers) जोएएÈस(AX), बीएÈस(BX), सीएÈस(CX) औरडीएÈस(DX) हɇ।हमारे
पासपॉइंटररिजèĚारथेजोèमृǓतमɅ संĒहȣतिèĚंगकोइंͬगतकरनेकेͧलएउपयोगͩकएगएथे,
इसͧलएयेbase pointer, stack index, destination index औरstack pointer थे।इसͧलए,
जैसाͩकहमजानतेहɇ ͩकबेसपॉइंटर(base pointer) काउपयोगèटैकमɅ मौजूदĥेमकोइंͬगत
करनेकेͧलएͩकयाजाताहै, जहांèटैकपॉइंटर(stack pointer) काउपयोगèटैककेनीचेइंͬगत
करनेकेͧलएͩकयाजाताहै।तबहमारेपासǓनदȶशसूचक/इंèĚÈशनपॉइंटर(instruction pointer)
है, जोͩकͩĐयािÛवतͩकयाजारहेǓनदȶशकोइंͬगतकरताहै।औरआपकेपासकोडसेगमɅट(code
segment), èटैकसेगमɅट( stack segment), डीएस(DS) औरईएस(ES) सेगमɅटरिजèटरजैसे
कईसेगमɅटरिजèटरथे।अब, èमृǓतमɅ Ǔनदȶशयाडेटाकोलोडयाèटोरकरनेकेͧलएहम8088
ĤोसेसरÈयाकरɅगे, यहसेगमɅटबेसलेसकताहैजोसेगमɅटरिजèĚारɉ मɅ सेएकहैजोआधारबनाता
है, यहइसेचारबारबाएंèथानांतǐरत/लेÝटͧशÝट( left shift) करसकताहैऔरऑफसेटजोड़ता
है।उदाहरणकेͧलए, ĤोसेसरमɅ èमृǓतसेएकǓनदȶशलानेकेͧलए, सीएस(CS) रिजèटरकाउपयोग
ͩकयाजाएगा।तो, सीएस(CS) रिजèटरकोडसेगमɅट(code segment) केͧलएआधारहोगा।इसे
4 बारलेÝटͧशÝटकरǑदयाजाएगा।औरǓनदȶशकसूचक(instruction pointer) काआईपी(IP)
उसमɅ जोड़ाजाएगा।इसतरह, भलेहȣ रिजèटरɉ काइèतेमाल16bit ǒबटहै, इसͧलएइनमɅ सेĤ×येक
रिजèटड[ सीएस(CS) औरआईपी(IP) 16 bit ǒबटहɇ, ͩफरभीइसे4 bits ǒबɪसɮवाराèथानांतǐरत
करके और आईपी(IP) जोड़कर। 2 पावर 20 मेमोरȣ èथानɉ को संबोͬधत करना संभव था।"
3,10,(èलाइडसमय का संदभ[ लɅ: 23:38),"इंटेल(Intel) ͧसèटममɅ एकबड़ाकदमआयाजब1995 मɅ 80386 काआͪवçकारͩकयागयाथा,
इसͧलएये32 ǒबटमाइĐोĤोसेसर(bit microprocessor) हɇ।तो, इसͪवशेषĤोसेसरमɅ 32 bit ǒबट
बाहरȣ पताबस(address bus) थी।इसͧलए, इसͧलए, यह2 पावर32 मेमोरȣ पतɉ कोसंबोͬधतकर
सकताहै।तो, यह2 शिÈत32 èमृǓतकȧ 4 (gigabyte) गीगाबाइटथी।तो, इसकामतलबयहहैͩक
इसमɅ एकͧसèटममɅ 4 gigabyte गीगाबाइटरैममौजूदहोसकताहै।अब8088 मɅ मौजूद
रिजèĚारɉ कȧ एकहȣ राͧशयहांमौजूदहै, ͧसवायइसकेͩकअबइसे16 bit ǒबटसे32 bit ǒबटतक
बढ़ाǑदयागयाहै, औरइसͪवèतारकेकारणरिजèटरɉ कोईएÈस, ईबीएÈस, ईसीएÈस, ईडीएÈस,
ईबीपी, ईएसआईऔरईडीआई(EAX, EBX, ECX, EDX, EBP, ESI, EDI) कहाजाताहै।कई
औरͪवशेषताएंभीथीं, जैसेसंरͯ¢तऑपरेǑटंगमोडकेसाथ-साथआभासीऔरͪवभाजनयोजनाएं,
जोमौजूदथीं।इसͧलए, एकबातआपकोनोǑटसहोगीͩकसभीरिजèटर32 तकबढ़ाǑदएगएथे,
सेगमɅटरिजèĚार(segment registers) 16 bit ǒबटपरजारȣ रहे।अबइंटेल(Intel) नेसुǓनिæचत
ͩकयाͩकभलेहȣ हमने16 ǒबटĤोसेसरसे32 ǒबटĤोसेसरमɅ िèवचͩकयाहो, ͩफरभीपुराने8088
ͧसèटमकेसाथͪपछड़ेसंगतताकोबनाएरखागयाथा।इसकामतलबयहथाͩकͩकसीभी
सॉÝटवेयरजो8088 या8086 ĤोसेसरमɅ ͧलखागयाथा, ǒबनाͩकसीसमèयाके80386 मɅ चला
जाएगा।यहसुǓनिæचतकरनेकेͧलए, भलेहȣ रिजèटरɉ को16 bit ǒबटसे32 bit ǒबटतकबढ़ाया
गयाहो, ͩफरभीĤोĒामरिजèटरɉ तकपहुंचसकतेहɇ जैसेͩकवेकेवल16 ǒबटउपलÞधथे।उदाहरण
केͧलए, एएÈस, बीएÈस, सीएÈस, डीएÈस(AX, BX, CX, DX) ͪवèताǐरतरिजèटरɉ केǓनचले
Ǒहèसेतकपहुंचजाएगाजो0 रिजèटरसे0 से15 तककेǒबट(bit) हɇ।तो, 80386 ĤोसेसरमɅ यह
ͪवशेष सुͪवधा, 486 पɅǑटयम पर आगे ले जाया गया, और इसी तरह।"
3,11,(èलाइडसमय का संदभ[ लɅ: 26:10),"अबहालहȣ मɅ 2003 मɅ, x86 ĐमागतउÛनǓत(Evolutions) मɅ अगलाबड़ाकदमहुआथा।तो, यह
तबथाजबएएमडी(AMD) केK8 कोपेशͩकयागयाथा।तो, यहK8 एक32 bit ǒबटĤोसेसरसे
64 ǒबटĤोसेसरमɅ èथानांतǐरतहोगया।नतीजतन, रिजèटरɉ कोͪवèताǐरतरिजèटरɉ केǾपमɅ
जानाजाताथाऔर32 bit ǒबटथे, जहांअब64 bits ǒबɪसतकबढ़ाǑदयागयाहै।इसͧलए, EAX
ईएÈसरिजèटरिजसेपहले80386 जैसे32 bit ǒबटÜलेटफामɟ मɅ जानाजाताथा, कोअब
आरएएÈस(RAX) रिजèटरकहाजाताथा, जोअǓनवाय[ Ǿपसे64 bit ǒबटकेͧलएथा।इसͧलए,
इसतरहअÛयरिजèटरɉ को64 bit ǒबटतकबढ़ाǑदयागयाथा।इसͧलए, 32 से64 तकͪवèतार
करनेकेबावजूद, Intel इंटेलऔरएएमडी(AMD) कंपǓनयांͪपछलȣ संगततासुǓनिæचतकरतीहɇ ͩक
8088 मɅ ͧलखागयाएककाय[ĐमअभीभीकुछपǐरिèथǓतयɉ मɅ 64 bit ǒबटÜलेटफ़ॉम[ मɅ भीचलाने
मɅ स¢म होगा। धÛयवाद।"
4,0,,"ऑपरेǑटंग ͧसèटम का पǐरचय
Ĥोफेसर चेèटर रेबेरो
कंÜयूटर ͪव£ान और इंजीǓनयǐरंग ͪवभाग
भारतीय Ĥौɮयोͬगकȧ संèथान, मġास
सÜताह - 01 åयाÉयान - 03
ĤोĒाम से ĤͩĐयाओं तक
हैलो। आज कȧ क¢ा मɅ हम Ĥोसेसेज (Processes) नामक एक ऑपरेǑटंग अवधारणा के ͧलए बहुत
संͯ¢Üत पǐरचय दɅगे।"
4,1,(èलाइडसमय का संदभ[ लɅ: 00:23),"इसͧलए, िजन ͪवषयɉ को हम कवर करɅगे, वे ĤोĒाम से Ĥोसेस, मेमोरȣ मैÜस, ͧसèटम कॉल, फाइãस और
अǓनवाय[ Ǿप से ऑपरेǑटंग ͧसèटम (Operating System) कȧ संरचना से हɇ।"
4,2,(èलाइडसमय का संदभ[ लɅ: 00:37),"सी (C) मɅ ͧलखे गए इस ͪवशेष काय[Đम पर ͪवचार करɅ। इसͧलए, यह ĤोĒाम èĐȧन पर ""हैलो वãड["" ͪĤंट
करता है। इस काय[Đम को संकͧलत करने और चलाने के ͧलए, हमɅ पहले जीसीसी (gcc) जैसे कंपाइलर
(compiler ) का उपयोग करने कȧ आवæयकता है और इस मामले मɅ सी (C) कोड का नाम जैसे हैलो डॉट
सी ǓनǑद[çट करɅ और हमɅ Èया ͧमलेगा जो कȧ Ǔनçपादन योÊय है, इस मामले मɅ इसे a dot out कहा जाता
है। यह Ǔनçपादन योÊय हाड[ ͫडèक पर संĒहȣत है। इस ͪवशेष काय[Đम को चलाने के ͧलए हम एक कमांड
ǓनǑद[çट करते हɇ जैसे डॉट èलैश एक डॉट आउट (dot slash a dot out) और इसके पǐरणामèवǾप रैम
(RAM) मɅ एक ĤͩĐया बनाई जा रहȣ है। इसͧलए, यह ĤͩĐया अǓनवाय[ Ǿप से - Ǔनçपादन के तहत एक
ए डॉट आउट (a dot out) ĤोĒाम है, जो रैम (RAM) मɅ मौजूद है।"
4,3,(èलाइडसमय का संदभ[ लɅ: 01:18),"इसे औपचाǐरक Ǿप से पǐरभाͪषत करने के ͧलए, एक ĤͩĐया Ǔनçपादन के तहत एक ĤोĒाम है िजसे रैम
(RAM) से ǓनçपाǑदत ͩकया जाता है और अǓनवाय[ Ǿप से Ǔनçपादन योÊय Ǔनदȶश, èटैक (Stack), हȣप
(Heap) और एक Ǔछपे हुए खंड िजसे èटेट (State) के Ǿप मɅ जाना जाता है। इसͧलए, यह èटेट (State)
वाèतव मɅ ऑपरेǑटंग ͧसèटम ɮवारा बनाए रखा जाता है और इसमɅ रिजèटरɉ, खुलȣ फाइलɉ कȧ सूची,
ĤͩĐया, संबंͬधत ĤͩĐयाओं कȧ सूची इ×याǑद जैसी ͪवͧभÛन चीजɅ शाͧमल हɇ .. इसͧलए, आज कȧ क¢ा मɅ
हम इस ͪवशेष ĤͩĐया के बारे मɅ ͪवèतार से देखɅगे और यह कैसे Ĥबंͬधत ͩकया जाता है।"
4,4,(èलाइडसमय का संदभ[ लɅ: 01:55),"तो, आइए हम एक बहुत हȣ सरल उदाहरण लɅ। तो, यह एक काय[Đम है और यह एक ऐसी ĤͩĐया है िजसे
इस ĤोĒाम को ǓनçपाǑदत करते समय बनाया जाता है। अब इस ĤͩĐया मɅ उदाहरण के ͧलए ͪवͧभÛन
अनुभाग हɇ, इसमɅ टेÈèट (text), डेटा (data), हȣप (Heap) और èटैक (stack) है। अब इस काय[Đम के
ͪवͧभÛन Ǒहèसɉ को ǓनçपाǑदत करते समय ĤͩĐया के ͪवͧभÛन वगɟ मɅ मैप ͩकया जाता है। उदाहरण के
ͧलए, फ़ंÈशन मेन (main) मɅ शाͧमल Ǔनदȶशɉ जैसे सभी Ǔनदȶश ĤͩĐया के टेÈèट सेÈशन मɅ मैप ͩकए
जाएंगे। इसी Ĥकार, अÛय फ़ंÈशंस जैसे यहां पर फैÈट फ़ंÈशन (fact function) इसमɅ शाͧमल Ǔनदȶशɉ को
टेÈèट सेÈशन मɅ मैप ͩकया जाएगा। अब वैिæवक/Êलोबल डेटा (global data) और िèथर डेटा (static
data) ĤͩĐया के डेटा खंड मɅ मैप हो जाता है। इसͧलए, यह खंड वाèतव मɅ दो भागɉ मɅ बांटा गया है जहां
Ĥारंͧभक और गैर-Ĥारंͧभक खंड कहा जाता है। तीसरा खंड ढेर/हȣप (heap) है, अब ͩकसी भी गǓतशील Ǿप
से आवंǑटत èमृǓत जैसे ͩक एम (m) जो ͩक गǓतशील Ǿप से आवंǑटत ͩकया जाता है, malloc का उपयोग
करके हȣप (heap) मɅ बनाया जाता है। अब अंǓतम खंड को èटैक (stack) कहा जाता है, िजसमɅ सभी
èथानीय चर जैसे एन(n) और एम(m) और फ़ंÈशन आमंğण के बारे मɅ जानकारȣ शाͧमल है। उदाहरण के
ͧलए, इस मामले मɅ हमारे पास एक पुनरावतȸ फंÈशन (recursive function) है िजसे बुलाया जा रहा है।
तो, यह सारȣ जानकारȣ èटैक (stack) मɅ मौजूद है। अब, सभी वगɟ वालȣ ĤͩĐया के मेमोरȣ मैप मɅ MAX
SIZE नामक अͬधकतम सीमा है। इसͧलए, आम तौर पर कम से कम उन ĤͩĐयाओं मɅ जो सामाÛय
ऑपरेǑटंग ͧसèटम मɅ इन Ǒदनɉ उपयोग ͩकए जाते हɇ, यह MAX SIZE ओएस (OS) ɮवारा तय ͩकया जा
रहा है। उदाहरण के ͧलए 32 ǒबट ͧलनÈस (32 bit LINUX) ऑपरेǑटंग ͧसèटम मɅ, Ĥ×येक ĤͩĐया का
MAX SIZE 0xc पर 0000000 पर तय ͩकया जाता है। Xv6 ऑपरेǑटंग ͧसèटम मɅ हम इस कोस[ के
ͧलए देख रहे हɇ, एक ĤͩĐया का MAX SIZE पता 0x80000000 पर तय ͩकया गया है ।"
4,5,(èलाइडसमय का संदभ[ लɅ: 04:07),"तो, हमने जो देखा था वह यह है ͩक यǑद Ĥ×येक ĤͩĐया, एक ĤोĒाम जो Ǔनçपादन के तहत एक ĤोĒाम
है, उस ¢ेğ मɅ मैप हो जाता है जो 0 से शुǾ होता है और MAX आकार पर समाÜत होता है। तो, ĤͩĐया के
इस MAX आकार से परे Èया मौजूद है? इसͧलए, आमतौर पर कनȶल (kernel) या ऑपरेǑटंग ͧसèटम
मेमोरȣ ¢ेğ मɅ MAX SIZE से अͬधकतम सीमा तक मैप ͩकया जाता है।
पूरȣ बात, जैसे टेÈèट (Text) अथा[त् ऑपरेǑटंग ͧसèटम के Ǔनदȶश, ऑपरेǑटंग ͧसèटम डेटा (operating
system data), ओएस हȣप (OS heap) और ͫडवाइस मेमोरȣ भी (Device memory) ओएस (OS) के
इस ऊपरȣ ¢ेğ मɅ मैप हो जाता है। इसͧलए, आम तौर पर कोई भी उपयोगकता[ ĤोĒाम इस Ǔनचले ¢ेğ के
ͩकसी भी Ǒहèसे तक पहुंच सकता है जो यहां पर हरा ¢ेğ है। इसͧलए, इन वगɟ मɅ से ͩकसी भी डेटा से
वाèतव मɅ डेटा पढ़ने या इन वगɟ के Ǒहèसɉ मɅ डेटा ͧलखने मɅ कोई समèया नहȣं होगी। लेͩकन, हालांͩक,
ĤͩĐया कनȶल (kernel) मेमोरȣ मɅ मौजूद ͩकसी भी डेटा तक नहȣं पहुंच सकती है जो अͬधकतम MAX
आकार सीमा से अͬधक है। हालांͩक, इस ऊपरȣ ¢ेğ से ǓनçपाǑदत कनȶल (kernel) या ऑपरेǑटंग ͧसèटम
उस ¢ेğ के ͩकसी भी Ǒहèसे से डेटा तक पहुंच सकता है, जो यह इस कनȶल ¢ेğ के साथ-साथ उपयोगकता[
èपेस ¢ेğ मɅ डेटा ǓनçपाǑदत या एÈसेस/पहुँच कर सकता है। अब Èया होता है जब हमारे पास वाèतव मɅ
एक हȣ ͧसèटम मɅ कई ĤͩĐयाएं चलती हɇ? इसͧलए, Ĥ×येक ĤͩĐया मɅ अपना èवयं का मेमोरȣ मैप होगा,
हमारे पास अपने Ǔनदȶश, डेटा, ढेर और ढेर हɉगे, और कनȶल घटक MAX SIZE से भी अͬधक मौजूद है।
तो, आप जो देखते हɇ वह है ͩक ͧसèटम मɅ Ĥ×येक ĤͩĐया मɅ कनȶल MAX SIZE से शुǾ होता है और आगे
बढ़ता है। ͧसèटम मɅ ǓनçपाǑदत हर ĤͩĐया के ͧलए केवल Ǔनचले Ǒहèसे और यह कनȶल भाग समान
होगा। इस MAX SIZE के नीचे एक ĤͩĐया से दूसरे मɅ ͧभÛन होने जा रहा है। अÍछा तो इसका Èया
मतलब है? तो, इसका अथ[ यह है ͩक जब आप एक ĤͩĐया ǓनçपाǑदत करते हɇ और ͩफर ͩकसी अÛय
ĤͩĐया को ǓनçपाǑदत करते हɇ, तो MAX SIZE के ऊपर वाले ¢ेğ समान होने जा रहे हɇ, जबͩक MAX
SIZE के नीचे वाले ¢ेğ एक ĤͩĐया से दूसरे ĤͩĐया मɅ पǐरवǓत[त होने जा रहे हɇ। इसͧलए, हम उãलेख
करते हɇ ͩक उपयोगकता[ ĤोĒाम कनȶल èपेस (kernel space) मɅ ͩकसी भी डेटा तक पहुंचने मɅ स¢म
नहȣं हɉगे। तो, उस मामले मɅ उपयोगकता[ ĤोĒाम वाèतव मɅ ऑपरेǑटंग ͧसèटम का आéवान कैसे करता
है?"
4,6,(èलाइडसमय का संदभ[ लɅ: 06:40),"इसͧलए, ͪवशेष आमंğण फ़ंÈशन (invocation functions) हɇ जो ऑपरेǑटंग ͧसèटम का समथ[न करते हɇ
िजÛहɅ ͧसèटम कॉल (system call) के नाम से जाना जाता है। तो एक ͧसèटम कॉल उन कायɟ का एक
सेट है जो ओएस समथ[न और उपयोगकता[ ĤͩĐया कनȶल (kernel) के भीतर अÛय संसाधनɉ के ͧलए
जानकारȣ ĤाÜत करने या हाड[वेयर तक पहुंचने के ͧलए ͩकसी भी ͧसèटम कॉल का आéवान कर सकती
है। तो, जब ͧसèटम कॉल (system call) का आéवान ͩकया जाता है तो Èया होता है; यह है ͩक आमतौर
पर एक उपयोगकता[ मोड मɅ चल रहȣ एक ĤͩĐया को कनȶल मोड (kernel mode) या ͪवशेषाͬधकार
मोड/ͪĤͪवलेज मोड (privilege mode) के Ǿप मɅ जाना जाता है जो कनȶल (kernel) या ऑपरेǑटंग
ͧसèटम को वाèतव मɅ ǓनçपाǑदत करने कȧ अनुमǓत देगा। जब ͧसèटम कॉल Ǔनçपादन को पूरा करता है
तो उपयोगकता[ ĤͩĐया अपने Ǔनçपादन को ͩफर से वहȣं से शुǾ कर देगी जहाँ से वाèतव मɅ वह ǽकȧ थी।"
4,7,(èलाइडसमय का संदभ[ लɅ: 07:25),"तो, हम printf कथन का उदाहरण लɅ। तो, वाèतव मɅ printf एक लाइĦेरȣ कॉल है। इसͧलए, यह इस libc
मɅ मौजूद है और इसके पǐरणामèवǾप उपयोगकता[ èथान मɅ ͪवशेष काय[ होता है िजसे बुलाया जाने वाला
लेखन कहा जाता है और यह फ़ंÈशन पैरामीटर कॉल STDOUT के साथ ͧलखने वाले ͧसèटम कॉल का
आéवान करेगा। तो, STDOUT एक ͪवशेष पैरामीटर है जो अǓनवाय[ Ǿप से ऑपरेǑटंग ͧसèटम को
बताता है ͩक printf ɮवारा Ĥदान कȧ गई यह िèĚंग èĐȧन के मानक आउटपुट पर Ĥदͧश[त कȧ जानी
चाǑहए। तो, ͧलखना/write ͧसèटम कॉल है जो एक जाल को ǑĚगर करने का कारण बनता है, और इस
जाल के पǐरणामèवǾप Ěैप हɇडलर के (Trap Handler) Ǿप मɅ जाना जाता है जो कनȶल èपेस (Kernel
space) मɅ ǓनçपाǑदत होगा और Ěैप हɇडलर (Trap Handler) एक फ़ंÈशन का आéवान करेगा जो
ͧलखने/write ͧसèटम कॉल के अनुǾप होगा इसͧलए, यह ͧलखने वाला ͧसèटम कॉल तब èĐȧन पर
िèĚंग ɮवारा Ĥदान कȧ गई str को ͪĤंट करने के ͧलए िज़àमेदार होगा। ͧलखने के बाद system call
ͧसèटम कॉल पूण[ हो जाता है, ͩफर Ǔनçपादन को उपयोगकता[ èथान पर वापस èथानांतǐरत कर Ǒदया
जाता है और ĤͩĐया ǓनçपाǑदत करना जारȣ रखता है।"
4,8,(èलाइडसमय का संदभ[ लɅ: 08:40),"ͧसèटम कॉल (System Call) और एक मानक फ़ंÈशन कॉल/èटैÖडड[ फंÈशन कॉल (Standard
Function Call) या ĤͩĐया कॉल/Ĥोसीजर कॉल (Procedure Call) के बीच Èया अंतर है? तो, एक
मह×वपूण[ अंतर यह है ͩक, जब हम ͩकसी ĤोĒाम मɅ या ͩकसी ĤͩĐया मɅ ͩकसी फ़ंÈशन का आéवान
करना चाहते हɇ, तो हम एक Ǔनदȶश का उपयोग करते हɇ जैसे ͩक कॉल (CALL) Ǔनदȶश/इंèĚÈशन
(instruction), यह एक मानक x68 assembly असɅबलȣ Ǔनदȶश है, और इसके पǐरणामèवǾप फ़ंÈशन
को कॉल ͩकया जाएगा और उस फ़ंÈशन को इनवोक होने के बाद कॉͧलंग फ़ंÈशन पर वापस आ जाएगा।।
हालांͩक, ͧसèटम कॉल का आéवान करने के ͧलए, हम TRAP Ǔनदȶश जैसे int 0x80 का उपयोग करते
हɇ। तो, यहां int interrupt इंटरÜट या सॉāटवेयर बाधा के ͧलए खड़ा है और इसके पǐरणामèवǾप
उपयोगकता[ èथान या ऑपरेशन के उपयोगकता[/यूजर èपेस मोड (user space mode) को kernel
space कनȶल èपेस मɅ èथानांतǐरत ͩकया जाता है। इसͧलए, TRAP Ǔनदȶश के कारण कनȶल kernel को
आéवान ͩकया जाता है और यह कनȶल (kernel) मɅ Ǔनदȶशɉ को ǓनçपाǑदत करने का कारण बनता है।
हालांͩक, जब हम मानक function call फ़ंÈशन कॉल या ĤͩĐया कॉल का उपयोग कॉल Ǔनदȶश (CALL
instruction) कर उपयोग करते हɇ तो उपयोगकता[ èथान/यूजर èपेस (user space) से कनȶल èपेस
(kernel space) मɅ कोई बदलाव या बदलाव नहȣं होता है। इसͧलए, यूजर èपेस (user space) मɅ
Ǔनçपादन जारȣ रहेगा जैसा ͩक पहले था। ͧसèटम कॉल (system call) और मानक ĤͩĐया कॉल/èटैÖडड[
Ĥोसीजर कॉल (standard procedure call) या फ़ंÈशन कॉल (function call) के बीच एक और बहुत हȣ
अंतर अंतर यह है ͩक गंतåय पता या गंतåय फ़ंÈशन िजसे èथानांतǐरत ͩकया जाता है, एक èथानापÛन
पते पर हो सकता है। इसͧलए, काय[Đम को संकͧलत ͩकए जाने पर हर बार यह बदल सकता है। हालांͩक
ͧसèटम कॉल के साथ जब एक TRAP Ǔनदȶश वाèतव मɅ हाड[वेयर का उपयोग ͩकया जाता है या Ĥोसेसर
वाèतव मɅ Ǔनण[य लेता है ͩक कनȶल èपेस (kernel space) मɅ अगला Ǔनदȶश कहां से आना चाǑहए।
इसͧलए, यह तय ͩकया जा रहा है ͩक चाहे जो भी काय[Đम चल रहा हो, जो भी ऑपरेǑटंग ͧसèटम चल
रहा हो, और इसी तरह।।"
4,9,(èलाइडसमय का संदभ[ लɅ: 10:30),"तो, ऑपरेǑटंग ͧसèटम को वाèतव मɅ ͫडजाइन करते समय एक मह×वपूण[ पहलू यह है ͩक ऑपरेǑटंग
ͧसèटम ͩकस ͧसèटम कॉल (system call) का समथ[न करता है? हमने देखा था ͩक एकमाğ तरȣका
ऑपरेǑटंग ͧसèटम मɅ एक ͪवशेष काय[¢मता का आéवान कर सकता है ͧसèटम कॉल इंटरफ़ेस (system
call interface) के माÚयम से। तो, सवाल अब आता है ͩक यǑद कोई åयिÈत वाèतव मɅ एक ऑपरेǑटंग
ͧसèटम तैयार कर रहा है, तो ͧसèटम कॉल का समथ[न करने वाले इंटरफ़ेस Èया हɇ। इसͧलए, एक èपçट
आवæयकता यह है ͩक ͧसèटम कॉल इंटरफ़ेस (system call interface) मɅ कई पǐरçकृत ͪवशेषताएं
होनी चाǑहए ताͩक उपयोगकता[ ĤͩĐया वाèतव मɅ ऑपरेǑटंग ͧसèटम मɅ कई मह×वपूण[ काय[¢मताओं
को इंटरफ़ेस या इनकार करने मɅ स¢म हो। हालांͩक, एक अलग Ǻिçटकोण है, बहुत सरल और सार/अमूत[
ͧसèटम कॉल इंटरफेस (system call interface) है जो ऑपरेǑटंग ͧसèटम से आवæयक है। तो, हम
अगलȣ èलाइड मɅ देखɅगे, इसमɅ एक ͪवशेष उदाहरण।"
4,10,(èलाइडसमय का संदभ[ लɅ: 11:29),"आइए उन ͧसèटम कॉल (system call) का उदाहरण लɅ जो ओएस (OS) फाइलɉ तक पहुंचने के ͧलए
समथ[न करता है। इसͧलए, जैसा ͩक हम जानते हɇ ͩक फाइलɅ एक डेटा हɇ जो रȣबूट (reboots) मɅ लगातार
होती है, इसͧलए ये डेटा हाड[ ͫडèक मɅ संĒहȣत होते हɇ और ऍफ़ओपन (fopen), Èलोज़ (close), रȣड
(read), राइट (write) आǑद जैसे फ़ंÈशन का उपयोग करके पढ़ा, ͧलखा या एÈसेस ͩकया जा सकता है।
हर बार जब हम एक फ़ाइल खोलते हɇ, तो इसकȧ आवæयकता होगी ͩक हाड[ ͫडèक का उपयोग ͩकया
जाए, इसͧलए एक ĤͩĐया को कनȶल (kernel) मɅ ͧसèटम कॉल का आéवान करने कȧ आवæयकता होगी
और कनȶल (kernel) को वाèतव मɅ हाड[ ͫडèक या हाड[ ͫडèक बफर (hard disk buffer) या ͩकसी भी तक
पहुंचने का Éयाल रखना चाǑहए फ़ाइल को खोलने के ͧलए अÛय भंडारण माÚयम और ĤͩĐया मɅ एक
सूचक वापस लौटɅ। अब सवाल यह है ͩक एक ऑपरेǑटंग ͧसèटम ͫडजाइनर कैसे तय करता है ͩक फाइलɉ
तक पहुंचने के ͧलए कौन सी ͧसèटम कॉल Ĥदान कȧ जानी चाǑहए या समͬथ[त ͩकया जाना चाǑहए?
इसͧलए, कुछ èपçट चीजɅ हɇ जैसे फ़ाइल खोलने, पढ़ने या ͧलखने के ͧलए ͧसèटम कॉल होना चाǑहए,
वाèतव मɅ Ǔनमा[ण Ǔतͬथ को संशोͬधत करने, अनुमǓतयɉ को सेट करने के ͧलए ͧसèटम कॉल होना
चाǑहए। ऑपरेǑटंग ͧसèटम अͬधक जǑटल या अͬधक पǐरçकृत पǐरचालनɉ का भी समथ[न कर सकता है
जैसे फाइल के भीतर ͩकसी ͪवशेष ऑफसेट कȧ तलाश करने मɅ स¢म होने के कारण, फाइलɉ के बीच
ͧलंक करने मɅ स¢म होना चाǑहए। इसͧलए, ये आवæयक आवæयकताएं हɇ ͩक फ़ाइलɉ को संभालने के
ͧलए ͧसèटम कॉल का समथ[न करना चाǑहए। दूसरȣ ओर, ऑपरेǑटंग ͧसèटम फ़ाइल के बारे मɅ कुछ
ͪववरण Ǔछपाने मɅ स¢म होना चाǑहए। उदाहरण के ͧलए, ͧसèटम कॉल ɮवारा समͬथ[त नहȣं ͩकए जाने
वाले ͪववरण जैसे èटोरेज मीͫडया के बारे मɅ ͪववरण जैसे फ़ाइल संĒहȣत कȧ जाती है, उदाहरण के ͧलए
ͩक फ़ाइल यूएसबी Ĝाइव (USB drive) या हाड[ ͫडèक या सीडी-रोम (CD-ROM) पर संĒहȣत है या नहȣं।
यह वाèतव मɅ ऑपरेǑटंग ͧसèटम ɮवारा समझा जाता है, और उपयोगकता[ ĤͩĐया आसानी से यह जानने
मɅ स¢म नहȣं होगी ͩक फ़ाइल कहां संĒहȣत कȧ जाती है। ऑपरेǑटंग ͧसèटम ɮवारा समेͩकत एक और
पहलू èटोरेज मीͫडया मɅ सटȣक èथान है।"
4,11,(èलाइडसमय का संदभ[ लɅ: 13:40),"अब हम देखɅगे ͩक एक सामाÛय ऑपरेǑटंग ͧसèटम संरचना कैसा Ǒदखता है। तो, ऑपरेǑटंग ͧसèटम,
मान लȣिजए ͩक हम इसे एक बड़े हरे रंग के Þलॉक के Ǿप मɅ मानते हɇ, आंतǐरक Ǿप से Ǔनͧम[त कई
मॉɬयूल हɇ। उदाहरण के ͧलए, इसमɅ एक मेमोरȣ मैनेजमɅट मॉɬयूल (memory management module)
होगा जो ͧसèटम मɅ सभी मेमोरȣ का Ĥबंधन करेगा, इसमɅ एक सीपीयू शेɬयूͧलंग Þलॉक (CPU
scheduling block) होगा जो फाइल ͧसèटम मैनेजमɅट मॉɬयूल (file system management
module) भी है जो फाइल ͧसèटम जैसे ͩक हाड[ ͫडèक मɅ मौजूद फाइल ͧसèटम को Ǔनयंǒğत करेगा या
एक CD-ROM सीडी-रोम Ĥबंͬधत होते हɇ। तो, आपके पास एक नेटवͩकɍ ग èटैक (networking stack) है
जो टȣसीपी/आईपी (TCP/IP) नेटवक[ का Ĥबंधन करता है और आपके पास इंटर Ĥोसेस संचार मॉɬयूल
(inter process communication module) के Ǿप मɅ जाना जाता है जो एक दूसरे के साथ संचार
ĤͩĐयाओं का Éयाल रखेगा। इसͧलए, दो मह×वपूण[ चीजɅ िजनके बारे मɅ अभी तक उãलेख नहȣं ͩकया
गया है, ͧसèटम कॉल इंटरफेस (system call interface) है, जो उपयोगकता[ ĤͩĐयाओं को इन मॉɬयूल
मɅ से Ĥ×येक के भीतर वाèतव मɅ सुͪवधाओं या काय[¢मताओं तक पहुंचने कȧ अनुमǓत देता है। एक अÛय
पहलू ͫडवाइस Ĝाइवस[ (Device Drivers) है जो ͧसèटम के भीतर हाड[वेयर उपकरणɉ और अÛय हाड[वेयर
संसाधनɉ के साथ संचार करने का Éयाल रखेगा। इसͧलए, यह अǓनवाय[ Ǿप से सभी अलग-अलग
मॉɬयूल हɇ जो कȧ एक ऑपरेǑटंग ͧसèटम समथ[न करता है।"
4,12,(èलाइडसमय का संदभ[ लɅ: 14:52),"तो, एक ऑपरेǑटंग ͧसèटम के एक अखंड संरचना/मोनोͧलͬथक èĚÈचर (Monolithic Structure) मɅ,
ओएस (os) मɅ ये सभी ͪवͧभÛन मॉɬयूल एक हȣ एĜेसेबल कनȶल èपेस (addressable kernel space)
मɅ मौजूद हɇ, इसͧलए इसका मतलब यह है ͩक यह कोड का एक बड़ा Ǒहèसा है और उनमɅ से सभी आप
एक बड़े काय[Đम के बारे मɅ सोच सकते हɇ जहां ये सभी मॉɬयूल मौजूद हɇ। इसͧलए, मेमोरȣ Ĥबंधन से
ͩकसी भी फ़ंÈशन (function) को कॉल करने के ͧलए नेटवͩकɍ ग èटैक का मतलब केवल एक साधारण
फ़ंÈशन कॉल (function call) होगा। इसी Ĥकार नेटवͩकɍ ग èटैक से ͫडवाइस Ĝाईवर (device driver)
तक एक और फ़ंÈशन कॉल होगा। यह अǓनवाय[ Ǿप से इस तरह कȧ एक मोनोͧलͬथक संरचना का लाभ
है, यह है ͩक आप एक मॉɬयूल और दूसरे के बीच सीधा संचार कर सकते हɇ। दूसरȣ ओर कनȶल कȧ जगह
बहुत बड़ी हो जाती है, और इसͧलए, बनाए रखना मुिæकल होता है और इसमɅ अͬधक गलǓतयाँ/बग
(bug) होने कȧ संभावना होती है। इसͧलए, ͧलनÈस (Linux) और एÈसवी xv6 और एमएस-डॉस
(MS-DOS) जैसे सामाÛय ऑपरेǑटंग ͧसèटम एक मोनोͧलͬथक संरचना का उपयोग करते हɇ। तो,
उदाहरण के ͧलए ͧलनÈस (LINUX) ऑपरेǑटंग ͧसèटम या ͧलनÈस कनȶल (LINUX kernel) मɅ कोड कȧ
लगभग एक करोड़/10 ͧमͧलयन लाइनɅ हɇ। इसͧलए, कोड कȧ इन सभी 10 ͧमͧलयन लाइनɉ मɅ संपूण[
ͧलनÈस कनȶल (LINUX kernel) शाͧमल है जो वाèतव मɅ इस ¢ेğ मɅ मौजूद है।"
4,13,(èलाइडसमय का संदभ[ लɅ: 16:14),"ऑपरेǑटंग ͧसèटम कȧ एक और आम संरचना को माइĐोकनȶल (Microkernel) संरचना के Ǿप मɅ जाना
जाता है, जहां कनȶल वाèतव मɅ अ×यͬधक मॉɬयूलर होता है और कनȶल मɅ Ĥ×येक घटक का अपना पता
लगाने योÊय èथान होता है। इसͧलए, यह इनमɅ से Ĥ×येक को èवतंğ ĤͩĐयाओं के Ǿप मɅ रखना है और
आपके पास बहुत छोटा माइĐोĐोनल है जो वाèतव मɅ कनȶल èपेस (kernel space) मɅ चलता है, जो इन
ĤͩĐयाओं मɅ से Ĥ×येक के बीच संचार Ĥबंधन का Ĥभारȣ होता है, और उपयोगकता[ ĤͩĐया और ऑपरेǑटंग
ͧसèटम के बीच संचार ĤͩĐयाओं का भी। तो, यहां लाभ यह है ͩक यह माइĐोकनȶल (Microkernel) बहुत
छोटा है। तो, आदश[ Ǿप से यह Ĥणालȣ के एल1 कैश (L1 cache) मɅ वाèतव मɅ ͩफट होने के ͧलए काफȧ
छोटा है, इसͧलए आम तौर पर यह काफȧ तेज़ होगा।
हालाँͩक, दोष यह है ͩक अब आपके पास Ĥ×य¢ कॉल नहȣं हो सकते हɇ जैसे फ़ाइल Ĥबंधन से ͫडवाइस
Ĝाइवर तक, या अखंड कनȶल/मोनोͧलͬथक कनȶल (monolithic kernel) के ͪवपरȣत, जहां आप ͫडवाइस
Ĝाइवर फ़ंÈशन मɅ फ़ाइल Ĥबंधन मॉɬयूल से सीधे फ़ंÈशन आéवान/इनवोकेशन बना सकते हɇ। यहां उस
फॉम[ का Ĥ×येक आéवान/आमंğण एक संचार चैनल के माÚयम से होना चाǑहए िजसे आईपीसी (IPC) या
इंटर Ĥोसेस कàयुǓनकेशन चैनल (Inter Process Communication channel) कहा जाता है। इसके
साथ हम वाèतव मɅ आज के åयाÉयान को समाÜत करɅगे, और अगले åयाÉयान से हम वाèतव मɅ सीपीयू
(CPU) साझाकरण के बारे मɅ अͬधक देखɅगे। धÛयवाद।"
5,0,,"ऑपरेǑटंग ͧसèटम का पǐरचय
Ĥोफेसर चेèटर रेबेरो
कंÜयूटर ͪव£ान और इंजीǓनयǐरंग ͪवभाग
भारतीय Ĥौɮयोͬगकȧ संèथान, मġास
सÜताह - 01
åयाÉयान - 04
सीपीयू साझा करना (CPU sharing)
नमèकार। Ĥारंͧभक वीͫडयो मɅ, हमने देखा था ͩक एक ऑपरेǑटंग ͧसèटम के सबसे मह×वपूण[ अनुĤयोगɉ
मɅ से एक संसाधन Ĥबंधन के ͧलए है। अǓनवाय[ Ǿप से, चूँͩक ͧसèटम मɅ ओएस (OS) पर चलने वालȣ
Ĥणालȣ मɅ सीͧमत माğा मɅ हाड[वेयर संसाधन हɇ, इसͧलए ऑपरेǑटंग ͧसèटम (Operating System) इन
संसाधनɉ को कुशल तरȣके से उपयोग करने का Ĥभारȣ है। ͧसèटम मɅ मौजूद सभी संसाधनɉ मɅ से शायद
सबसे मह×वपूण[ संसाधन सीपीयू (CPU) है। इसͧलए, अͬधकांश Ĥणाͧलयɉ मɅ बहुत सी संÉया मɅ सीपीयू
(CPU) होते हɇ; 1990 के दशक और 2000 के दशक कȧ शुǽआत मɅ पहले कȧ Ĥणाͧलयɉ मɅ पहले ͧसèटम
मɅ एक Ĥोसेसर था, जबͩक इन Ǒदनɉ ͧसèटम 4, 8 या 16 सीपीयू (CPU) से लैस हɇ। इसͧलए, यह
मह×वपूण[ है ͩक ऑपरेǑटंग ͧसèटम यह सुǓनिæचत करता है ͩक ͧसèटम मɅ मौजूद इन CPUs का पया[Üत
Ǿप से उपयोग जाये। तो, हम देखɅगे ͩक इन CPUs को ओएस (OS) ɮवारा कैसे Ĥबंͬधत ͩकया जाता है।"
5,1,(èलाइडसमय का संदभ[ लɅ: 01:32),"इन Ǒदनɉ ͧसèटम मɅ, हमारे पास कई अनुĤयोग/एÜलȣकेशन (application) हɇ जो संगत चल रहे हɇ।
इसͧलए, हमने देखा था ͩक हमारे पास ऑͩफस एÜलȣकेशन (office application), इÛटरनेट एÈèÜलोरर
( internet explorer), एक èकाइप एÜलȣकेशन (Skype application) और एक पॉवर पॉइंट एÜलȣकेशन
(power point application) जैसे कुछ हो सकते हɇ, उनमɅ से सभी को एकल सीपीयू (CPU) साझा करने
कȧ आवæयकता है। तो, यह कैसे संभव है, अǓनवाय[ Ǿप से ऑपरेǑटंग ͧसèटम कैसे तय करता है ͩक कौन
सी चलाना चाǑहए या सीपीयू (CPU) पर कौन सा एÜलȣकेशन चलाना चाǑहए? एक बहुत हȣ सरल बात
यह है ͩक ऑपरेǑटंग ͧसèटम एक एÜलȣकेशन को सीपीयू पर रखता है, और इसे पूरा होने तक इसे चलाने
देता है। उदाहरण के ͧलए, MS DOS (एमएस डॉस) ऑपरेǑटंग ͧसèटम जैसी एक बहुत हȣ Ĥारंͧभक
ऑपरेǑटंग ͧसèटम एक एÜलȣकेशन शुǾ करेगी और इसे पूरा होने तक सीपीयू मɅ ǓनçपाǑदत करेगी। जब
वह एिÜलकेशन पूरा हो जाता है तो ऐप 2 का अगला एिÜलकेशन सीपीयू मɅ पूरा होने तक ǓनçपाǑदत होगा,
ͩफर एिÜलकेशन 3 सीपीयू (CPU) मɅ समाÜत होने तक ǓनçपाǑदत होगा और ͩफर एिÜलकेशन 4 शुǾ
होगा। हालांͩक, यह CPU समय का Ĥबंधन करने का एक बहुत हȣ आसान तरȣका है, यह बहुत हȣ कुशल
नहȣं है और हम देखɅगे Èयɉ?"
5,2,(èलाइडसमय का संदभ[ लɅ: 03:10),"तो आइए मान लɅ ͩक एिÜलकेशन 1 सीपीयू पर ǓनçपाǑदत हो रहा है और कुछ समय बाद यह उपयोगकता[
ɮवारा ͩकए जाने वाले एक ͪवशेष ऑपरेशन कȧ Ĥती¢ा करता है। उदाहरण के ͧलए, एिÜलकेशन1
(application1) èकैनफ़ (scanf) कȧ तरह ͩकसी घटना कȧ Ĥती¢ा कर रहा है। अǓनवाय[ Ǿप से यह
उपयोगकता[ के ͧलए कȧबोड[ पर कुछ इनपुट करने का इंतजार कर रहा है। इसͧलए, इस समय से जब तक
उपयोगकता[ वाèतव मɅ एक key कुंजी दबाता है, तो CPU कुछ भी नहȣं करता है लेͩकन åयथ[ मɅ इंतजार
कर रहा है। तो अǓनवाय[ Ǿप से यह समय बबा[द कर रहा है, इसͧलए ये सीपीयू के ǓनिçĐय चĐ समय हɇ।
केवल ईवɅट ĤाÜत होने पर, एिÜलकेशन1 (application1) ǓनçपाǑदत करना जारȣ रखेगा। इस Ĥकार, हम
देखते हɇ ͩक भले हȣ 1 पूण[ करने के बाद 1 आवेदन ǓनçपाǑदत करने कȧ योजना बहुत सरल है, ͩफर भी
यह CPU समय को पया[Üत या कुशलता से उपयोग नहȣं करती है Èयɉͩक हर बार एिÜलकेशन को ͩकसी
ईवɅट कȧ आवæयकता होती है, तो सीपीयू वाèतव मɅ उस घटना तक ǓनिçĐय होता है। और जैसा ͩक हम
देखते हɇ, सीपीयू के उपयोग के संबंध मɅ कम Ĥदश[न का कारण बनता है।"
5,3,(èलाइडसमय का संदभ[ लɅ: 04:46),"तो ऐसा करने का एक बेहतर तरȣका मãटȣĤोĒाͧमंग (multiprogramming) के Ǿप मɅ जाना जाता है।
तो, मãटȣĤोĒाͧमंग का समथ[न करने वाले एक ऑपरेǑटंग ͧसèटम मɅ, एिÜलकेशन1 (application1) तब
तक ǓनçपाǑदत रहेगा जब तक ͩक उसे बाहरȣ ईवɅट कȧ आवæयकता न हो। इसͧलए, जब ऐप1 (App1) मɅ
èकैनफ (scanf) जैसे फ़ंÈशन को ǓनçपाǑदत ͩकया जाता है तो एिÜलकेशन अवǽɮध हो जाएगा।
अǓनवाय[ Ǿप से इसे Ĥोसेसर से छूट दȣ जाएगी और इस मामले मɅ ऐप2 (App2) सीपीयू मɅ ǓनçपाǑदत
होगा। तो थोड़ी देर बाद, जब उपयोगकता[ कȧबोड[ के माÚयम से कुछ इनपुट करता है, तो ईवɅट ĤाÜत होता
है और इस एिÜलकेशन के पǐरणामèवǾप 1 को कतार मɅ रखा जाता है। समय के बाद मɅ, एिÜलकेशन1
(application1) को ͩफर से सीपीयू Ǒदया जाएगा और जहां से इसे रोक Ǒदया गया है वहां से ǓनçपाǑदत
ͩकया जाएगा। अǓनवाय[ Ǿप से यह èकैनफ (scanf) कȧ Ĥसंèकरण के दौरान बंद हो गया था, और यह
कहां से ǽक गया था से ǓनçपाǑदत करना जारȣ रहेगा। अǓनवाय[ Ǿप से अब यह इनपुट करैÈटर
(character) ͧमला है िजसे उपयोगकता[ ने कȧबोड[ पर दबाया है और यह इस ǒबंदु से आगे बढ़ना जारȣ
रखेगा। इसͧलए, हमने देखा है ͩक हम सीपीयू को ǓनिçĐय होने से रोक रहे हɇ। अǓनवाय[ Ǿप से सीपीयू
पर ͩकसी अÛय एिÜलकेशन को ǓनçपाǑदत करके, हमने सीपीयू को ǓनिçĐय Ǿप से चलने से रोक Ǒदया है
और इसͧलए, Ĥदश[न मɅ वृɮͬध होगी। हालांͩक, इसके साथ भी एक समèया है।"
5,4,(èलाइडसमय का संदभ[ लɅ: 06:41),"अब, इस ͪवशेष पǐरǺæय पर ͪवचार करɅ जहां एिÜलकेशन1 कभी-कभी चलता है और ͩफर अवǽɮध हो
जाता है। हालांͩक, एिÜलकेशन2 मɅ इस कोड कȧ तरह कुछ है; अǓनवाय[ Ǿप से यह एक अनंत लूप है। तो,
जबͩक 1 असीम Ǿप से ǓनçपाǑदत करना जारȣ रखेगा। इसͧलए, इस ऐप2 के पǐरणामèवǾप कभी नहȣं
ǽक जाएगा, यह सीपीयू पर Ǔनçपादन और पकड़ रखेगा। इसͧलए, इस अÛय एिÜलकेशन के कारण ऐप3,
ऐप4 और साथ हȣ ऐप1, जब इसे ĤाÜत करने के बाद ईवɅट कभी भी चलाने मɅ स¢म नहȣं होगा। इस
ͪवशेष चीज़ को समाÜत करने का एकमाğ तरȣका बलपूव[क 2 को रोकना होगा या ͧसèटम को reboot
रȣबूट करना होगा। एमएस डॉस (MS DOS) जैसे पहले ऑपरेǑटंग ͧसèटम मɅ, यह अÈसर होता है। इसके
पǐरणामèवǾप, अÈसर यह आवæयक था ͩक सीपीयू को एक एÜलȣकेशन के कारण पुनरारंभ ͩकया जाए
जो पूरे ͧसèटम को रोक देता है।"
5,5,(èलाइडसमय का संदभ[ लɅ: 07:55),"अͬधक हाͧलया ऑपरेǑटंग ͧसèटम मãटȣटािèकंग (Multitasking) या टाइम शेयǐरंग (Time Sharing)
के Ǿप मɅ जाने जाते हɇ। अǓनवाय[ Ǿप से, इस मामले मɅ, CPU समय खंड मɅ ͪवभािजत होता है या
इसͧलए Ĥ×येक टुकड़ा को समय èलाइस या टाइम Èवांटा (time quanta) के Ǿप मɅ जाना जाता है।
Ĥ×येक बार èलाइस मɅ, एक ĤͩĐया चलती है; ĤͩĐया तब तक ǓनçपाǑदत रहेगी जब तक ͩक दो मɅ से एक
चीज न हो। सबसे पहले, यह तब तक ǓनçपाǑदत होगा जब तक ͩक इसका समय èलाइस पूरा न हो जाए;
इस मामले मɅ सीपीयू को एक और ĤͩĐया दȣ जाती है। तो, उदाहरण के ͧलए, यहां पर ĤͩĐया 1
ǓनçपाǑदत हो जाती है जब तक ͩक उसका समय èलाइस पूरा न हो जाए, और ͩफर ĤͩĐया 2 को सीपीयू
Ǒदया जाता है और ĤͩĐया 2 ǓनçपाǑदत हो जाती है। ͩफर जब ĤͩĐया 2 अपना समय टुकड़ा पूरा करती
है, तो ĤͩĐया 3 को सीपीयू Ǒदया जाएगा और ǓनçपाǑदत करना जारȣ रहेगा। अब, इस तरह से सभी
ĤͩĐयायɅ सीपीयू साझा कर रहȣ हɇ। कुछ समय बाद ĤͩĐयाओं को बंद कर Ǒदया गया था जहां से इसे रोक
Ǒदया गया था। उदाहरण के ͧलए ĤͩĐया 1 ने अपने समय èलाइस तक ǓनçपाǑदत ͩकया था और
ऑपरेǑटंग ͧसèटम ĤͩĐया 1 के कुछ Ǔनण[यɉ के आधार पर कुछ समय बाद सीपीयू को ǓनçपाǑदत करने
के ͧलए Ǒदया जाएगा। इस समय समय ĤͩĐया 1 मɅ जहां से इसे रोक Ǒदया गया था से ǓनçपाǑदत करना
जारȣ रहेगा। ͩकसी उपयोगकता[ के संभाͪवत से, मãटȣटािèकंग के पǐरणामèवǾप यह ͪवलंब िजसमɅ
अÛय ĤͩĐयाओं को ǓनçपाǑदत ͩकया जा रहा है या ͩकसी अÛय तरȣके से कहा जाता है, देरȣ या एक हȣ
ĤͩĐया के मÚयवतȸ Ǔनçपादन शायद हȣ Úयान देने योÊय है Èयɉͩक समय का टुकड़ा बहुत छोटा है। दूसरȣ
ĤͩĐया यह है ͩक एक ĤͩĐया Ǔनçपादन बंद कर देती है जब उसे ͩकसी ईवɅट कȧ Ĥती¢ा करने कȧ
आवæयकता होती है जैसा ͩक हमने ͪपछलȣ èलाइड मɅ देखा है या यह समाÜत हो गया है। ͩकसी भी तरह
से, यह सीपीयू कȧ पेशकश करने वालȣ एक और ĤͩĐया मɅ पǐरणाम देता है और नई ĤͩĐया ǓनçपाǑदत
होगी। इसͧलए, मãटȣटािèकंग का लाभ यह है ͩक उपयोगकता[ के पǐरĤेêय से, यह धारणा/इंĤेशन देता है
ͩक सभी अनुĤयोग एक साथ चल रहे हɇ, कोई खालȣपन (starvation) नहȣं है। ͧसèटम पǐरĤेêय से भी,
अͬधक समĒ Ĥदश[न मɅ सुधार हुआ है।"
5,6,(èलाइडसमय का संदभ[ लɅ: 10:52),"तो, सीपीयू एक संसाधन का एक उदाहरण था जो ऑपरेǑटंग ͧसèटम से Ĥबंͬधत था। इसͧलए, अǓनवाय[
Ǿप से ऑपरेǑटंग ͧसèटम ने तय ͩकया ͩक सीपीयू मɅ कई ĤͩĐयाओं को ǓनçपाǑदत करने का मौका Ǒदया
जाएगा। तो, सीपीयू के साथ, ͧसèटम के कई अÛय संसाधन हɉगे; और ऑपरेǑटंग ͧसèटम को ͪवͧभÛन
संसाधनɉ मɅ से ͪवͧभÛन उपयोगकता[ओं के बीच इन संसाधनɉ को साझा करने कȧ आवæयकता होगी।
उदाहरण के ͧलए, ͪĤंटर जो ͧसèटम से जुड़े होते हɇ, कȧबोड[, रैम (RAM), ͫडèक, ͫडèक पर फ़ाइलɉ के
साथ-साथ नेटवक[ । ये सभी ͧसèटम मɅ संसाधन हɇ और ऑपरेǑटंग ͧसèटम को इन संसाधनɉ का Ĥबंधन
करना चाǑहए और यह सुǓनिæचत करना चाǑहए ͩक सभी अनुĤयोगɉ के पास इन ͪवͧभÛन संसाधनɉ का
उͬचत उपयोग हो।"
5,7,(èलाइडसमय का संदभ[ लɅ: 11:54),"तो, मãटȣĤोसेसरɉ के मामले मɅ Èया होगा? अǓनवाय[ Ǿप से, जहां ͧसèटम मɅ एक से अͬधक Ĥोसेसर हɇ,
ऐसी Ĥणालȣ इस तरह कुछ Ǒदखाई देगी। अǓनवाय[ Ǿप से, कई ͬचÜस या सीपीयू ͬचÜस हɉगे और Ĥ×येक
ͬचप मɅ कई कोर हɉगे। उदाहरण के ͧलए, इस मामले मɅ दो ͬचÜस, सीपीयू ͬचÜस हɇ; और Ĥ×येक सीपीयू मɅ
दो कोर होते हɇ; और आगे यह संभव है ͩक Ĥ×येक कोर एकाͬधक धागे चलाता है। इसͧलए, यह एक
तकनीक ɮवारा ĤाÜत ͩकया जाता है िजसे समͧमत/सीͧमǒğकल मãटȣĠेͫडंग (Symmetrical
multithreading) कहा जाता है। इंटेल (Intel) नामकरण मɅ इसे हाइपर Ġेͫडंग (Hyper threading) के
Ǿप मɅ जाना जाता है। तो इस ͪवशेष Ĥणालȣ मɅ, िजसमɅ दो ͬचÜस हɇ, कुल दो कोर ĤǓत ͬचप और ĤǓत कोर
के दो समͧमत धागे, सीपीयू को इन सभी संसाधनɉ का Ĥबंधन करना है।"
5,8,(èलाइडसमय का संदभ[ लɅ: 13:07),"इसͧलए अǓनवाय[ Ǿप से ऐसे मामले मɅ, सीपीयू को यह सुǓनिæचत करना है ͩक ͧसèटम मɅ सभी
कंÜयूǑटंग वातावरण पया[Üत Ǿप से उपयोग ͩकए जाएं। तो इस तरह के मामले मɅ, हम इस अथ[ मɅ
समांतरता के Ǿप मɅ कुछ ĤाÜत करɅगे जो मानते हɇ ͩक हमारे पास 2 Ĥोसेसर हɇ और हम मानते हɇ ͩक
Ĥ×येक Ĥोसेसर मɅ उनमɅ एक एकल कोर है। तो, इसका मतलब यह होगा ͩक ऑपरेǑटंग ͧसèटम Ĥोसेसर
पर एक साथ ǓनçपाǑदत करने के ͧलए दो Ĥोसेसर या दो अनुĤयोगɉ को शेɬयूल कर सकता है। इसͧलए,
एक आवेदन एक Ĥोसेसर पर ǓनçपाǑदत होगा, जबͩक दूसरा एिÜलकेशन दूसरे Ĥोसेसर पर ǓनçपाǑदत
होगा। इस समय के अलावा Ĥ×येक Ĥोसेसर पर èलाइͧसंग संभव है ͩक Ĥ×येक Ĥोसेसर समय को समय
Èवांटा (time quanta) या टाइम èलाइस (time slice) मɅ ͪवभािजत ͩकया जा सकता है जैसा ͩक हमने
पहले देखा है और ͪवͧभÛन अनुĤयोगɉ के बीच साझा ͩकया है। तो इस मामले मɅ, उदाहरण के ͧलए,
Ĥ×येक Ĥोसेसर मɅ एक समय टुकड़ा होता है जो समय-समय पर पूरा करता है; और Ĥ×येक नए समय
èलाइस कȧ शुǾआत मɅ, Ĥोसेसर पर चल रहȣ ऑपरेǑटंग ͧसèटम यह सुǓनिæचत करेगी ͩक एिÜलकेशन
उस सीपीयू पर ǓनçपाǑदत करने के ͧलए Ǔनधा[ǐरत हो। इसी तरह, दूसरे Ĥोसेसर के ͧलए, समय èलाइस
भी होते हɇ और एक बार टुकड़े के अंत मɅ आवेदन ǓनçपाǑदत ͩकया जा रहा है Ĥोसेसर से छूट दȣ जाएगी
और ओएस ǓनçपाǑदत करने के ͧलए एक और आवेदन का चयन करेगा। इसͧलए, ऑपरेǑटंग ͧसèटम को
इस तरह से ͫडज़ाइन ͩकया जाना चाǑहए ͩक एिÜलकेशन को ऐसा करने तक ĤोĒाम न करɅ, Ĥोसेसर दोनɉ
मɅ एक हȣ पल मɅ एक साथ ǓनçपाǑदत न करɅ।"
5,9,(èलाइडसमय का संदभ[ लɅ: 15:13),"अब मãटȣटािèकंग (multitasking) पया[वरण के साथ एक बड़ा मुɮदा, जहां Ĥ×येक Ĥोसेसर का समय
Èवांट या टाइम èलाइस मɅ ͪवभािजत होता है, अलग-अलग Ĥोसेसर या ͪवͧभÛन अनुĤयोगɉ को समवतȸ
Ǿप से चलाने कȧ इजाजत देता है। और जब ͧसèटम मɅ कई Ĥोसेसर मौजूद होते हɇ, तो दो या दो से अͬधक
Ĥोसेसर या एिÜलकेशन समानांतर मɅ ǓनçपाǑदत करने कȧ इजाजत देते हɇ। तो, यहां जो मुɮदा उठता है
वह तब होता है जब दो Ĥोसेसर या दो अनुĤयोग एक साथ कुछ संसाधनɉ तक पहुंचने का अनुरोध करते
हɇ। उदाहरण के ͧलए, मान लɅ ͩक यह संसाधन एक ͪवशेष फ़ाइल है या यह ͪĤंटर कȧ तरह एक ͫडवाइस भी
हो सकता है, और हमारे पास दो एिÜलकेशन हɇ - एिÜलकेशन 2 और एिÜलकेशन 5 इस संसाधन मɅ कुछ
ͧलखना या ͪĤंट करना चाहते हɇ। इसͧलए, एिÜलकेशन 2 और एिÜलकेशन 5 दोनɉ इस ͪवशेष संसाधन का
उपयोग करना चाहते हɇ। तो, इसके पǐरणामèवǾप रेस कंडीशन (race condition) के Ǿप मɅ जाना जाता
है; और जब हम ऑपरेǑटंग ͧसèटम का अÚययन कर रहे हɇ या जब हम वाèतव मɅ ऑपरेǑटंग ͧसèटम मɅ
गहराई से देख रहे हɇ तो इसका काफȧ बड़ा मुɮदा होता है। इसͧलए अǓनवाय[ Ǿप से, इस तरह के ͩकसी
मुɮदे से बचने के ͧलए, ऑपरेǑटंग ͧसèटम को दो अनुĤयोगɉ के बीच समĐͧमक/ͧसंĐनाइज़ करने कȧ
आवæयकता होती है। यह सुǓनिæचत करना चाǑहए ͩक जब ͩकसी ͪवशेष संसाधन के ͧलए एक ĤͩĐया
अनुरोध हाड[ ͫडèक या ͪĤंटर मɅ संĒहȣत फ़ाइल कȧ तरह है, तो एक अÛय एिÜलकेशन ऐप 5 को उस
ͪवशेष संसाधन को ͧलखने या एÈसेस करने कȧ अनुमǓत नहȣं दȣ जाएगी। केवल तभी जब आवेदन 2
अपने संसाधन का उपयोग कर पूरा हो जाए, तो उस संसाधन का उपयोग करने के ͧलए एिÜलकेशन 5 को
अनुमǓत दȣ जाएगी; एक और तरȣका ऑपरेǑटंग ͧसèटम मɅ यह सुǓनिæचत करेगा ͩक इस संसाधन के
ͧलए एक Đमबɮध पहुंच है। यह सुǓनिæचत करेगा ͩक एक से अͬधक आवेदन इस संसाधन का उपयोग
ͩकसी ͪवशेष समय पर नहȣं कर रहे हɇ।"
5,10,(èलाइडसमय का संदभ[ लɅ: 17:46),"अǓनवाय[ Ǿप से, ऑपरेǑटंग ͧसèटम ͧसंĐनाइज़ेशन (Synchronization) के Ǿप मɅ जाने वालȣ तकनीक
का उपयोग करके इन समèयाओं को हल करते हɇ। अब, ͧसंĐनाइज़ेशन (Synchronization) जो आप
सोच सकते हɇ वह एक लॉक है, जो संसाधन से जुड़ा हुआ है। इसͧलए, जब कोई एिÜलकेशन उस संसाधन
तक पहुंचना चाहता है तो उसे पहले लॉक ĤाÜत करना चाǑहए; अǓनवाय[ Ǿप से इसे पहले लॉक ĤाÜत
करना चाǑहए। इसͧलए, उदाहरण के ͧलए, हमारे पास एÜलȣकेशन X एÈस है जो संसाधन का उपयोग
करना चाहता है; ऐसे मामले मɅ आवेदन एÈस को संसाधन को लॉक करना चाǑहए। इसͧलए, संसाधन को
लॉक करने का अथ[ यह होगा ͩक इस मामले मɅ ऐप वाई (App Y) या 5 जैसे कोई अÛय एिÜलकेशन इस
संसाधन का उपयोग करने मɅ स¢म नहȣं होगा। अब एिÜलकेशन 2 संसाधन का उपयोग पूरा करने के
बाद, यह संसाधन अनलॉक कर देगा। और उस समय, यǑद हमारे पास दूसरा आवेदन है िजसने संसाधन
के ͧलए भी अनुरोध ͩकया है, तो दूसरा आवेदन इंतजार करना होगा। इसͧलए, जब एिÜलकेशन 2 पूरा हो
जाता है, तो यह संसाधन अनलॉक कर देगा; और यह एिÜलकेशन 5 का संकेत है ͩक यह संसाधन का
उपयोग कर सकता है। ताͩक एिÜलकेशन 5 संसाधन का उपयोग करता है, यह पहले संसाधन को लॉक
कर देगा ͩक कोई अÛय एिÜलकेशन संसाधन का उपयोग नहȣं कर सकता है; और इसके उपयोग के अंत
मɅ, यह संसाधन अनलॉक कर देगा। अनलॉͩकंग अÛय अनुĤयोगɉ को इस साझा संसाधन का उपयोग
करने कȧ अनुमǓत देगा।"
5,11,(èलाइडसमय का संदभ[ लɅ: 19:27),"अब, एक Ǔनण[य यह है ͩक ऑपरेǑटंग ͧसèटम को ͪवशेष Ǿप से बहु-काय[शील/मãटȣ-टािèकंग
(multi-tasking) या मãटȣ-ĤोĒाàड (multi-programmed) आधाǐरत ͧसèटम मɅ बनाने कȧ आवæयकता
है, यह Ǔनण[य है ͩक ͩकस एिÜलकेशन को आगे चलना चाǑहए। इसͧलए, जैसा ͩक हमने मãटȣटािèकंग
पया[वरण मɅ देखा है, एÜलȣकेशन 1 उसके समय के टुकड़े तक ǓनçपाǑदत होगा और ऑपरेǑटंग ͧसèटम
तब तय करेगा ͩक कौन सी ĤͩĐया या कौन सा एÜलȣकेशन को आगे चलाना चाǑहए। इसͧलए, यह
Ǔनण[य ऑपरेǑटंग ͧसèटम के भीतर एक इकाई ɮवारा शेɬयूलर को कॉल ͩकया जाता है। अǓनवाय[ Ǿप से,
शेɬयूलर को इस तरह से ͫडजाइन ͩकया जाएगा ͩक इसे Ǔनçप¢ होने कȧ आवæयकता है िजसका अथ[ यह
है ͩक इसे इस तरह से ͫडजाइन ͩकया जाना चाǑहए ͩक उस ĤͩĐया पर चल रहे Ĥ×येक ĤͩĐया या Ĥ×येक
एिÜलकेशन को सीपीयू का उͬचत Ǒहèसा ͧमलना चाǑहए। कुछ Ĥणाͧलयɉ मɅ ͪवशेष Ǿप से, शेɬयूलर को
इस तरह से ͫडजाइन ͩकया जाना चाǑहए ताͩक दूसरɉ पर कुछ अनुĤयोगɉ को Ĥाथͧमकता दȣ जा सके।
और इसका मतलब यह है ͩक हमारे पास कुछ एिÜलकेशन हो सकते हɇ जो अÛय अनुĤयोगɉ कȧ तुलना मɅ
कहȣं अͬधक मह×वपूण[ हɇ और इन अनुĤयोगɉ को Ĥाथͧमकता दȣ जानी चाǑहए। दूसरे शÞदɉ मɅ, इन उÍच
Ĥाथͧमकता अनुĤयोगɉ को ǓनçपाǑदत करने के ͧलए अͬधक CPU समय Ǒदया जाना चाǑहए और साथ हȣ
यह सुǓनिæचत करना चाǑहए ͩक इन उÍच Ĥाथͧमकता अनुĤयोगɉ को CPU मɅ ǓनçपाǑदत करने मɅ बहुत
लंबा इंतजार नहȣं करना चाǑहए। उदाहरण लेने के ͧलए, मान लɅ ͩक हमारे पास तीन एिÜलकेशन हɇ -
एिÜलकेशन 1, 3 और 4, जो कम Ĥाथͧमकता वाले अनुĤयोग हɇ। उदाहरण के ͧलए, यह एक कंपाइलर को
ǓनçपाǑदत करने या कुछ वै£ाǓनक संचालन करने जैसा हो सकता है जैसे ͩक संÉया कȧ वाèतͪवकता कȧ
गणना करना आǑद। इसͧलए, ये कम Ĥाथͧमकता आवेदन के Ǿप मɅ ͪवचार कर सकते हɇ। ĤͩĐया 2 के
दौरान हमɅ लगता है ͩक एक उÍच Ĥाथͧमकता आवेदन है, इस अथ[ मɅ ͩक यह रोबोट कहने मɅ कुछ
पैरामीटर को Ǔनयंǒğत कर सकता है या यह ͩकसी ͪवशेष मूãय कȧ िèथǓत या आġ[ता जैसे पया[वरण के
बारे मɅ कुछ जानकारȣ ĤाÜत करेगा। अब, चूंͩक यह एिÜलकेशन उÍच Ĥाथͧमकता है, इसͧलए ऑपरेǑटंग
ͧसèटम को यह सुǓनिæचत करना चाǑहए ͩक इस एिÜलकेशन 2 को ǓनçपाǑदत करने के ͧलए और अͬधक
CPU समय Ǒदया जाना चाǑहए और साथ हȣ यह एिÜलकेशन CPU समय ĤाÜत करने से पहले बहुत लंबा
इंतजार नहȣं करना चाǑहए। तो, Ĥोसेसर कȧ संÉया के साथ-साथ सीपीयू कोर कȧ संÉया और Ĥ×येक कोर
मɅ धागे threads कȧ संÉया के आधार पर यह संपूण[ Ǔनण[य, और Ĥोसेसर को कैसे ǓनçपाǑदत ͩकया
जाना चाǑहए िजसमɅ सीपीयू और सीपीयू मɅ कौन सा thread Ġेड शेɬयूलर ɮवारा तय ͩकया जाता है,
ऑपरेǑटंग ͧसèटम मɅ ǓनçपाǑदत करता है।"
5,12,(èलाइडसमय का संदभ[ लɅ: 23:00),"और जब हम ऑपरेǑटंग ͧसèटम के बारे मɅ बात करते हɇ तो अÛय बहुत मह×वपूण[ आवæयकता अलगाव
Isolation के ͧलए आवæयकता है। अǓनवाय[ Ǿप से, यह इस तØय से उ×पÛन होता है ͩक हमारे पास कई
अनुĤयोग हɉगे जो ͧसèटम मɅ एक साथ या समय मɅ कटा हुआ तरȣके से ǓनçपाǑदत होते हɇ। अब ये
एिÜलकेशन ͪवͧभÛन उपयोगकता[ओं से हो सकते हɇ। साथ हȣ यह भी हो सकता है ͩक इनमɅ से कुछ
एिÜलकेशन दुभा[वनापूण[ हɇ ͩक ये एिÜलकेशन virus वायरस या Ěोजन Trojan हो सकते हɇ जो ͧसèटम मɅ
अपना राèता ढूंढने का Ĥबंधन कर रहा है और CPU मɅ ǓनçपाǑदत करने का Ĥबंधन करता है। इसͧलए,
एक आवेदन को दूसरे से बचाने के ͧलए अलगाव कȧ आवæयकता होती है और इस Ĥकार एक आवेदन मɅ
डेटा ͩकसी अÛय एिÜलकेशन से Ǒदखाई नहȣं दे सकता है। और अलगाव (isolation) के ͧलए अÛय
आवæयकता ऑपरेǑटंग ͧसèटम के साथ कनȶल (kernel) के संबंध मɅ है। इसͧलए, ͧसèटम इस तरह से
ͫडजाइन ͩकए गए हɇ ͩक ͧसèटम मɅ ǓनçपाǑदत Ĥोसेसर या एिÜलकेशन सीधे ͪवͧभÛन संसाधनɉ तक नहȣं
पहुंचते हɇ। उदाहरण के ͧलए ͧसèटम मɅ चल रहे एक एिÜलकेशन को ͪĤंटर जैसे ͫडवाइस तक सीधे पहुंच
नहȣं दȣ जाएगी। यǑद एिÜलकेशन ͪĤंटर का उपयोग करना चाहता है, तो उसे ऑपरेǑटंग ͧसèटम के
माÚयम से जाना होगा, िजसके ͧलए इसे ͧसèटम कॉल करने कȧ आवæयकता होगी जो बदले मɅ ऑपरेटरɉ
को ͪĤंटर के संबंध मɅ ͫडवाइस Ĝाइवरɉ को ǓनçपाǑदत करने के ͧलए ǑĚगर करेगा। एिÜलकेशन तब
दèतावेज़ या टेÈèट फ़ाइल भेज देगा, िजसे ऑपरेǑटंग ͧसèटम पर ͪĤंट करने कȧ आवæयकता होती है, जो
उसके बाद इसे ͪĤंटर मɅ èथानांतǐरत कर देती है।"
5,13,(èलाइडसमय का संदभ[ लɅ: 25:08),"तो, इसे ĤाÜत करने के ͧलए, अͬधकांश Ĥोसेसर और अͬधकांश ऑपरेǑटंग ͧसèटमɉ मɅ यह वृƣ /ǐरंग
(ring) संरचना कȧ तरह होती है। अǓनवाय[ Ǿप से, Intel platform इंटेल Üलेटफॉम[ जो Intel processor
इंटेल Ĥोसेसर हɇ, मɅ 4 rings हɇ - ring 0, ring 1, ring 2, and ring 3। अब, ring0 वह जगह है जहां
ऑपरेǑटंग ͧसèटम ǓनçपाǑदत होता है। इसͧलए, यह संचालन का सबसे ͪवशेषाͬधकार ĤाÜत मोड है । तो
ǐरंग 0 मɅ, ऑपरेǑटंग ͧसèटम या कनȶल kernel जो यहां ǓनçपाǑदत करता है, ͪवͧभÛन संसाधनɉ को
Ĥबंͬधत करने जैसी कुछ चीजɅ कर सकता है, सीधे ͪवͧभÛन उपकरणɉ के साथ संवाद कर सकता है और
ǓनçपाǑदत ͪवͧभÛन अनुĤयोगɉ के बारे मɅ भी Ǔनयंğण रख सकता है। इसͧलए ͧलनÈस (Linux) जैसे
आधुǓनक ऑपरेǑटंग ͧसèटम मɅ, जो इंटेल Ĥोसेसर पर चलते हɇ, तीसरȣ ǐरंग जो ǐरंग 3 है, उपयोगकता[
अनुĤयोगɉ ɮवारा उपयोग कȧ जाती है। इसͧलए, यह कम से कम ͪवशेषाͬधकार ĤाÜत ǐरंग है और यह
सुǓनिæचत करता है ͩक इस ǐरंग मɅ ǓनçपाǑदत अनुĤयोगɉ मɅ कनȶल तक पहुंच न हो, जो ͩक सामाÛय
पǐरिèथǓतयɉ मɅ इस ǐरंग अंगूठȤ मɅ चल रहे एक एिÜलकेशन को ऑपरेǑटंग ͧसèटम के बारे मɅ कुछ भी
देखने या Ǔनधा[ǐरत करने मɅ स¢म नहȣं होगा । इसͧलए, जब भी आप अपने ͧसèटम पर एक एिÜलकेशन
चलाते हɇ जैसे ͩक हम एक वेब Ħाउज़र या ऑͩफस एÜलȣकेशन कहɅ, तो एिÜलकेशन को ǐरंग 3 मɅ
उपयोगकता[ एिÜलकेशन के Ǿप मɅ शुǾ ͩकया जाएगा, और नेटवक[ या संसाधन जैसे संसाधन का उपयोग
करने के ͧलए मॉǓनटर पर कुछ Ĥदͧश[त करेगा, इन अनुĤयोगɉ को ͧसèटम कॉल (system call) के
माÚयम से कनȶल (Kernel) को आमंǒğत करने कȧ आवæयकता होगी। इसͧलए, कनȶल (kernel) सभी
उपयोगकता[ अनुĤयोगɉ से अलग है। इसके अलावा, ऑपरेǑटंग ͧसèटम के साथ-साथ Ĥोसेसर इस तरह से
ͫडज़ाइन ͩकए गए हɇ ͩक उपयोगकता[ èथान मɅ चलने वाले Ĥ×येक एिÜलकेशन को एक-दूसरे से अलग
ͩकया जाता है। इसका अथ[ यह है ͩक यǑद हम यहां चल रहे एक वेब Ħाउज़र (web browser) और
ऑͩफस एÜलȣकेशन (office application) के बारे मɅ भी कहते हɇ। Ĥोसेसर के साथ ऑपरेǑटंग ͧसèटम कȧ
पूरȣ Ĥणालȣ यह सुǓनिæचत करेगी ͩक वेब Ħाउज़र के पास अÛय एिÜलकेशन के बारे मɅ कोई जानकारȣ
नहȣं है, जो यह नहȣं जानता ͩक ऑͩफस एÜलȣकेशन (office application) Èया कर रहा है। और ऑͩफस
एÜलȣकेशन (office application) को नहȣं पता होगा ͩक वेब Ħाउजर वत[मान मɅ Èया ǓनçपाǑदत कर रहा
है। उदाहरण के ͧलए, ऑͩफस एÜलȣकेशन (office application) को नहȣं पता होगा ͩक वत[मान मɅ कौन
से वेब पेज Ħाउज़ ͩकए जा रहे हɇ। तो, आप देख सकते हɇ ͩक अलग-अलग उपयोगकता[ओं को अलग करने
के ͧलए भी उपयोगी है। इसͧलए, यǑद आपके पास दो अलग-अलग उपयोगकता[ हɇ जो ͧसèटम साझा कर
रहे हɇ, तो उपयोगकता[ 1 यह नहȣं जान पाएगा ͩक उपयोगकता[ 2 ǓनçपाǑदत नहȣं कर रहा है जब तक ͩक
वह कुछ कनȶल फ़ंÈशंस का उपयोग नहȣं करता। और उन कनȶल कायɟ का उपयोग करने का एकमाğ
तरȣका ͧसèटम कॉल के माÚयम से या ͧलनÈस (LINUX) जैसे कुछ Ǔनिæचत मामलɉ मɅ है, कुछ
काय[¢मताएं हɇ जो कनȶल के बारे मɅ Ĥदͧश[त होती हɇ। तो, उपयोगकता[ अÛय ĤͩĐया के बारे मɅ Ǔनधा[ǐरत
करने के ͧलए कनȶल कȧ उन काय[¢मताओं का उपयोग करने मɅ स¢म हɉगे।
(èलाइडसमय का संदभ[ लɅ: 2 9: 9)
ऑपरेǑटंग ͧसèटम के बारे मɅ बात करते समय एक और मह×वपूण[ पहलू सुर¢ा कȧ आवæयकता है।
अǓनवाय[ Ǿप से, सुर¢ा सुͪवधाओं को ऑपरेǑटंग ͧसèटम मɅ जोड़ा जाता है ताͩक यह सुǓनिæचत ͩकया जा
सके ͩक केवल अͬधकृत उपयोगकता[ हȣ उस ͧसèटम का उपयोग कर सकɅ । इसͧलए, उदाहरण के ͧलए,
मेरे पास ͩकसी ͪवशेष सव[र मɅ कोई उपयोगकता[ खाता नहȣं है, तो ऑपरेǑटंग ͧसèटम यह सुǓनिæचत
करेगा ͩक मɇ उस ͪवशेष सव[र पर लॉͬगन नहȣं कर पाऊंगा, और मɇ उस सव[र मɅ कोई भी एिÜलकेशन
चलाने मɅ स¢म नहȣं होगा । तो, ͧसèटम मɅ सुर¢ा कैसे ĤाÜत कȧ जाती है कई Ĥणाͧलयɉ ɮवारा
ऑपरेǑटंग ͧसèटम समथ[न। उदाहरण के ͧलए, तकनीकɉ को एÈसेस कंĚोल (access control) के Ǿप मɅ
जानकर, जो यह सुǓनिæचत करेगा ͩक ͩकसी ͪवशेष उपयोगकता[ ɮवारा बनाई गई कुछ फाइलɅ ͩकसी
अÛय उपयोगकता[ को Ǒदखाई नहȣं दे रहȣ हɇ। उदाहरण के ͧलए, मान लȣिजए ͩक मɇ अǓतͬथ के माÚयम से
एक अǓतͬथ के Ǿप मɅ याǓन एक अǓतͬथ लॉͬगन के Ǿप मɅ एक ͧसèटम मɅ लॉͬगन करता हूं। इसͧलए,
ऑपरेǑटंग ͧसèटम तब इसके बारे मɅ जानेगा और यह Ǔनधा[ǐरत करेगा ͩक मुझे कौन सी फाइलɅ
ǓनçपाǑदत करने कȧ अनुमǓत है और मɇ कौन सी फाइलɉ तक पहुंचने मɅ स¢म हूं। इसͧलए, सुर¢ा ĤाÜत
करने का एक तरȣका एÈसेस कंĚोल (Access Control)के Ǿप मɅ कुछ जानता है। इसͧलए, ऑपरेǑटंग
ͧसèटम मɅ एÈसेस कंĚोल (Access Control) काय[Ĥणालȣ ͪवͧभÛन संसाधनɉ को अनुमǓत देगा या
Ĥबंͬधत करेगा। उदाहरण के ͧलए, यǑद मɇ अǓतͬथ खाते का उपयोग कर ͧसèटम मɅ लॉͬगन करता हूं तो
ऑपरेǑटंग ͧसèटम इसका पता लगाएगा और यह Ǔनधा[ǐरत करेगा ͩक संसाधन Èया हɇ और मɇ कौन सी
फाइलɉ तक पहुंच सकता हूं। उदाहरण के ͧलए, सामाÛय अǓतͬथ खातɉ मɅ, मɇ यूएसबी Ĝाइव (USB
drive) तक पहुँच मɅ स¢म नहȣं हो सकता, जबͩक दूसरȣ ओर मुझे हाड[ ͫडèक मɅ मौजूद कुछ फ़ाइलɉ को
केवल पढ़ने के ͧलए Ǒदया जा सकता है। जबͩक अÛय फाइलɅ जो ͧसèटम से संबंͬधत हɇ या ऑपरेǑटंग
ͧसèटम पर आधाǐरत हɇ, उÛहɅ भी पढ़ा, ͧलखा नहȣं जा पाएगा। तो, मɇ उन फ़ाइलɉ को ǒबãकुल देख नहȣं
पाऊंगा। सुर¢ा ĤाÜत करने के ͧलए ऑपरेǑटंग ͧसèटम ɮवारा उपयोग कȧ जाने वालȣ एक और तकनीक,
उपयोगकता[ पासवड[ और ͩĐÜटोĒाफȧ (cryptography) है। इसͧलए, पासवड[ सुǓनिæचत करते हɇ ͩक
अनͬधकृत लोगɉ को ͧसèटम का उपयोग करने कȧ अनुमǓत नहȣं है। इसͧलए, आधुǓनक लैपटॉप उन
लोगɉ को ͩफ़ãटर करने के ͧलए बायोमेǑĚÈस (biometrics) या ͩफगर ͪĤंट èकैन (finger print scan)
जैसी तकनीकɉ का उपयोग करते हɇ, िजÛहɅ ͧसèटम मɅ एÈसेस Ǒदया जाता है।।"
5,14,(èलाइडसमय का संदभ[ लɅ: 32:00),"तो यह ͪवशेष èलाइड Ǒदखाती है ͩक आम तौर पर एÈसेस कंĚोल (access control) कैसे काया[िÛवत
ͩकया जाता है। इसͧलए, अǓनवाय[ Ǿप से हमारे यहां एक मैǑĚÈस है और Ĥ×येक पंिÈत ͩकसी
उपयोगकता[ से मेल खाती है। तो, एन(Ann), बॉब(Bob) और काल[ (Carl) ͧसèटम के तीन उपयोगकता[
हɇ। जबͩक कॉलम उन संसाधनɉ को Ǒदखाते हɇ जो फ़ाइल 1 है जो हाड[ ͫडèक मɅ संĒहȣत है, फ़ाइल 2,
फ़ाइल 3 और ĤोĒाम 1 । इसͧलए, ͧसèटम मɅ ऑपरेǑटंग ͧसèटम जो उपयोगकता[ ɮवारा उनके पासवड[
के आधार पर लॉग इन ͩकया गया है, Ĥ×येक फ़ाइल के ͧलए अनुमǓतयाँ अलग-अलग Ǒदया जाता है ।
उदाहरण के ͧलए एन (Ann), एन (Ann) उपयोगकता[ के पास फ़ाइल 1 के साथ-साथ फ़ाइल 2 के ͧलए
पढ़ने और ͧलखने कȧ अनुमǓत है और ĤोĒाम 1 ǓनçपाǑदत कर सकता हɇ। हालांͩक, एन (Ann) को फ़ाइल
3 के ͧलए ǒबãकुल अनुमǓत नहȣं है। इसी तरह, दूसरा उपयोगकता[ बॉब (Bob) ͧसèटम के केवल फाइल 1
पढ़ सकता हɇ, वह फ़ाइल 1 पर नहȣं ͧलख सकता है, लेͩकन वह पढ़ सकता है और फ़ाइल 3 पर ͧलख
सकता है, और ऑपरेǑटंग ͧसèटम मɅ अनुमǓत के आधार पर, बॉब (Bob) को ĤोĒाम 1 तक पहुंच नहȣं है,
याǓन वह ĤोĒाम 1 ǓनçपाǑदत नहȣं कर सकता है। इसी तरह, तीसरे उपयोगकता[ काल[ (Carl) को फ़ाइल
1 और फ़ाइल 3 तक पहुंच को पढ़ने या ͧलखने कȧ पहुंच नहȣं हो सकती है, और केवल फ़ाइल 2 तक पहुंच
हो सकती है; हालांͩक, काल[ (Carl) ĤोĒाम 1 को ǓनçपाǑदत कर सकता है और साथ हȣ ĤोĒाम 1 पढ़
सकता है।"
5,15,(èलाइडसमय का संदभ[ लɅ: 33:46),"तो आइए अब हम कहɅ ͩक हमारे पास Ĥोसेसर, ͪवͧभÛन संसाधनɉ और ऑपरेǑटंग ͧसèटम से भरा
ͧसèटम है जो इन ͪवͧभÛन संसाधनɉ का Ĥबंधन करता है और ͧसèटम पर ǓनçपाǑदत अनुĤयोगɉ का
Ĥबंधन भी करता है। तो, हम ͧसèटम कȧ सुर¢ा कैसे ĤाÜत कर सकते हɇ? तो, दो तरȣके हɇ िजनमɅ आम
तौर पर ͩकया जाता है। तो यह गͨणतीय ͪवæलेषण या मैनुअल या अध[ èवचाͧलत स×यापन तकनीकɉ
ɮवारा ͩकया जाता है। इसͧलए, कई Ĥणाͧलयɉ जो ͪवशेष Ǿप से सैÛय या अÛय र¢ा संबंधी अनुĤयोगɉ
जैसे मह×वपूण[ अनुĤयोगɉ मɅ उपयोग ͩकए जाते हɇ, यह सुǓनिæचत करने के ͧलए कठोर सुर¢ा मूãयांकन
के माÚयम से चलते हɇ ͩक ऑपरेǑटंग ͧसèटम के साथ-साथ हाड[वेयर और अनुĤयोगɉ सǑहत इन
Ĥणाͧलयɉ मɅ पया[Üत माğा मɅ सुर¢ा है, इसͧलए ͩक इस तरह के मह×वपूण[ अनुĤयोगɉ के ͧलए इèतेमाल
ͩकया जा सकता है। तो, यह ͧसèटम मɅ एक परȣ¢ण और स×यापन संबंͬधत पहलू से अͬधक है।
धÛयवाद।"
6,0,,"ऑपरेǑटंग ​ͧसèटम ​का ​पǐरचय
Ĥोफेसर ​चेèटर ​रेबेरो
कंÜयूटर ​ͪव£ान ​और ​इंजीǓनयǐरंग ​ͪवभाग
भारतीय ​Ĥौɮयोͬगकȧ ​संèथान
,
​मġास
सÜताह
- 02
​åयाÉयान
- 05
मेमोरȣ ​Ĥबंधन
नमèकार।
ͪपछले ​वीͫडयो ​मɅ ​हमने ​देखा ​है ​ͩक ​ऑपरेǑटंग ​ͧसèटम ​को ​सीपीयू
(CPU)
​का ​Ĥबंधन ​कैसे ​करना ​है ​Èयɉͩक
यह ​शायद ​ͧसèटम
(System)
​मɅ ​सबसे ​मह×वपूण[ ​संसाधन ​है। ​तक[ संगत ​Ǿप ​से
,
​दूसरा ​सबसे ​मह×वपूण[
संसाधन
,
​बिãक ​ͧसèटम ​मɅ ​दूसरा ​सबसे ​मह×वपूण[ ​हाड[वेयर ​संसाधन ​मेमोरȣ
(memory)
​है। ​इस ​वीͫडयो ​मɅ
,
हम ​देखɅगे ​ͩक ​ऑपरेǑटंग ​ͧसèटम ​मेमोरȣ ​का ​Ĥबंधन ​कैसे ​करता ​है
?
​अǓनवाय[ ​Ǿप ​से
,
​हम ​देखɅगे ​ͩक
ऑपरेǑटंग ​ͧसèटम ​ͧसèटम ​मɅ ​मौजूद ​रैम
(RAM)
​का ​Ĥबंधन ​कैसे ​करता ​है।
: 00:56)
(​èलाइडसमय ​का ​संदभ[ ​लɅ
तो ​चͧलए ​ͩफर ​से ​इस ​ͪवशेष ​èलाइड ​कȧ ​समी¢ा ​करɅ। ​हमने ​देखा ​है ​ͩक ​जब ​हम ​एक ​ͪवशेष ​काय[Đम/ĤोĒाम
लेते ​हɇ ​और ​यह ​ͩकसी ​भी ​भाषा ​मɅ ​ͧलखा ​गया ​कोई ​भी ​ĤोĒाम ​हो ​सकता ​है ​और ​जब ​हम ​इसे
संकͧलत/कमपाईल (compile ) ​करते ​हɇ
,
​तो हमɅ जो ͧमलता है उसे ​Ǔनçपादन -​योÊय/एÈसेÈयूटबल
(Executable)​ ​के ​Ǿप ​मɅ ​जाना ​जाता ​है। ​अब
,
​एÈसेÈयूटबल (Executable) ​हाड[ ​ͫडèक ​पर ​संĒहȣत
ͩकया ​जाएगा ​और ​जब ​भी ​कोई ​उपयोगकता[ ​इस ​ĤोĒाम ​को ​चलाता ​है ​या ​इस ​ĤोĒाम ​को ​ǓनçपाǑदत ​करता
है
,
​तो ​यह ​ĤͩĐया/Ĥोसेस (process) ​के ​Ǿप ​मɅ ​जाना ​जाता ​है। ​इसͧलए
,
​यह ​ĤͩĐया/Ĥोसेस (process)
ऑपरेǑटंग ​ͧसèटम ​ɮवारा ​बनाई ​गई ​है ​और ​यह ​रैम
(RAM)
​मɅ ​ǓनçपाǑदत ​होती ​है। ​तो
,
​अǓनवाय[ ​Ǿप ​से
ऑपरेǑटंग ​ͧसèटम ​Èया ​करेगा ​ͩक ​हाड[ ​ͫडèक ​मɅ ​संĒहȣत ​एÈसेÈयूटबल (Executable) ​रैम
(RAM)
​मɅ
लोड
(load)
​ͩकया ​जाएगा ​और ​ͩफर ​Ǔनçपादन ​पर ​इस ​ͪवशेष ​काय[Đम ​को ​पास ​ͩकया ​जाएगा ​और ​यह
ĤोĒाम ​तब
(CPU)
​मɅ ​ǓनçपाǑदत ​होगा। ​इसͧलए
,
​जैसा ​ͩक ​हमने ​इस ​ͪवशेष ​ĤͩĐया ​को ​याद ​ͩकया ​है ​जो
, (segment) , (text segment)
èमृǓत ​मɅ ​मौजूद ​है ​िजसमɅ ​कई ​सेगमɅट ​शाͧमल ​हɇ ​जैसे ​टेÈèट ​सेगमɅट
िजसमɅ ​Ǔनçपाɮय Ǔनदȶश
(Executable instructions),
​èटैक ​(​stack​)​, ​हȣप ​(​heap​)​ ​और ​साथ ​हȣ ​हमने
रिजèटरɉ
(registers)
​जैसे ​ऑपरेǑटंग ​ͧसèटम ​मɅ ​कुछ ​छुपा ​मेटा डेटा ​(meta data) देखा ​है
,
​खुलȣ
फाइलɉ ​और ​संबंͬधत ​ĤͩĐयाओं ​कȧ ​सूची। ​तो
,
​ये ​सभी ​वाèतव ​मɅ ​ĤͩĐया ​का ​गठन ​करते ​हɇ। ​अब
,
​हमारे ​ͧलए
यह ​मह×वपूण[ ​है ​ͩक ​यह ​ĤͩĐया ​है ​और ​यह ​रैम ( RAM​)​ ​मɅ ​Ĥèतुत ​है।
: 02:45)
(​èलाइडसमय ​का ​संदभ[ ​लɅ
इसͧलए ​जब ​हम ​जानते ​हɇ ​ͩक ​रैम ( RAM​)​ ​या ​रɇडम ​एÈसेस ​मेमोरȣ ​(​Random
Access
Memory​)​ ​को
, , 4, 8, 16 32 GB
मुÉय ​मेमोरȣ ​भी ​कहा ​जाता ​है ​तो ​ͧसèटम ​मɅ ​सीͧमत ​संसाधन ​है। ​तो ​Ĥ×येक ​ͧसèटम ​मɅ ​या
RAM
​जीबी ​रैम ​कȧ ​तरह ​कुछ ​होगा। ​उसी ​समय ​हमारे ​पास ​लगभग ​एक ​साथ ​ĤͩĐयाओं ​को ​ǓनçपाǑदत
ͩकया ​जा ​सकता ​है। ​इसͧलए
,
​जैसा ​ͩक ​हमने ​ͪपछले ​वीͫडयो ​मɅ ​देखा ​है
,
​ये ​ĤͩĐयाएं ​समय -​खंड ​तरȣके ​से
ǓनçपाǑदत ​हो ​सकती ​हɇ ​और ​यǑद ​ͧसèटम ​मɅ ​कई ​Ĥोसेसर ​मौजूद ​हɇ
,
​तो ​ये ​Ĥोसेसर ​समानांतर ​मɅ ​भी
ǓनçपाǑदत ​हो ​सकते ​हɇ। ​हालांͩक
,
​इन ​सभी ​मामलɉ ​मɅ
,
​इन ​ĤͩĐयाओं ​और ​उनके ​संबंͬधत ​मेमोरȣ ​मानͬचğ
रैम ( RAM​)​ ​मɅ ​मौजूद ​होना ​चाǑहए। ​अǓनवाय[ ​Ǿप ​से ​ĤͩĐया
1
​से ​संबंͬधत ​मेमोरȣ ​मैप
,
​ĤͩĐया
2
​के ​अनुǾप
मेमोरȣ ​मैप
,
​ĤͩĐया
3
​का ​मेमोरȣ ​मैप ​और ​ĤͩĐया
4
​का ​मेमोरȣ ​मैप ​रैम ​मɅ ​मौजूद ​होना ​चाǑहए
,
​ताͩक ​ये
4
ĤͩĐयाएं ​समानांतर ​मɅ ​या ​बहु-काय[ ​वातावरण मɅ ​ǓनçपाǑदत ​हɉगी ​। ​अब
,
​हम ​जो ​देखने ​जा ​रहे ​हɇ ​वह ​यह ​है
ͩक ​ऑपरेǑटंग ​ͧसèटम ​इस ​संसाधन ​को ​कैसे ​Ĥबंͬधत ​करता ​है ​या ​दूसरे ​शÞदɉ ​मɅ ​रैम ​जैसे ​ͩक ​यह ​ͧसèटम ​मɅ
लगभग ​एक ​साथ ​कई ​ĤͩĐयाओं ​को ​ǓनçपाǑदत ​करने ​कȧ ​अनुमǓत ​देगा।
: 04:25)
(​èलाइडसमय ​का ​संदभ[ ​लɅ
तो
,
​èमृǓत के Ĥबंधन के सबसे Ĥमुख तरȣकɉ मɅ से एक
;
​ͪवशेष Ǿप से एक पुराने ऑपरेǑटंग
ͧसèटम पर ͩकया जाता है िजसे एकल ​संगत ​मॉडल/ͧसंगल कॉिÛटिजयस मॉडल (
Single
Contiguous
Model​) के Ǿप मɅ जाना जाता है। ​इसͧलए
,
​अǓनवाय[ ​Ǿप ​से ​हमारे ​यहां ​एक ​रैम ​है ​जो
ͧसèटम ​कȧ ​रैम ​है ​और ​ऑपरेǑटंग ​ͧसèटम ​ɮवारा ​सुǓनिæचत ​ͩकया ​जाता ​है ​या ​Èया ​ͩकया ​जाता ​है ​यह ​है ​ͩक
यह ​रैम ​एक ​समय ​मɅ ​एक ​ĤͩĐया ​ɮवारा ​कÞजा ​कर ​ͧलया ​जाता ​है। ​अǓनवाय[ ​Ǿप ​से ​ͩकसी ​ͪवशेष ​¢ण ​पर
केवल ​एक ​ĤͩĐया ​होती ​है ​और ​यह ​मेमोरȣ मैप (
memory
map​)​ ​है ​जो ​रैम ​मɅ ​मौजूद ​है। ​इसͧलए
,
​इस
ĤͩĐया ​के ​बाद ​Ǔनçपादन ​पूरा ​हो ​जाएगा ​अगलȣ ​ĤͩĐया ​रैम ( RAM​)​ ​मɅ ​लोड ( load​)​ ​हो ​जाएगी।
: 05:21)"
6,1,"(​èलाइडसमय ​का ​संदभ[ ​लɅ
तो
,
​दोष ​èपçट ​हɇ।
: 05:25)","(​èलाइडसमय ​का ​संदभ[ ​लɅ
पहला ​यह ​है ​ͩक ​हमɅ ​बहुत ​अनुĐͧमक ​Ǔनçपादन ​के ​ͧलए ​मजबूर ​होना ​पड़ता ​है। ​जब ​एक ​ĤͩĐया ​पूरȣ ​होती ​है
,
तो ​केवल ​दूसरȣ ​ĤͩĐया ​रैम ( RAM​)​ ​पर ​कÞजा ​कर ​सकती ​है ​और ​इसी ​तरह। ​इस ​ͪवशेष ​मॉडल ​कȧ ​एक ​और
सीमा ​जो ​एकल ​संगत ​मॉडल/ͧसंगल कॉिÛटिजयस मॉडल ​(​single
contiguous
model​)​ ​मɅ है
,
​यह ​है ​ͩक
ĤͩĐया ​का ​आकार ​रैम ( RAM​)​ ​आकार ​से ​सीͧमत ​है। ​उदाहरण ​के ​ͧलए
,
​आइए ​हम ​कहɅ ​ͩक ​हमारे ​पास ​एक
रैम ( RAM​)​ ​है ​जो ​ͩक
12
​ͩकलोबाइɪस ​(​kilo bytes​)​ ​कȧ ​है
,
​जबͩक ​यह ​रैम ​कȧ ​एक ​बहुत ​छोटȣ ​माğा ​Ĥतीत
होती ​है
, embedded system​ एàबेडेड ​ͧसèटम ​मɅ ​रैम ​का ​यह ​आकार ​आम ​है। ​तो
,
​इस ​रैम ( RAM​)​ ​को
12
kilo bytes 100 kilo bytes
​ͩकलो ​बाइɪस ​कहते ​हɇ ​और ​हमɅ ​बताएं ​ͩक ​हमारȣ ​ĤͩĐया ​का ​आकार ​ͩकलो
बाइɪस ​है
,
​तो ​यह ​èपçट ​है ​ͩक ​यह ​ĤͩĐया ​इस ​रैम ( RAM​)​ ​का ​उपयोग ​करके ​ǓनçपाǑदत ​नहȣं ​कर ​सकती ​है।
अǓनवाय[ ​Ǿप ​से ​रैम ( RAM​)​ ​पूरȣ ​ĤͩĐया ​को ​पकड़ने ​के ​ͧलए ​पया[Üत ​नहȣं ​है।
: 06:35)
(​èलाइडसमय ​का ​संदभ[ ​लɅ
अगला ​मॉडल ​िजसे ​हम ​देखɅगे
,
​जो ​एकल ​संगत ​मॉडल/ͧसंगल कॉिÛटिजयस मॉडल ​(​single
contiguous
model​)​ ​पर ​मामूलȣ ​सुधार ​है ​िजसे ​ͪवभाजन ​मॉडल ​के ​Ǿप ​मɅ ​जाना ​जाता ​है। ​अǓनवाय[ ​Ǿप ​से ​इस ​मॉडल ​मɅ
ͩकसी ​भी ​समय
,
​हमारे ​पास ​कई ​ĤͩĐयाएं ​हो ​सकती ​हɇ ​जो ​एक ​साथ ​रैम ( RAM​)​ ​पर ​कÞजा ​कर ​लेती ​हɇ।
उदाहरण ​के ​ͧलए
,
​इस ​ͪवशेष ​मामले ​मɅ ​हमारे ​पास ​दो ​ĤͩĐयाएं ​हɇ। ​यह ​नीलȣ ​ĤͩĐया ​और ​हरे ​रंग ​कȧ ​ĤͩĐया
जो ​रैम ( RAM​)​ ​पर ​कÞजा ​करती ​है ​और ​इसͧलए
,
​Ĥोसेसर ​तब ​इस ​ĤͩĐया ​को ​साथ ​हȣ ​इस ​ĤͩĐया ​को
समानांतर ​या ​समय ​मɅ ​कटा ​हुआ ​तरȣके ​से ​ǓनçपाǑदत ​कर ​सकता ​है। ​अब
,
​इस ​तरह ​के ​ͪवभाजन ​को ​Ĥबंͬधत
करने ​के ​ͧलए
,
​ऑपरेǑटंग ​ͧसèटम ​को ​ͪवभाजन ​ताͧलका ​के ​Ǿप ​मɅ ​जाना ​जाने ​वाला ​कुछ ​चाǑहए। ​इसͧलए
,
आमतौर ​पर ​यह ​ͪवभाजन ​ताͧलका ​रैम ( RAM​)​ ​मɅ ​भी ​मौजूद ​होगी। ​यह ​एक ​ऐसे ​¢ेğ ​मɅ ​उपिèथत ​होगा ​जो
यहां ​Ǒदखाया ​नहȣं ​गया ​है। ​इसͧलए
,
​ͪवभाजन ​ताͧलका ​मɅ ​ĤͩĐया ​का ​आधार ​पता
,
​ĤͩĐया ​का ​आकार ​और
एक ​ĤͩĐया ​पहचानकता[ ​होगा। ​उदाहरण ​के ​ͧलए
,
​नीलȣ ​ĤͩĐया ​मɅ ​èमृǓत ​या
0x0
​का ​आधार ​पता ​होता ​है ​जो
दशा[ता ​है ​ͩक ​रैम ​मɅ ​शूÛय ​èथान ​से ​शुǾ ​हो ​रहा ​है ​और ​इस ​ĤͩĐया ​मɅ
120 kilo bytes
​ͩकलो ​बाइट ​का
आकार ​है। ​तो
,
​इस ​ǒबंदु ​तक
120 kilo bytes
​ͩकलो ​बाइट ​का ​मतलब ​है। ​उपयोग ​Úवज ​के ​Ǿप ​मɅ ​जाना ​जाने
वाला ​Úवज ​भी ​है ​जो ​उãलेख ​करता ​है ​ͩक ​राम ​मɅ ​यह ​ͪवशेष ​¢ेğ ​उपयोग ​मɅ ​है ​या ​यह ​मुāत ​है। ​ͧमसाल ​के
तौर ​पर
,
​हम ​इसे ​एक ​ĤͩĐया ​लेते ​हɇ ​जो ​यह ​है
,
​यहां ​पर ​Ǒदखाया ​गया ​हरा ​एक ​यहां ​Ǒदखाया ​गया ​है। ​इसͧलए
,
यह ​ĤͩĐया ​èमृǓत ​èथान
120K
​पर ​शुǾ ​होती ​है ​जो ​इस ​ǒबंदु ​पर ​है ​और ​इसका ​आकार
60K
​है। ​इसͧलए
,
​यह
180K ,
​तक ​फैला ​हुआ ​है ​और ​यह ​¢ेğ ​भी ​उपयोग ​मɅ ​है। ​अब ​ͪवभाजन ​ताͧलका ​मɅ ​एक ​और ​Ĥͪविçट ​है ​जो
, 180K 30 ,
Ǔनःशुãक ​ǓनǑद[çट ​है। ​तो ​यह ​से ​शुǾ ​होता ​है ​और ​के ​आकार ​के ​ͧलए ​फैलाता ​है। ​तो ​यह ​इस ​सफेद
¢ेğ ​से ​यहां ​मेल ​खाता ​है। ​इसͧलए
,
​ऑपरेǑटंग ​ͧसèटम ​शायद ​इस ​तीसरȣ ​ĤͩĐया ​को ​चलाने ​के ​ͧलए ​इस
मुÝत ​शेष ​मेमोरȣ ​का ​उपयोग ​कर ​सकता ​है ​और ​इसͧलए
,
​एक ​हȣ ​समय ​मɅ ​रैम ( RAM​)​ ​मɅ ​तीन ​ĤͩĐयाएं
मौजूद ​हो ​सकती ​हɇ।
: 09:34)
(​èलाइडसमय ​का ​संदभ[ ​लɅ
तो ​आइए ​हम ​कहɅ ​ͩक ​पहचानकता[
5
​के ​साथ ​एक ​नई ​ĤͩĐया ​अभी ​बनाई ​जा ​रहȣ ​है। ​तो
,
​ऑपरेǑटंग ​ͧसèटम
ͪवभाजन ​ताͧलका ​मɅ ​देखेगा ​और ​वɅ ​के ​ͧलए ​एक ​ͪवशेष ​Ĥͪविçट ​बनाएगानई ​ĤͩĐया ​है। ​अब
,
​चूंͩक ​इस
ĤͩĐया ​के ​ͧलए
20 kilo bytes
​ͩकलो ​बाइट ​रैम ( RAM​)​ ​के ​आकार ​कȧ ​आवæयकता ​है
,
​इसͧलए ​ऑपरेǑटंग
ͧसèटम ​उस ​ĤͩĐया ​के ​ͧलए
20 kilo bytes
​ͩकलो ​बाइट ​रैम ( RAM​)​ ​आवंǑटत ​करेगा। ​इसͧलए
,
​यह
आवंटन ​मुÈत ​èथान ​से ​ͩकया ​जाता ​है ​और ​जैसा ​ͩक ​हम ​यहां ​देखते ​हɇ
,
​तीसरȣ ​ĤͩĐया ​अब ​राम ​मɅ ​मौजूद
होती ​है ​जबͩक ​खालȣ ​èथान ​आकार ​मɅ ​कम ​हो ​जाता ​है। ​तो
,
​अब ​हमारे ​पास
10 kilo bytes
​ͩकलो ​बाइट शेष
जगह ​ĥȧ ​èपेस ​है। ​इसी ​Ĥकार
,
​जब ​कोई ​ĤͩĐया ​Ǔनçपादन ​पूण[ ​करती ​है
,
​उदाहरण ​के ​ͧलए ​जब ​ĤͩĐया ​एक
Ǔनçपादन ​को ​पूरा ​करती ​है
,
​तो ​उस ​रैम ( RAM​)​ ​मɅ ​¢ेğ ​को ​आवंǑटत ​ͩकया ​जाएगा। ​नतीजतन ​ͪवभाजन
ताͧलका ​से ​संबंͬधत ​Ĥͪविçट ​Ǔन
:
​शुãक ​होगी। ​तो
,
​इससे ​रैम ( RAM​)​ ​मɅ
60
​के ​कȧ ​मुÝत शेष ​मेमोरȣ ​होगी।
इसͧलए
,
​यह ​रैम (
RAM)
​मɅ ​इस ​ͪवशेष ​¢ेğ ​से ​मेल ​खाता ​है ​िजसका ​उपयोग ​ĤͩĐया
1
​ɮवारा ​ͩकया ​गया
था। ​जबͩक ​रैम (
RAM)
​को ​ͪवभािजत ​करने ​कȧ ​यह ​तकनीक ​और ​इसͧलए
,
​रैम ( RAM​)​ ​मɅ ​कई ​ĤͩĐयाओं
को ​आवंǑटत ​करने ​कȧ ​अनुमǓत ​देना ​आसान ​शांत ​है। ​यह Fragmentation​ ĥैगमɅटेशन ​के ​Ǿप ​मɅ ​जाना
जाने ​वाला ​कुछ ​ले ​सकता ​है।
: 11:18)
(​èलाइडसमय ​का ​संदभ[ ​लɅ
तो
,
​आइए ​हम ​कहɅ ​ͩक ​यह ​हमारȣ ​रैम
RAM
​कैसा ​Ǒदखता ​है ​और ​जैसा ​ͩक ​हमने ​देखा ​है ​ͩक ​हमारे ​पास ​कुल
70 kilo bytes
​ͩकलो ​बाइट ​रैम ( RAM​)​ ​है ​जो ​शेष ​मुāत ​है ​ͩक ​हमारे ​पास
60 kilo bytes
​ͩकलो ​बाइɪस
और ​एक ​और
10
​है। ​तो
,
​यह
70 kilo bytes
​ͩकलो ​बाइट ​ĥȧ ​रैम ​मेमोरȣ ​है। ​हालांͩक
, 70 kilo bytes
​ͩकलो
बाइट ​रैम ( RAM​)​ ​होने ​के ​बावजूद
,
​एक ​नई ​ĤͩĐया ​जैसे ​आईडी
ID 6
​के ​साथ ​एक ​नई ​ĤͩĐया ​िजसमɅ
आकार
65
​के ​आकार ​का ​है
, 70 kilo bytes
​ͩकलो ​बाइट ​ĥȧ ​रैम ​उपलÞध ​नहȣं ​है ​और ​इसका ​कारण ​यह ​है ​ͩक
70 kilo bytes , 60 kilo
​मुÝत ​मेमोरȣ ​के ​ͩकलो ​बाइट ​संगत ​èथानɉ ​मɅ ​नहȣं ​है। ​उदाहरण ​के ​ͧलए ​हमारे ​यहां
bytes
​ͩकलो ​बाइट ​ĥȧ ​मेमोरȣ ​मौजूद ​है ​और ​यहां
10 kilo bytes
​ͩकलो ​बाइट शेष ​ĥȧ ​मेमोरȣ ​मौजूद ​है।
इसͧलए
,
​अलग -​अलग ​èमृǓत ​के ​इन ​Þलॉकɉ ​मɅ ​से ​Ĥ×येक
65 kilo bytes
​ͩकलो ​बाइट ​कȧ ​नई ​ĤͩĐया ​शुǾ
करने ​के ​ͧलए ​पया[Üत ​नहȣं ​है। ​इसͧलए
,
​इसे ​ͪवखंडन ​कहा ​जाता ​है ​और ​िजसके ​पǐरणामèवǾप ​रैम ​के
उपयोग ​के ​Ǿप ​मɅ ​जाना ​जाता ​है।
: 12:37)
(​èलाइडसमय ​का ​संदभ[ ​लɅ
अब
,
​मान ​लȣिजए ​ͩक ​जब ​कोई ​नई ​ĤͩĐया ​आती ​है
,
​तो ​रैम (
RAM)
​मेमोरȣ ​मɅ ​मौजूद ​खालȣ ​ǐरÈत ​èथान
पया[Üत ​माğा ​मɅ ​होते ​हɇ। ​तो
,
​अगले ​ऑपरेǑटंग ​ͧसèटम ​को ​यह ​तय ​करना ​होगा ​ͩक ​इस ​शेष मुÝत ​मेमोरȣ ​मɅ
से ​कौन ​सी ​नई ​ĤͩĐया ​को ​लोड
load
​ͩकया ​जाना ​चाǑहए। ​उदाहरण ​के ​ͧलए
,
​यहां ​एक ​नई ​ĤͩĐया ​है ​जो ​अभी
आ ​गई ​है ​और ​हमारे ​पास
3
​Þलॉकɉ ​कȧ ​शेष ​मुÝत ​मेमोरȣ ​है
,
​यह ​एक
,
​यह ​एक ​और ​यह ​एक ​है। ​तो
,RAM
​रैम
मɅ ​मुÝत ​मेमोरȣ ​के ​इन ​तीनɉ ​Þलॉकɉ ​मɅ ​से ​कौन ​सी ​नई ​ĤͩĐया ​को ​लोड ​ͩकया ​जाना ​चाǑहए
?
​इसे ​ĤाÜत ​करने
के ​ͧलए ​कई ​एãगोǐरदम ​हो ​सकते ​हɇ। ​तो
,
​सबसे ​सरल ​एãगोǐरदम ​मɅ ​से ​एक ​कुछ
First Fit​ ͩफट ​ͩफट ​के ​Ǿप
मɅ ​जाना ​जाता ​है। ​तो
,
​इस ​पहले ​ͩफट ​एãगोǐरदम
First fit algorithm
​के ​साथ ​ऑपरेǑटंग ​ͧसèटम ​Èया
करेगा
,
​शीष[ ​से ​शुǾ ​होने ​वाले ​रैम ​मɅ ​Ǔन
:
​शुãक ​Þलॉक ​èकैन ​करɅ ​और ​पहले ​उपलÞध ​ĥȧ ​Þलॉक ​का ​उपयोग
करɅ ​जो ​कम ​से ​कम ​ĤͩĐया ​आवæयकताओं ​के ​Ǿप ​मɅ ​बड़ा ​है। ​तो ​उदाहरण ​के ​ͧलए
,
​यह ​रैम ( RAM​)​ ​शीष[ ​से
èकैन ​है ​और ​यह ​देखा ​गया ​था ​ͩक ​ĤͩĐया ​के ​ͧलए ​पहला ​शेष खंड ​ĥȧ ​Þलॉक ​बहुत ​छोटा ​है। ​इसͧलए
,
​इसे
यहां ​आवंǑटत ​नहȣं ​ͩकया ​गया ​है। ​अगला ​Ǔन
:
​शुãक ​खंड Þलॉक ​इस ​ĤͩĐया ​को ​आवंǑटत ​करने ​के ​ͧलए
काफȧ ​बड़ा ​है। ​इसͧलए
,
​ĤͩĐया ​आवंǑटत ​कȧ ​जाती ​है। ​हालांͩक ​यह ​पहला ​ͩफट ​आवंटन ​एãगोǐरदम ​एक
ओएस ​(OS) पǐरĤेêय ​से ​Ĥदश[न ​करना ​बेहद ​आसान ​है
,
​यह ​ͪवखंडन ​को ​और ​भी ​खराब ​कर ​सकता ​है।
अǓनवाय[ ​Ǿप ​से ​पहले ​ͩफट ​के ​साथ
,
​हम ​जो ​कर ​रहे ​हɇ ​वह ​यह ​है ​ͩक ​हम ​छोटे ​और ​छोटे ​Ǒहèसɉ ​मɅ ​मुÝत
Þलॉक ​कȧ ​माğा ​तोड़ ​रहे ​हɇ। ​इस ​Ĥकार ​åयिÈतगत ​Ǿप ​से ​Ĥ×येक ​खंड ​एक ​ĤͩĐया ​को ​ĤाÜत ​करने ​मɅ ​स¢म
नहȣं ​होगा
,
​इस ​Ĥकार ​ͪवखंडन ​को ​और ​भी ​खराब ​कर ​देगा। ​अÛय ​एãगोǐरदम ​िजसे ​हम ​देखɅगे ​सव[Įेçठ ​ͩफट
एãगोǐरदम ​के ​Ǿप ​मɅ ​जाना ​जाता ​है ​और ​यह ​ͪवखंडन ​के ​संबंध ​मɅ ​काफȧ ​अÍछा ​Ĥदश[न ​करता ​है। ​अǓनवाय[
Ǿप ​से ​यह ​èमृǓत ​को ​पहले ​ͩफट ​एãगोǐरदम ​िजतना ​टुकड़ा ​नहȣं ​करेगा। ​तो
,
​यहां ​Èया ​होता ​है ​ͩक ​जब ​कोई
नई ​ĤͩĐया ​Ĥवेश ​करती ​है ​या ​बनाई ​जाती ​है
,
​तो ​ऑपरेǑटंग ​ͧसèटम ​उपलÞध ​सभी शेष खंड ​मुÈत ​Þलॉक ​के
माÚयम ​से ​èकैन ​करेगा ​और ​उस ​ĤͩĐया ​के ​ͧलए ​सबसे ​अÍछा ​ͩफट ​Þलॉक ​चुनɅ। ​इसͧलए
,
​इस ​ͪवशेष ​मामले
मɅ ​जैसा ​ͩक ​हमने ​पहले ​भी ​देखा ​है
,
​इस ​ͪवशेष ​ĤͩĐया ​को ​पूरा ​करने ​के ​ͧलए ​यह ​ͪवशेष ​शेष खंड ​Ǔनशुãक
Þलॉक ​बहुत ​छोटा ​है। ​यह शेष खंड ​मुÝत ​Þलॉक ​बहुत ​बड़ा ​है ​जबͩक ​तीसरा शेष खंड ​Ǔन
:
​शुãक ​Þलॉक ​सहȣ
है। ​इसͧलए
,
​ऑपरेǑटंग ​ͧसèटम ​इस ​ĤͩĐया ​को ​इस ​Ǔनशुãक ​Þलॉक ​मɅ ​आवंǑटत ​करेगा ​जैसा ​ͩक ​यहां
Ǒदखाया ​गया ​है। ​जबͩक ​बेèट ​ͩफट ​एãगोǐरदम ​(​Best
fit
algorithm​)​ ​Ĥभावी ​Ǿप ​से ​ͪवखंडन ​मुɮदे ​को ​कम
करने ​वाले ​उपलÞध ​रैम ​(​RAM​)​ ​का ​उपयोग ​करता ​है
,
​वहां ​एक ​Ĥदश[न ​Ǒहट ​हो ​सकती ​है। ​अǓनवाय[ ​Ǿप ​से
,
इसका ​पǐरणाम ​Ĥदश[न ​मɅ ​ͬगरावट ​हो ​सकती ​है। ​इसका ​कारण ​यह ​है ​ͩक ​अब ​ऑपरेǑटंग ​ͧसèटम ​को
उपलÞध ​हर ​शेष खंड ​मुÈत ​Þलॉक ​के ​माÚयम ​से ​èकैन ​करना ​होगा ​और ​नई ​ĤͩĐया ​के ​ͧलए ​कौन ​सा ​ĥȧ
Þलॉक ​सबसे ​अÍछा ​है
,
​इस ​बारे ​मɅ ​Ǔनण[य ​लेने ​कȧ ​जǾरत ​है ​और ​इसमɅ ​कुछ ​समय ​लगेगा।
: 16:28)
(​èलाइडसमय ​का ​संदभ[ ​लɅ
ͪवभाजन ​मॉडल ​के ​साथ ​एक ​और ​मुɮदा ​ͪवलोपन/डीएलोकेशन ( deallocation​)​ ​का ​मामला ​है। ​इसͧलए
,
अǓनवाय[ ​Ǿप ​से ​ͪवलोपन ​तब ​होता ​है ​जब ​कोई ​ĤͩĐया ​Ǔनçपादन ​को ​समाÜत ​करती ​है ​या ​समाÜत ​हो ​जाती
है ​और ​रैम ​(​RAM​)​ ​से ​ǓनçपाǑदत ​करने ​कȧ ​अनुमǓत ​देने ​के ​ͧलए ​रैम ​(​RAM​)​ ​से ​हटा ​Ǒदया ​जाना ​चाǑहए।
इसͧलए
,
​डीलोकेशन ​कȧ ​आवæयकता ​होगी ​ͩक ​नया ​नया ​खंड/Þलॉक ​बनाया ​जाए ​और ​इसके ​पǐरणामèवǾप
ͪवभाजन ​ताͧलका ​मɅ ​इस ​Þलॉक ​के ​अनुǾप ​मुÈत ​Úवज ​सेट ​होगा। ​तो
,
​अब ऑपरेǑटंग ͧसèटम को Èया
करना है
,
​यह पता लगाना चाǑहए ͩक वाèतव मɅ तीन सिÛनǑहत मुÈत Þलॉक हɇ जो रैम मɅ मौजूद
हɇ और इसके पǐरणामèवǾप
,
​इन तीन सिÛनǑहत मुÈत Þलॉकɉ का पता लगाना चाǑहए और इन
तीन Þलॉक का एक Þलॉक मɅ ͪवलय करने मɅ स¢म होना चाǑहए।
: 17:34)"
6,2,"(​èलाइडसमय ​का ​संदभ[ ​लɅ
इसे एक मोटे मुÈत Þलॉक मɅ ͪवलय करने का लाभ यह है ͩक अब यह बड़ा मुÈत Þलॉक एक
बड़ी ĤͩĐया को पूरा कर सकता है और इस तरह ͪवखंडन के Ĥभाव को कम कर सकता है।
: 17:51)","(​èलाइडसमय ​का ​संदभ[ ​लɅ
इसͧलए
,
​हमने ​देखा ​है ​ͩक ​एकल ​संगत ​मॉडल/ͧसंगल कॉिÛटिजयस मॉडल (
single contiguous
model​)
के ​साथ -​साथ ​ͪवभाजन ​मॉडल/पाटȹशन मॉडल ​(​partition model​) कȧ ​Ĥमुख ​सीमा ​यह ​है ​ͩक ​ĤͩĐया ​के
पूरे ​मेमोरȣ ​मानͬचğ/मैप (memory map​)​ ​को ​पूरे ​Ǔनçपादन ​के ​दौरान ​रैम ​(​RAM​)​ ​मɅ ​मौजूद ​होना
आवæयक ​था। ​इसͧलए
,
​पूरȣ ​ĤͩĐया ​के ​ͧलए ​सभी ​आवंटन ​को ​संगत/ कोिÛतगुऔस ​(​contiguous​)​ ​èमृǓत
मɅ ​होना ​आवæयक ​था ​और ​इन ​मुɮदɉ ​के ​कारण
,
​इससे ​ͪवखंडन ​हुआ
,
​रैम ​(​RAM​)​ ​आकार ​के ​आधार ​पर, ​और
बुक ​रखने ​के ​कारण और ͪवभाजन का Ĥबंधन के भी आधार ​पर ​भी Ĥदश[न मɅ ͬगरावट होगी। ​तो
,
सौभाÊय ​से ​हमारे ​ͧलए ​आधुǓनक ​Ǒदन के ​ऑपरेǑटंग ​ͧसèटम ​मेमोरȣ ​के ​Ĥबंधन ​मɅ ​काफȧ ​बेहतर ​काम ​करते
हɇ। ​इसͧलए
,
​अͬधकांश ​आधुǓनक ​Ǒदन ​के ऑपरेǑटंग ​ͧसèटम ​वचु[अल ​मेमोरȣ ​(​virtual memory​)​ ​और
सेगमɅटेशन ​(​segmentation​) कȧ ​दो ​अवधारणाओं ​का ​उपयोग ​करते ​हɇ। ​तो ​अगले ​कुछ ​वीͫडयो ​मɅ
,
​हम ​इन
èमृǓत ​Ĥबंधन ​अवधारणाओं ​कȧ ​बजाय ​इन ​èमृǓत ​अवधारणाओं ​को ​देखɅगे ​और ​हम ​यह ​भी ​देखɅगे ​ͩक ​इंटेल
x86
​Ĥोसेसर ​(​Intel​ ​x86​ processor) èमृǓत ​का ​Ĥबंधन ​कैसे ​करते ​हɇ।
धÛयवाद।"
7,0,,"ऑपरेǑटंग ​ͧसèटम ​का ​पǐरचय
Ĥोफेसर ​चेèटर ​रेबेरो
कंÜयूटर ​ͪव£ान ​और ​इंजीǓनयǐरंग ​ͪवभाग
भारतीय ​Ĥौɮयोͬगकȧ ​संèथान
,
​मġास
सÜताह
- 02
​åयाÉयान
- 06
वचु[अल ​मेमोरȣ ​(​Virtual Memory​)
नमèकार। ​इस ​वीͫडयो ​मɅ
,
​हम ​‘आभासी èमृǓत’/’वचु[अल ​मेमोरȣ’ ​(​Virtual Memory​) देखɅगे
;
​जो
आजकल ​ͧसèटम ​मɅ ​सबसे ​अͬधक ​उपयोग ​कȧ ​जाने ​वालȣ ​मेमोरȣ ​Ĥबंधन ​तकनीक ​है।
: 00:31)
(​èलाइडसमय ​का ​संदभ[ ​लɅ
तो ​वचु[अल ​मेमोरȣ
(Virtual Memory)​ ͧसèटम ​मɅ
,
​ͧसèटम ​मɅ ​मौजूद ​संपूण[ ​रैम (
RAM)
​को ​पेज ​ĥेम
(​Page frames​) नामक ​बराबर ​आकार ​वाले ​ͪवभाजन ​मɅ ​ͪवभािजत ​ͩकया ​जाता ​है। ​तो ​आम ​तौर ​पर
,
​पेज
ĥेम ​(​page frames​)​ ​मɅ Ĥ×येक पृçठ ​ĥेम ​के
4 kilobytes
​ͩकलोबाइट ​हɉगे। ​तो ​इस ​रैम (
RAM)
​मɅ
,
उदाहरण ​के ​ͧलए
,
​हमारे ​पास
14
​पेज ĥेम (
Page frames)
​हɇ
;
​जो
1
​से
14.
​तक ​ͬगने ​जाते ​हɇ ​और
,
​इनमɅ ​से
Ĥ×येक ​(​Page frames​) पृçठ ​के ​ĥेम ​का ​आकार ​समान ​होता ​है। ​ͪपछले
Intel processor
​इंटेल ​Ĥोसेसर ​मɅ
,
सभी ​पेज
page 4
​ͩकलोबाइट ​(​kilobytes​) पर ​तय ​ͩकए ​गए ​थे। ​लेͩकन
,
​हाल ​के ​Ĥोसेसर ​मɅ ​हमारे ​पास ​पेज
(​page​)​ ​या ​पेज ĥेमस (
Page frames)
​हो ​सकते ​हɇ
,
​जो ​ͩक ​बड़े ​आकार ​के ​हɇ। ​इसी ​तरह
,
​ĤͩĐया ​मɅ ​जो
सीपीयू (
CPU)
​या ​ĤͩĐया ​मैप ​मɅ ​ǓनçपाǑदत ​ĤͩĐया ​को ​बराबर ​आकार ​के ​खंड/Þलॉक मɅ ​ͪवभािजत ​ͩकया
जाता ​है। ​अब
,
​एक ​ĤͩĐया ​का ​ͪवभाजन ​इस ​तरह ​से ​है ​ͩक ​इस ​आकार ​का ​एक ​ĤͩĐया ​का खंड/Þलॉक
आकार ​पृçठ ​ĥेम ​(​Page frames​) आकार ​के ​बराबर ​है
;
​इस ​ĤͩĐया ​मɅ ​Ĥ×येक ​खंड/Þलॉक का ​आकार ​पृçठ
ĥेम ​(​Page frames​) आकार ​के ​बराबर ​है। ​अब ​Èयɉͩक ​हमने ​इस ​तरह ​कȧ ​रैम (
RAM)
​को ​ͪवभािजत ​कर
Ǒदया ​है
,
​साथ ​हȣ ​साथ ​Ĥोसेसर ​कȧ ​मेमोरȣ ​भी ​इसी ​तरह ​से ​ͪवभािजत ​कर ​दȣ ​है
,
​ͩफर ​हम ​रैम ​मɅ ​पेज ĥेम
(​Page
frames)
​के ​ͧलए ​ĤͩĐया ​मɅ खंड/Þलॉक आवंǑटत ​कर ​सकते ​हɇ। ​इसके ​अǓतǐरÈत
,
​ऑपरेǑटंग
ͧसèटम ​Èया ​रखता ​है ​एक ​टेबल ​है। ​यह ​ताͧलका ​रैम (
RAM)
​मɅ ​भी ​मौजूद ​है ​और ​यहां ​Ǒदखाई ​नहȣं ​दे ​रहȣ
है। ​लेͩकन
,
​इसमɅ ​Èया ​है
,
​ĤͩĐया ​खंड/Þलॉक से ​पेज ĥेम (
Page frames)
​पर ​मैͪपंग ​है। ​उदाहरण ​के ​ͧलए
,
मैͪपंग ​बहुत ​सरल ​है
;
​ĤͩĐया ​के ​Þलॉक
1
​को ​पेज ​ĥेम ​नंबर
1
​मɅ ​मैप ​ͩकया ​जाता ​है
,
​यानी
,
​ĤͩĐया ​के ​Þलॉक
1
​को ​पेज ĥेम (
Page frames)
​नंबर
1
​मɅ ​मैप ​ͩकया ​जाता ​है
,
​Þलॉक खंड
2
​पेज ĥेम (
Page frames) 2
मɅ ​मैप ​ͩकया ​जाता ​है
,
​Þलॉक ​खंड
3
​पेज ĥेम (
Page frames) 3
​पर ​मैप ​ͩकया ​जाता ​है
,
​और ​इसी ​तरह ​।
अब ​यह
,
​मɇ ​ͩफर ​से ​हाइलाइट ​करना ​चाहता ​हूं
;
​ĤǓत ​ĤͩĐया ​पृçठ ​ताͧलका ​है। ​तो ​ĤǓत ​ĤͩĐया ​का ​मतलब ​है
ͩक ​ͧसèटम ​पर ​चल ​रहȣ ​हर ​ĤͩĐया ​मɅ ​एक ​समान ​पृçठ ​ताͧलका ​होगी ​जैसा ​ͩक ​यहां ​Ǒदखाया ​गया ​है।
: 03:23)
(​èलाइडसमय ​का ​संदभ[ ​लɅ
अब ​Èयɉͩक ​हमारे ​पास ​ऐसी ​सारणी ​है ​जो ​ͩकसी ​ĤͩĐया ​के ​खंड/Þलॉक के ​बीच ​मैͪपंग ​को ​संबंͬधत ​पेज ​ĥेम
पर ​Ĥदान ​करती ​है
,
​ͩफर ​हम ​Èया ​कर ​सकते ​हɇ ​ͩक ​हम ​ͩकसी ​भी ​Ĥकार ​का ​मैͪपंग ​चुन ​सकते ​हɇ ​िजसे ​हम
चुनते ​हɇ। ​उदाहरण ​के ​ͧलए
,
​अब ​हमारे ​पास खंड/Þलॉक
14
​मɅ ​मौजूद ​ĤͩĐया ​मɅ ​से
1
​खंड/Þलॉक है ​जो ​पृçठ
ĥेम
2
​मɅ ​मौजूद ​ĤͩĐया ​के ​Þलॉक खंड
2,
​पृçठ ​ĥेम
Page frames 13
​मɅ ​ĤͩĐया ​के ​Þलॉक ​खंड
3
​और ​इसी
तरह ​से ​है। ​अǓनवाय[ ​Ǿप ​से
,
​हम ​इस ​ͪवशेष ​ĤͩĐया ​पृçठ ​ताͧलका ​के ​साथ ​Èया ​हाͧसल ​करने ​मɅ ​स¢म ​हɇ ​यह
है ​ͩक ​ĤͩĐया ​के ​Þलॉक खंड ​रैम (
RAM)
​मɅ ​संगत
Page frames
​पृçठ ​ĥेम ​मɅ ​नहȣं ​होने ​चाǑहए। ​हालांͩक
,
हम ​जो ​ओवरहेड ​करते ​हɇ ​वह ​यह ​है ​ͩक ​Ĥोसेसर ​मेमोरȣ ​मैप ​मɅ ​हर ​बार ​एक ​ͪवशेष ​èमृǓत ​èथान ​तक ​पहुंचने
कȧ ​आवæयकता ​होती ​है। ​सीपीयू ( CPU​)​ ​को ​Ĥोसेसर ​पेज ​टेबल ​(processor page table) को ​देखने ​कȧ
आवæयकता ​होगी
,
​उस ​ͪवशेष ​पते ​के ​ͧलए ​संबंͬधत ​पेज ĥेम (
Page frames)
​नंबर ​ĤाÜत ​करɅ ​और ​केवल
तभी ​रैम (
RAM)
​को ​संबोͬधत ​ͩकया ​जा ​सके ​या ​एÈसेस ​ͩकया ​जा ​सके। ​उदाहरण ​के ​ͧलए
,
​आइए ​हम ​कहɅ
ͩक ​सीपीयू (
CPU)
​मɅ ​ǓनçपाǑदत ​ĤोĒाम ​ĤͩĐया ​के ​Þलॉक खंड
3
​के ​अंदर ​एक ​èमृǓत ​èथान ​तक ​पहुंचता
है। ​तो
,
​यह ​कुछ ​डेटा (
data)
​के ​ͧलए ​एक ​Ǔनदȶश ​या ​लोड ​या ​èटोर ​हो ​सकता ​है। ​अब
,
​जब ​इस ​तरह ​के ​एक
ऑपरेशन ​को ​ǓनçपाǑदत ​ͩकया ​जाता ​है ​तो ​Ĥोसेसर ​मɅ ​मौजूद ​èमृǓत ​Ĥबंधन ​इकाई ​इस ​पहुंच ​को ​रोक ​देगी।
और ​ͩफर
,
​यह ​पृçठ ​ताͧलका ​मɅ ​देखने ​जा ​रहा ​है ​और ​यह ​पता ​लगाता ​है ​ͩक ​इसी ​पृçठ ​ĥेम
,
​जो ​Þलॉक खंड
संÉया
3
​कȧ ​ओर ​है
13.
​है। ​ͩफर
,
​यह ​ͩकसी ​भौǓतक ​पते ​के ​Ǿप ​मɅ ​जाना ​जाने ​वाला ​कुछ ​उ×पÛन ​करने ​जा
रहा ​है
,
​जो ​तब ​देखेगा ​रैम (
RAM)
​मɅ
13
​वां ​पेज ​ĥेम ​(​Page frames​)​ ​। ​नतीजतन
,
​रैम (
RAM)
​मɅ ​पहुंच
संभव ​होने ​से ​पहले
,
​Ĥ×येक ​मेमोरȣ ​एÈसेस ​मɅ ​पृçठ ​ताͧलका ​को ​देखने ​का ​अǓतǐरÈत ​ओवरहेड ​होता ​है। ​तो
यह ​पेज ​टेबल ​(​page table​)​ ​मɅ ​Ǒदखता ​है ​अǓतǐरÈत ​ओवरहेड ​है। ​और
,
​आम ​तौर ​पर ​यह ​ओवरहेड ​आंͧशक
Ǿप ​से ​टȣएलबी ​कैश ​(​TLB cache​)​ ​या ​एक ​Ěांसलेशनेशनल ​लुकसाइड ​बफर ​कैश ​(​Translational
Lookaside Buffer
cache​) के ​Ǿप ​मɅ ​जाना ​जाता ​है। ​तो
,
​हम ​टȣएलबी ​कैश
TLB cache
​के ​बारे ​मɅ ​ͪववरण
मɅ ​नहȣं ​जाएंगे। ​लेͩकन
,
​पाɫयĐम ​के ​संबंध ​मɅ ​हमारȣ ​समझ ​के ​ͧलए ​हम ​अÚययन ​कर ​रहे ​हɇ
,
​हमɅ ​यह ​याद
रखना ​होगा ​ͩक ​Ĥ×येक ​मेमोरȣ ​एÈसेस ​या ​उसके ​Ǔनçपादन ​के ​दौरान ​ĤͩĐया ​ɮवारा ​ĤाÜत ​ͩकए ​गए ​Ǔनदȶशɉ
के ​Ĥ×येक ​लोड ​या ​èटोर ​को ​एक ​ͪवशेष ​पृçठ ​ताͧलका ​को ​देखने ​कȧ ​आवæयकता ​होगी ​और ​केवल ​तभी ​रैम
(​RAM) ​का ​उपयोग ​ͩकया ​जा ​सकता ​है।
: 06:29)
(​èलाइडसमय ​का ​संदभ[ ​लɅ
अब
,
​हमने ​जो ​उãलेख ​ͩकया ​था ​वह ​था ​ͩक ​ͧसèटम ​मɅ ​ǓनçपाǑदत ​हर ​ĤͩĐया ​मɅ ​अपनी ​ĤͩĐया ​पृçठ
ताͧलका (
page table)
​होगी। ​इस ​Ĥकार
,
​यǑद ​आपके ​पास ​दूसरȣ ​ĤͩĐया ​है ​जो ​ĤͩĐया
2
​है
,
​तो ​ĤͩĐया
2
​मɅ
पृçठ ​ताͧलका ​भी ​संबɮध ​होगी
;
​ĤͩĐया
3
​मɅ ​इसकȧ ​संबंͬधत ​पेज ​ताͧलका ​(​page table​) भी ​होगी। ​अब
,
​इन
ĤͩĐयाओं ​या ​इन ​ĤͩĐयाओं ​के ​Ǿप ​मɅ ​हमने ​इन ​ĤͩĐयाओं ​से ​जुड़े ​èमृǓत ​को ​देखा ​है ​èमृǓत ​के ​उपयोगकता[
अंतǐर¢ ​¢ेğ ​मɅ ​मौजूद ​हɇ। ​हालांͩक
, kernel
​कनȶल ​कȧ ​जगह ​मɅ ​ĤͩĐया ​पृçठ ​सारणी ​मौजूद ​हɇ। ​और ​इसͧलए
,
उपयोगकता[ ​èथान ​मɅ ​आप ​जो ​भी ​ĤोĒाम ​ͧलखते ​हɇ
,
​लेͩकन ​यह ​Ǔनधा[ǐरत ​करने ​मɅ ​स¢म ​नहȣं ​है ​ͩक ​ĤͩĐया
, ,
पृçठ ​ताͧलका ​मैͪपंग ​Èया ​हɇ। ​अब ​चूंͩक ​हमारे ​पास ​ͧसèटम ​मɅ ​कई ​ĤͩĐयाएं ​ǓनçपाǑदत ​हɇ ​इसͧलए ​Ĥ×येक
ĤͩĐया ​मɅ ​ͪवͧभÛन ​पेज ​ĥेम ​मैͪपंग (
page frame
mapping​)​ ​हो ​सकती ​हɇ। ​उदाहरण ​के ​ͧलए
,
​ĤͩĐया
1
​मɅ
इस ​ͪवशेष ​रैम ​मɅ ​सभी ​नीले ​पृçठ ​के ​ĥेम ​का ​मैͪपंग ​है
;
​जबͩक ​ĤͩĐया
2
​मɅ ​सभी ​पीले ​पृçठ ​के ​ĥेम ​होते ​हɇ
;
जब ​तीसरा
,
​ĤͩĐया
3
​मɅ ​सभी ​नारंगी ​पृçठ ​ĥेम ​होते ​हɇ। ​अब
,
​हम ​Èया ​देख ​सकते ​हɇ ​ͩक ​हम ​एक ​साथ ​कई
ĤͩĐयाओं ​के ​साथ ​रैम (
RAM)
​साझा ​करने ​मɅ ​स¢म ​हɇ। ​अब
,
​मान ​लɅ ​ͩक ​हमारे ​पास ​एक ​हȣ ​सीपीयू ​वाला
ͧसèटम ​है। ​इसका ​मतलब ​है ​ͩक ​समय ​पर ​एक ​ͪवशेष ​ǒबंदु ​पर
,
​केवल ​एक ​हȣ ​ĤͩĐया ​ǓनçपाǑदत ​होगी। ​अब
,
यह ​ĤͩĐया ​तब ​तक ​ǓनçपाǑदत ​रहेगी ​जब ​तक ​ͩक ​इसका ​समय ​èलाइस ​(​time slice​)​ ​पूरा ​न ​हो ​जाए।
इसͧलए
,
​ĤͩĐया ​के ​Ǔनçपादन ​के ​दौरान
,
​उदाहरण ​के ​ͧलए
,
​ĤͩĐया
1
​सीपीयू ​(​CPU​)​ ​मɅ ​ǓनçपाǑदत ​हो ​रहा ​है
,
यह ​ͪवशेष ​ĤͩĐया ​पृçठ ताͧलका (
page table)
​हȣ ​सͩĐय ​पृçठ ​ताͧलका ​होगी। ​इसͧलए
,
​ͩकसी ​भी ​Ǔनदȶश
या ​डेटा (
data)
​को ​लोड ​या ​संĒहȣत ​ͩकया ​जाएगा
,
​रैम ​(​RAM​)​ ​मɅ ​संबंͬधत ​पृçठ ĥेम (
page frame)
​ĤाÜत
करने ​के ​ͧलए ​इस ​ͪवशेष ​ĤͩĐया ​पृçठ ताͧलका (
page table)
​को ​देखɅगे। ​जब ​ĤͩĐया
1
​से ​संदभ[
1
​कहने
के ​ͧलए ​संदभ[ ​िèवच ​होता ​है
,
​तो ​यह ​ĤͩĐया ​कȧ ​पृçठ ​ताͧलका ​होगी
,
​जो ​सͩĐय ​हो ​जाएगी। ​इसͧलए
,
​ĤͩĐया
2
​मɅ ​उपयोग ​ͩकए ​गए ​ͩकसी ​भी ​पते ​को ​इस ​सͩĐय ​पृçठ ​ĥेम ​से ​संबंͬधत ​पृçठ ​ĥेम ​संÉया ​ĤाÜत ​होगी। ​इसी
तरह
,
​जब ​ĤͩĐया
3
​सीपीयू ​मɅ ​ǓनçपाǑदत ​हो ​जाती ​है
,
​तो ​इस ​ĤͩĐया ​कȧ ​पृçठ ताͧलका (
page table)
​हȣ
सͩĐय ​पृçठ ताͧलका (
page table)
​होगी। ​तो
,
​हम ​Èया ​देख ​सकते ​हɇ ​ͩक ​ĤͩĐया
2
​के ​ͧलए ​ĤͩĐया
1
​या
ĤͩĐया
3
​के ​अनुǾप ​ͩकसी ​भी ​पृçठ ĥेम (
page frame)
​तक ​पहुंचना ​संभव ​नहȣं ​है।
: 09:37)
(​èलाइडसमय ​का ​संदभ[ ​लɅ
अगलȣ ​बात ​हम ​देखɅगे ​ͩक ​हम ​ĤͩĐया ​को ​ǓनçपाǑदत ​करने ​से ​पहले ​वाèतव ​मɅ ​सभी ​खंड/Þलॉक को ​èमृǓत
मɅ ​लोड ​करने ​कȧ ​आवæयकता ​है
?
​तो
,
​पहले ​के ​वीͫडयो ​मɅ ​हमने ​देखा ​था ​ͩक ​जब ​कोई ​ĤͩĐया ​ǓनçपाǑदत ​होती
है
,
​तो ​पूरȣ ​ĤͩĐया ​रैम (
RAM)
​मɅ ​लोड ​कȧ ​जाती ​थी। ​तो
,
​अब ​हम ​खुद ​से ​पूछते ​हɇ ​ͩक ​वाèतव ​मɅ ​ऐसी ​लोͫडंग
आवæयक ​है
?
​और ​जवाब ​नहȣं ​है। ​अǓनवाय[ ​Ǿप ​से
,
​हम ​काय[Đमɉ ​के ​बारे ​मɅ ​Èया ​देखते ​हɇ ​ͩक ​काय[Đम ​के
सभी ​Ǒहèसɉ ​मɅ ​एक ​साथ ​पहुंच ​नहȣं ​है। ​दूसरे ​शÞदɉ ​मɅ
,
​एक ​ͪवशेष ​काय[Đम ​ǓनçपाǑदत ​करने ​के ​तरȣके ​मɅ ​एक
èथानीय ​पहलू ​है। ​इसका ​अथ[ ​यह ​है ​ͩक ​यǑद ​कुछ ​Ǔनदȶशɉ ​को ​हम ​इस ​ͪवशेष ​खंड/Þलॉक को ​कहने ​के ​ͧलए
ǓनçपाǑदत ​कर ​रहे ​हɇ
,
​तो ​यह ​संभव ​है ​ͩक ​Ǔनदȶशɉ ​का ​अगला ​सेट ​या ​इसके ​बाद ​के ​अगले ​कुछ ​Ǔनदȶश ​इस
Þलॉक ​मɅ ​उपिèथत ​हɉगे। ​तो
,
​एक ​बार ​एक ​और ​खंड/Þलॉक के ​ͧलए ​एक ​Ǔनदȶश ​है ,​Þलॉक
3
​कहɅ
,
​यह ​काफȧ
संभावना ​है ​ͩक ​काय[Đम ​कȧ ​इलाके ​कȧ ​वजह ​से
,
​इस ​खंड/Þलॉक से ​ǓनçपाǑदत ​कुछ ​Ǔनदȶश ​हɉगे ​और ​इसी
तरह। ​वाèतव ​मɅ
,
​आपके ​पास ​हो ​सकता ​है
,
​और ​यह ​अÈसर ​ऐसा ​होता ​है ​ͩक ​ĤͩĐया ​मेमोरȣ ​के ​कई ​भाग ​हो
सकते ​हɇ
,
​िजÛहɅ ​ǒबãकुल ​भी ​एÈसेस ​नहȣं ​ͩकया ​जाता ​है। ​यहȣ ​है
,
​वे ​न ​तो ​ǓनçपाǑदत
,
​लोड ​या ​èमृǓत ​से
संĒहȣत ​हɇ। ​तो
, virtual memory
​वचु[अल ​मेमोरȣ ​अवधारणा ​Èया ​करती ​है ​ͩक ​यह ​ͫडमांड ​पेिजंग ​नामक
अवधारणा ​का ​उपयोग ​करके ​Ǔनçपादन ​के ​दौरान ​इस ​इलाके ​के ​पहलू ​का ​लाभ ​उठाती ​है।
: 11:43)
(​èलाइडसमय ​का ​संदभ[ ​लɅ
एक ​मांग ​पेिजंग
demand paging
​योजना ​मɅ
,
​Èया ​होगा ​ͩक ​हमारे ​पास ​एक ​हाड[ ​ͫडèक ​जैसे ​माÚयͧमक
storage device
​èटोरेज ​ͫडवाइस ​पर ​होगा
,
​èवैप èपेस (
swap space)
​के ​Ǿप ​मɅ ​आवंǑटत ​एक ​ͪवशेष
èथान ​होगा। ​तो
,
​इस ​èवैप èपेस (
swap space)
​मɅ ​Ǔनçपादन ​योÊय ​के ​सभी ​Þलॉक ​मौजूद ​हɉगे। ​इसͧलए
,
उदाहरण ​के ​ͧलए ​यǑद ​ĤͩĐया ​मɅ 6​ खंड/Þलॉक हɇ
, 1
​से
6
​और ​सभी
6
​Þलॉक ​èवैप ​èपेस (swap space)
मɅ ​मौजूद ​हɉगे। ​और ​केवल demand​ मांग ​पर
,
​Þलॉक ​को ​èवैप èपेस (
swap space)
​से ​रैम (
RAM)
​मɅ
लोड ​ͩकया ​जाएगा। ​तो
,
​अब ​हम ​मान ​लɅ ​ͩक ​एक ​ऐसा ​Ǔनदȶश ​है ​जो ​पृçठ ĥेम (
page frame) 8
​मɅ
ǓनçपाǑदत ​हो ​रहा ​है ​जो ​ĤͩĐया ​के ​Þलॉक
6
​से ​मेल ​खाता ​है। ​और
,
​इसके ​पǐरणामèवǾप ​Þलॉक ​नंबर
5
​मɅ
ͩकसी ​ͪवशेष ​èमृǓत ​èथान ​पर ​लोड ​या ​èटोर ​हो ​गया ​है। ​तो
,
​Èया ​होता ​है ​ͩक ​Ĥोसेसर ​Þलॉक ​नंबर
5
​के
अनुǾप ​ĤͩĐया ​पृçठ ताͧलका/टेबल (
page table)
​को ​देखने ​जा ​रहा ​है ​और ​देख ​सकता ​है ​ͩक ​वत[मान
ǒबट
0
​पर ​सेट ​करɅ। ​तो
,
​इसका ​पǐरणाम ​पृçठ ​गलती ​जाल ​के ​Ǿप ​मɅ ​जाना ​जाता ​है
,
​िजसे
page fault
interrupt
​पेज ​गलती ​बाधा ​भी ​कहा ​जाता ​है। ​अब
,
​पेज ​फाãट इंटरÜट (
page fault
interrupt​) तब
ऑपरेǑटंग ​ͧसèटम ​को ​ǓनçपाǑदत ​करने ​के ​ͧलए ​ǑĚगर ​(​trigger​)​ ​करेगा। ​अब
,
​ऑपरेǑटंग ​ͧसèटम ​तब ​पता
लगाएगा ​ͩक ​यह ​एक पेज ​फाãट इंटरÜट (
page fault
interrupt​)​ ​थी। ​और
,
​यह ​इस ​पेज ​फाãट इंटरÜट
(​page
fault
interrupt​)​ ​का ​कारण ​Ǔनधा[ǐरत ​करेगा ​और ​यह ​ͫडèक ​से ​संबंͬधत ​पृçठ ​(​page​)​ ​को ​रैम
(​RAM) ​मɅ ​लोड ​करेगा। ​नतीजतन
,
​यह ​ĤͩĐया ​कȧ ​पेज ​ताͧलका ​(​page table​)​ ​को ​भी ​संशोͬधत ​करेगा।
उदाहरण ​के ​ͧलए
,
​यहां ​पर
1
​का ​मान ​पृçठ ĥेम (
page frame)
​संÉया ​मɅ ​जोड़ा ​गया ​है ​और ​वत[मान ​ǒबट
bit 1 , 5
​पर ​सेट ​है। ​अब ​बाद ​मɅ ​इस ​ͪवशेष ​खंड/Þलॉक ​तक ​पहुंचने ​से ​पेज ​गलती ​नहȣं ​होगी ​Èयɉͩक ​वत[मान
ǒबट
1
​पर ​सेट ​है। ​हालांͩक
, 2, 3
​और 4​ खंड/Þलॉक करने ​वालȣ ​पहलȣ ​पहुंच ​पृçठ ​दोषɉ ​के ​पǐरणामèवǾप
होगी। ​और
,
​यह ​ऑपरेǑटंग ​ͧसèटम ​को ​रैम (
RAM)
​मɅ ​इसी ​Þलॉक ​को ​ǓनçपाǑदत ​करने ​और ​लोड ​करने ​का
कारण ​बनता ​है। ​नतीजतन
,
​उस ​ͪवशेष ​ĤͩĐया ​के ​ͧलए ​पेज ​टेबल ​(​page table​)​ ​अɮयतन ​अपडेट ​ͩकया
जाएगा।
: 14:10)
(​èलाइडसमय ​का ​संदभ[ ​लɅ
तो ​अब ​हम ​एक ​ऐसे ​राÏय ​तक ​पहुंच ​गए ​हɇ ​जहां ​रैम (
RAM)
​मɅ ​Ĥ×येक ​पृçठ ​ĥेम ​कुछ ​Þलॉक ​पर ​कÞजा ​कर
लेता ​है। ​तो
,
​ये ​खंड/Þलॉक या ​तो ​ĤͩĐया
1
​या ​ĤͩĐया
2
​या ​ĤͩĐया
3
​से ​हो ​सकते ​हɇ। ​अब
,
​Èया ​होता ​है
अगर ​हमɅ ​कहना ​है ​ͩक
1
​के ​तीसरे ​खंड/Þलॉक को ​संसाͬधत ​करने ​के ​ͧलए ​èमृǓत ​पहुंच ​है। ​इसͧलए
,
​जैसा ​ͩक
हम ​देख ​सकते ​हɇ ​ͩक ​वत[मान
bit
​ǒबट ​ĤͩĐया ​पृçठ ताͧलका (
page table)
​मɅ
0
​पर ​सेट ​है
,
​इसके
पǐरणामèवǾप ​पेज ​फाãट इंटरÜट (
page fault
interrupt​)​ ​उ×पÛन ​होती ​है। ​और
,
​यह ​ऑपरेǑटंग ​ͧसèटम
को ​ǓनçपाǑदत ​करने ​के ​ͧलए ​ǑĚगर ​करेगा। ​अब
,
​बात ​यह ​है ​ͩक ​ऑपरेǑटंग ​ͧसèटम ​Èया ​करेगा
?
​इसͧलए
,
तीसरे ​खंड/Þलॉक मɅ ​इस ​ͪवशेष ​èमृǓत ​पहुंच ​को ​पूरा ​करने ​के ​ͧलए
,
​ऑपरेǑटंग ​ͧसèटम ​को ​इन ​पृçठɉ ​मɅ ​से
ͩकसी ​एक ​को ​हटाने ​कȧ ​आवæयकता ​होगी। ​अǓनवाय[ ​Ǿप ​से
,
​नए खंड/Þलॉक के ​ͧलए ​राèता ​बनाने ​के ​ͧलए
इन ​पृçठɉ ​मɅ ​से ​एक ​ĥेम ​को ​साफ़ ​करने ​कȧ ​आवæयकता ​है। ​इसͧलए
,
​नए ​Ǔनण[य ​के ​ͧलए ​राèता ​बनाने ​के
ͧलए ​ऑपरेǑटंग ​ͧसèटम ​को ​यह ​सुǓनिæचत ​करना ​होगा ​ͩक ​इन ​Þलॉकɉ ​मɅ ​से ​कौन ​सा ​Þलॉक ​इसे ​हटा ​देना
चाǑहए। ​तो
,
​यह ​ͪवकãप ​ऑपरेǑटंग ​ͧसèटम ​मɅ ​मौजूद ​कुछ
algorithm
​एãगोǐरदम ​पर ​आधाǐरत ​है।
इसͧलए
,
​इÛहɅ ​पेज ​ǐरÜलेसमɅट ​एãगोǐरदम ​(​page
replacement
algorithm​)​ ​के ​Ǿप ​मɅ ​जाना ​जाता ​है।
और
,
​इसके ​ͧलए ​कुछ ​ͪवकãप ​हɇ
;
​जैसे ​ͩक ​पहले ​मɅ ​पहलȣ ​बार
,
​हाल ​हȣ ​मɅ ​इèतेमाल ​ͩकया ​गया ​या ​कम
अÈसर ​उपयोग ​ͩकया ​जाता ​है। ​इसͧलए
,
​इस ​Ǔनण[य ​के ​आधार ​पर ​ͩक ​ĤǓतèथापन ​एãगोǐरदम ​बनाता ​है
,
ओएस ​रैम ​से ​एक ​Þलॉक ​को ​èवैप ​कर ​देगा ​और ​इसे ​हाल ​हȣ ​मɅ ​एÈसेस ​ͩकए ​गए ​तीसरे ​Þलॉक ​के ​साथ
ĤǓतèथाͪपत ​करेगा। ​नतीजतन
,
​हटाए ​गए ​Þलॉक ​से ​संबंͬधत ​वत[मान ​ǒबट (
bit) 0
​पर ​सेट ​ͩकया ​जाएगा।
इसͧलए
,
​हमने ​रैम ​से ​Þलॉक ​नंबर
1
​को ​èवैप ​मɅ ​हटा ​Ǒदया ​था। ​और ​इसͧलए
,
​मौजूदा ​Þलॉक ​को ​Þलॉक ​करने
के ​ͧलए ​संबंͬधत
0
​को
0
​पर ​सेट ​ͩकया ​जाएगा। ​अब
,
​Þलॉक
3
​जो ​अभी ​ͪवशेष ​पेज ĥेम (
page frame)
​मɅ
लोड ​हो ​गया ​है
,
​उसका ​पृçठ ĥेम (
page frame)
​नंबर ​सेट ​होगा ​और ​वत[मान ​ǒबट
1
​पर ​सेट ​होगा। ​तो
,
​इस
ĤͩĐया ​कȧ ​ĤͩĐया ​रैम ( RAM​)​ ​से ​एक ​Þलॉक ​को ​हटाने ​और ​इसे ​दूसरे ​èथान ​पर ​बदलने ​के ​Đमशः
swap
out
​èवैप ​आउट ​और ​èवैप ​के ​Ǿप ​मɅ ​जाना ​जाता ​है। ​रैम (
RAM)
​से ​ͫडèक ​तक ​Þलॉक ​को ​èथानांतǐरत ​करने
कȧ ​ĤͩĐया ​को ​èवैप ​आउट ​(​swap out​)​ ​ĤͩĐया ​के ​Ǿप ​मɅ ​जाना ​जाता ​है
;
​जबͩक
,
​ͫडèक ​से ​ͫडèक ​मɅ ​Þलॉक
को ​लोड ​करने ​कȧ ​ĤͩĐया ​को ​èवैप (
swap)
​के ​Ǿप ​मɅ ​जाना ​जाता ​है। ​अब
,
​èवैप ​आउट ​कȧ ​ĤͩĐया ​के ​दौरान
,
जो ​हाड[ ​ͫडèक ​पर ​Þलॉक
1
​संĒहȣत ​कर ​रहा ​है
,
​ĤͩĐया ​के ​Ǔनçपादन ​के ​दौरान ​हुए ​सभी ​पǐरवत[न
,
​Þलॉक
1
मɅ ​हुए ​सभी ​पǐरवत[न ​èवैप èपेस (
swap space)
​मɅ ​अपडेट ​हो ​जाएंगे। ​इस ​Ĥकार
,
​अंततः ​èवैप èपेस
(​swap
space)
​मɅ ​संĒहȣत ​Þलॉक ​मɅ ​डेटा ​का ​नवीनतम ​Ǻæय ​होगा। ​तो
,
​अगलȣ ​चीज़ ​जो ​हम ​पूछने ​जा ​रहे ​हɇ
वह ​यह ​है ​ͩक ​यǑद
swap out
​èवैप ​आउट ​हो
,
​तो ​है ​ͩक ​रैम (
RAM)
​से ​ͫडèक
1
​तक ​Þलॉक
1
​कȧ ​ĤǓतͧलͪप
वाèतव ​मɅ ​आवæयक ​है
?
: 18:12)
(​èलाइडसमय ​का ​संदभ[ ​लɅ
आइए ​मान ​लɅ ​ͩक
14
​वɅ ​ĥेम ​मɅ ​मौजूद ​Þलॉक
1
​मɅ ​कोई ​डेटा
data
​नहȣं ​बदला ​गया ​था। ​उदाहरण ​के ​ͧलए
,
यह ​Ǔनदȶशɉ ​के ​अनुǾप ​हो ​सकता ​है ​या ​केवल ​डेटा (
data)
​पढ़ ​सकता ​है। ​और ​इसͧलए
,
​इस ​डेटा ​मɅ ​से ​कोई ​भी
वाèतव ​मɅ ​बदलता ​नहȣं ​है। ​ऐसे ​मामले ​मɅ
,
​ͫडèक ​पर ​वापस ​इस ​पृçठ ​कȧ ​सामĒी ​कȧ ​ĤǓतͧलͪप ​बनाने ​कȧ
swap out ,
​èवैप ​आउट ​ĤͩĐया ​कȧ ​आवæयकता ​नहȣं ​होगी। ​दूसरȣ ​तरफ ​मान ​लɅ ​ͩक ​हमारे ​पास ​Þलॉक ​नंबर
1
​मɅ ​डेटा (
data)
​था ​िजसे ​संशोͬधत ​ͩकया ​गया ​था
,
​इसͧलए ​यह ​इंͬगत ​करेगा ​ͩक ​रैम (
RAM)
​मɅ ​Þलॉक
1
कȧ ​ĤǓत ​ͫडèक ​से ​अलग ​है। ​और ​इसͧलए
,
​संपूण[ ​पृçठ ĥेम (
page frame)
​को ​बदल ​Ǒदया ​जाना ​चाǑहए
और ​ͫडèक ​मɅ ​वापस ​लौटना ​चाǑहए। ​तो
,
​ऑपरेǑटंग ​ͧसèटम ​कैसे ​पता ​चलेगा ​ͩक ​एक
swap out
​èवैप
आउट ​आवæयक ​है ​या ​नहȣं
?
​तो
,
​यह ​एक ​अǓतǐरÈत ​ǒबट (
bit)
​ɮवारा ​ͩकया ​जाता ​है
,
​जो ​पृçठ ताͧलका
(​page
table)
​मɅ ​मौजूद ​होता ​है ​िजसे ​डी -​ǒबट
D-bit
​या ​गंदा/डटȹ ǒबɪ (
dirty bit)
​कहा ​जाता ​है। ​इसͧलए
,
गंदा/डटȹ ǒबɪ (
dirty bit)
​अǓनवाय[ ​Ǿप ​से ​इंͬगत ​करता ​है ​ͩक ​रैम (RAM) मɅ ​ͩकसी ​Þलॉक ​कȧ ​सामĒी
ͫडèक ​मɅ ​या ​èवैप ​èपेस ​(​swap space​)​ ​मɅ ​इसकȧ ​सामĒी ​के ​संबंध ​मɅ ​संशोͬधत ​कȧ ​गई ​है ​या ​नहȣं। ​इसͧलए
,
यǑद ​गंदे ​ǒबट ​(​dirty bit​)​ ​को
1
​पर ​सेट ​ͩकया ​गया ​है
,
​तो ​यह ​इंͬगत ​करता ​है ​ͩक ​वाèतव ​मɅ ​èवैप ​èपेस ​मɅ
सामĒी ​से ​संबंͬधत ​रैम (
RAM)
​मɅ ​सामĒी ​के ​बीच ​एक ​अंतर ​है
,
​और ​इसͧलए ​पेज ​गलती ​के ​दौरान
,
​पृçठ
ĥेम (
page frame)
​कȧ ​सामĒी ​वापस ​कर ​दȣ ​जाएगी ​रैम (
RAM)
​पर ​वापस। ​यǑद ​गंदे ​ǒबट
(dirty bit)
​के
पास
0
​का ​मान ​है
,
​तो ​संपूण[ ​èवैप ​आउट ​(​swap out​)​ ​ĤͩĐया ​कȧ ​आवæयकता ​नहȣं ​होगी। ​इसे ​केवल ​नई
ĤͩĐया ​मɅ ​èवैप (
swap)
​करने ​कȧ ​आवæयकता ​होगी ​और ​उस ​संबंͬधत ​पृçठ ĥेम (
page frame)
​मɅ ​उस
संबंͬधत ​Þलॉक ​को ​ĤǓतèथाͪपत ​करने ​कȧ ​आवæयकता ​होगी।
: 20:19)
(​èलाइडसमय ​का ​संदभ[ ​लɅ
पी ​और ​डी ​ǒबɪस (
p
​and ​d bits​)​ ​के ​अलावा
,
​यह ​वत[मान ​और ​गंदे/डटȹ ǒबɪस (
dirty bits)
​है
,
​ĤͩĐया ​के
ͧलए पेज ​टेबल ​(​page table​)​ ​मɅ ​कुछ ​अǓतǐरÈत ​ǒबɪस (
bits)
​हɇ ​िजÛहɅ ​सुर¢ा ​ǒबɪस ​(​protection bits​)
कहा ​जाता ​है। ​इसͧलए
,
​ये ​सुर¢ा ​ǒबɪस ​ͩकसी ​ͪवशेष ​खंड/Þलॉक के ​ͧलए ​ͪवͧभÛन ​ͪवशेषताओं ​को ​Ǔनधा[ǐरत
करɅगे। ​तो ​उदाहरण ​के ​ͧलए
,
​ऑपरेǑटंग ​ͧसèटम ​कȧ ​ĤͩĐया ​Ǔनçपादन ​योÊय ​के ​Ǿप ​मɅ ​ͪवͧभÛन ​Þलॉक ​सेट
कर ​सकता ​है
;
​िजसका ​अथ[ ​है ​ͩक ​उस ​खंड/Þलॉक मɅ ​मौजूद ​डेटा (
data)
​Ǔनçपादन ​योÊय ​कोड ​से ​मेल ​खाता
है। ​और ​इसͧलए
,
​सीपीयू (
CPU)
​इसे ​ǓनçपाǑदत ​कर ​सकता ​था। ​अÛय ​ǒबɪस (
bits)
​यह ​भी ​बता ​सकते ​हɇ
ͩक ​खंड/Þलॉक केवल ​पढ़ा ​जाता ​है ​और ​इसͧलए
,
​उस ​Þलॉक ​मɅ ​ͩकसी ​भी ​डेटा
data
​को ​संशोͬधत ​करने ​से
गलती ​या ​ğुǑट ​हो ​जाएगी। ​और
,
​यहां ​पर ​ǒबɪस (
bits)
​यह ​भी ​Ǔनधा[ǐरत ​करɅगे ​ͩक ​कोई ​ͪवशेष Þलॉक ​एक
ऑपरेǑटंग ​ͧसèटम ​कोड ​से ​मेल ​खाता ​है ​या ​यह ​एक ​Ǔनयͧमत ​उपयोगकता[ ​कोड ​है। ​इसͧलए
,
​ये ​अǓतǐरÈत
जानकारȣ ​सुर¢ा ​ǒबɪस ​ɮवारा ​मौजूद ​है। ​धÛयवाद।"
8,0,,"ऑपरेǑटंग ͧसèटम का पǐरचय
Ĥोफेसर चेèटर रेबेरो
कंÜयूटर ͪव£ान और इंजीǓनयǐरंग ͪवभाग
भारतीय Ĥौɮयोͬगकȧ संèथान, मġास
वीक - 02 åयाÉयान - 07
आभासी èमृǓत/वचु[अल मेमोरȣ/Virtual Memory (ऍमऍमयू और मैͪपंग) (MMU और Mapping)
नमèकार। इस वीͫडयो मɅ, हम चचा[ करɅगे ͩक वचु[अल मेमोरȣ मैͪपंग (Virtual Memory
Mapping) वचु[अल मेमोरȣ (Virtual Memory) और रैम (RAM) के बीच कैसे होती है।"
8,1,(èलाइडसमय का संदभ[ लɅ: 00:32),"तो अǓनवाय[ Ǿप से, आइए अब तक इस बहुत Ĥͧसɮध èलाइड से शुǾ करɅ; जब आप एक
ĤोĒाम ͧलखते हɇ और इसे संकͧलत/कàपाइल (compile) करते हɇ, तो आप Ǔनçपादन योÊय ए
डॉट आउट (a dot out) ĤाÜत करते हɇ। और, जब आप इस ͪवशेष Ǔनçपादन योÊय को
ǓनçपाǑदत करते हɇ, Ǔनçपादन योÊय ए डॉट आउट (a dot out), ऑपरेǑटंग ͧसèटम आपके ͧलए
एक ĤͩĐया तैयार करेगा। अब, ĤͩĐया को वचु[अल एĜेस èपेस (virtual address space) के
Ǿप मɅ जाना जाता है। अब, वचु[अल एĜेस èपेस (virtual address space) 0 से शुǾ होने
वाला एक सिàमͧलत पता èथान है और एक MAX तक के Ǿप मɅ £ात ͩकसी चीज़ ɮवारा
पǐरभाͪषत एक पते तक फैला हुआ है। यह MAX SIZE xv6 नामकरण से आता है। अब,
ĤͩĐया के ͧलए इस संगत वचु[अल एĜेस èपेस के भीतर टेÈèट, डेटा, हȣप और èटैक जैसे
ͪवͧभÛन अनुभाग हɇ। इसͧलए, ये सभी अनुभाग ऑपरेǑटंग ͧसèटम ɮवारा बनाए जाते हɇ।
अǓनवाय[ Ǿप से, ऑपरेǑटंग ͧसèटम को यह जानने कȧ आवæयकता होगी ͩक ढेर कहाँ शुǾ होगा,
जहां èटैक (stack) शुǾ होगा और इसी तरह। तो, ऑपरेǑटंग ͧसèटम इन सभी जानकारȣ को
कैसे जानता है? इसͧलए, यह जानकारȣ ओएस को - ए डॉट आउट (a dot out) के माÚयम से
दȣ जाती है। अǓनवाय[ Ǿप से Èया होता है ͩक जब ĤोĒाम संकͧलत/कàपाइल (compile) और
ͧलंक ͩकया जाता है, तो संकलक Ǔनçपादन योÊय ए डॉट आउट (a dot out) मɅ इनमɅ से बहुत
सारȣ जानकारȣ डाल देगा। तो जब ǓनçपाǑदत ͩकया जाता है, तो ऑपरेǑटंग ͧसèटम इस
जानकारȣ को पढ़ेगा और ͩफर Ǔनधा[ǐरत करेगा ͩक वचु[अल एĜेस èपेस (virtual address
space) मɅ इन ͪवͧभÛन सेगमɅट (segment) मौजूद होना चाǑहए। तो, अब जब यह ĤͩĐया
उदाहरण के ͧलए 'printf' से संबंͬधत इन सभी Ǔनदȶशɉ को ǓनçपाǑदत कर रहȣ है, तो ǓनçपाǑदत
हो जाता है और 'str' से संबंͬधत सभी पते का उपयोग ͩकया जाता है। इसͧलए, यह Úयान Ǒदया
जा सकता है ͩक इन सभी पते, इन सभी Ǔनदȶशɉ को इस ͪवशेष वचु[अल एĜेस èपेस (virtual
address space) मɅ मैप ͩकया जाएगा। उदाहरण के ͧलए, अगर मɇ ""हैलो वãड["" का पता मुǑġत
करना चाहता था, अǓनवाय[ Ǿप से इस 'str' का पता तो पǐरणाम इस ͪवशेष मैͪपंग के संबंध मɅ
आभासी पता होगा। तो, हम आगे Èया देखɅगे यह वचु[अल पता कैसे मैप ͩकया गया है; ͧसèटम
कȧ मुÉय èमृǓत मɅ मैप ͩकया जाता है। तो, आइए हम कहɅ ͩक Ĥोसेसर इस िèĚंग का कम से
कम आधार पता इस ͪवशेष िèĚंग तक पहुंचना चाहता है और जैसा ͩक हम जानते हɇ ͩक इसमɅ
'H' अ¢र होगा।"
8,2,(èलाइडसमय का संदभ[ लɅ: 03:41),"तो, Èया होगा ͩक Ĥोसेसर अपनी बस पर वचु[अल एĜेस डालेगा। तो, आइए हम यह वचु[अल
(virtual) पते को 'v' कहɅ और यह वचु[अल पता 0 से MAX SIZE तक कȧ सीमा मɅ हो सकता
है। इसͧलए, MAX SIZE सबसे बड़ा पता है जो उपयोगकता[ èपेस ĤͩĐया के वचु[अल एĜेस
èपेस मɅ हो सकता है। तो एक और तरȣका कहɅ, वचु[अल एĜेस 'V' ĤͩĐया के वचु[अल एĜेस
èपेस मɅ कुछ पता होगा।"
8,3,(èलाइडसमय का संदभ[ लɅ: 04:19),"इसके बाद, CPU मɅ एक और इकाई MMU या मेमोरȣ मैनेजमɅट यूǓनट (memory
management unit) के Ǿप मɅ जानी जाती है, इसͧलए यह पूरȣ चीज आम तौर पर एक हȣ
पैकेज मɅ होगी या संयुÈत Ǿप से सीपीयू (CPU) या Ĥोसेसर नामक वचु[अल एĜेस ले जाएगा
और इसे एक ͩफिजकल (Physical) पते 'P' मɅ पǐरवǓत[त करɅ, िजसका उपयोग तब RAM तक
पहुंचने के ͧलए ͩकया जाएगा। तो, हम आगे Èया देखɅगे ͩक यह वचु[अल पता इसी Physical
पते मɅ कैसे पǐरवǓत[त हो जाता है। इसͧलए, यह Úयान Ǒदया जा सकता है ͩक वचु[अल पता,
वचु[अल एĜेस मैप (virtual address map) से मेल खाता है, लेͩकन मुÉय मेमोरȣ या रैम मɅ
एक भौǓतक पता के भौǓतक पते पğाचार।"
8,4,(èलाइडसमय का संदभ[ लɅ: 05:09),"इसͧलए जब कोई ĤͩĐया ǓनçपाǑदत होने लगती है, तो ऑपरेǑटंग ͧसèटम उस ĤͩĐया के ͧलए
रैम (RAM) मɅ एक पृçठ ताͧलका तैयार करेगा। तो, यह पेज टेबल (page table) है। और जैसा
ͩक हमने ͪपछले वीͫडयो मɅ देखा है, पृçठ ताͧलका मɅ वचु[अल Þलाक (virtual block) या ĤͩĐया
के वचु[अल एĜेस èपेस (virtual address space) से ͩफिजकल पेज ĥेàस (physical page
frames) मɅ मैͪपंग है। और, हमारे पास वत[मान ǒबट, गंदे ǒबट और संरͯ¢त ǒबट जैसी अÛय
ǒबɪस हɇ जो यहां Ǒदखाई नहȣं दे रहȣ हɇ। अब मेमोरȣ मैनेजमɅट यूǓनट मɅ, एक पेज टेबल पॉइंटर
रिजèटर (Page table pointer register) या पीटȣपीआर (PTPR) के Ǿप मɅ जाना जाता है।
इसͧलए, इंटेल ͧसèटम मɅ यह पीटȣपीआर या पेज टेबल पॉइंटर रिजèटर सीआर3 रिजèटर
(CR3 register) के Ǿप मɅ जाना जाता है। और, हम भͪवçय के वीͫडयो मɅ इसके बारे मɅ
अͬधक जानकारȣ देखɅगे। इसͧलए, MMU मɅ मौजूद इस PTPR register मɅ ĤͩĐया पेज टेबल
(process page table) मɅ एक सूचक/पॉइंटर (pointer) होगा। तो आइए देखते हɇ ͩक वचु[अल
एĜेस èपेस (virtual address space) से भौǓतक èथान/ͩफिजकल èपेस (physical space)
पर मैͪपंग Ĥदान करने के ͧलए इन चीजɉ का उपयोग कैसे ͩकया जाता है।"
8,5,(èलाइडसमय का संदभ[ लɅ: 06:18),"तो, Èया होता है ͩक Ĥोसेसर कोर ɮवारा भेजे गए वचु[अल एĜेस मɅ दो भाग होते हɇ। इसमɅ एक
टेबल इंडेÈस (table index) है, जो आमतौर पर कुछ ǒबɪस हɇ, वे पते और ऑफ़सेट के अͬधक
मह×वपूण[ ǒबɪस हɇ। इसͧलए, जब MMU इस वचु[अल एĜेस को ĤाÜत करता है, तो यह टेबल
इंडेÈस (table index) मɅ मौजूद offset से संबंͬधत ĤͩĐया पृçठ ताͧलका को देखने जा रहा है।
इसͧलए, पीटȣपीआर इस ͪवशेष ĤͩĐया पृçठ ताͧलका का मूल पता होगा और वचु[अल एĜेस मɅ
higher bits ĤͩĐया पेज टेबल (process page table) मɅ ऑफ़सेट (offset) के अनुǾप हɉगे।
तो यहां से, संबंͬधत पेज ĥेम (page frame) ͧलया जाता है और यह भौǓतक पते का Ǒहèसा
बनता है। अब, भौǓतक पते का दूसरा भाग ऑफ़सेट (offset) से सीधे ͧलया जाता है। इसͧलए,
इस तरह से हम जो बनाते हɇ उसे Physical Address के Ǿप मɅ जाना जाता है। और, यह
भौǓतक पता है िजसका उपयोग मुÉय èमृǓत/मेन मेमोरȣ (main memory) पर रैम (RAM) को
एÈसेस करने या संबोͬधत करने के ͧलए ͩकया जाता है।"
8,6,(èलाइडसमय का संदभ[ लɅ: 07:40),"तो देखते हɇ ͩक यह MMU मैͪपंग 32-bit ͧसèटम के ͧलए कैसे काम करता है। तो 32-bit
Ĥोसेसर मɅ, वचु[अल एĜेस èपेस अͬधकतम 2 पावर 32, यानी 4 गीगा बाइɪस पर हो सकता है।
आभासी पता 32 ǒबɪस का है जैसा ͩक यहां Ǒदखाया गया है।"
8,7,(èलाइडसमय का संदभ[ लɅ: 08:03),"और, यह आम तौर पर दो भागɉ मɅ ͪवभािजत होता है; table index और offset , जो Đमश:
20 bits और 12 bits का है। तो, हमने यह ͪवशेष बात कैसे ĤाÜत कȧ है इस तØय से ͩक
Ĥ×येक पृçठ/पेज ĥेम (page frame) जैसा ͩक हमने पहले के वीͫडयो मɅ उãलेख ͩकया था
आकार 4 ͩकलोबाइट है। इस Ĥकार, page frame के भीतर ͩकसी ऑफसेट तक पहुंचने के ͧलए
12 bits कȧ आवæयकता होगी। 12 ǒबɪस Èयɉͩक 2 पावर 12 याǓन 4096 है, जो ͩक 4
kilobytes है और इसͧलए, हमारे पास ऑफसेट है जो ͩक 12 bits है, जो अǓनवाय[ Ǿप से
एक पृçठ के भीतर ऑफ़सेट देगा। शेष ǒबɪस, 32 minus 12, जो 20 bits है, का उपयोग
table index के ͧलए ͩकया जाएगा। इस Ĥकार, ĤͩĐया पृçठ ताͧलका /Ĥोसेस पेज टेबल
(process page table) होगी, िजसे इन 20 bits ɮवारा अनुĐͧमत ͩकया गया है, मɅ 2 पावर
20 Ĥͪविçटयां हɉगी। अब, यह मानते हुए ͩक Ĥ×येक Ĥͪविçट 4 bytes है, तो इस पृçठ
ताͧलका का पूरा आकार 4 megabytes है। और, अǓनवाय[ Ǿप से आवæयक है ͩक यह पृçठ
ताͧलका संगत होनी चाǑहए, हमɅ इन 4 MB ĤͩĐया पृçठ ताͧलका को संयोिजत èमृǓत èथानɉ मɅ
होना चाǑहए। तो, हमɅ अǓनवाय[ होने कȧ आवæयकता Èयɉ है अǓनवाय[ Ǿप से एक ͪवशेष Þलॉक
और संबंͬधत पृçठ ĥेम का èथान ĤाÜत करने के ͧलए ताͧलका सूचकांक ĤͩĐया पृçठ ताͧलका
सूचक/पॉइंटर (pointer) मɅ जोड़ा गया है। और इसͧलए, यह संगत èमृǓत मɅ होना चाǑहए। इस
Ĥकार, हम देखते हɇ ͩक ͧसèटम पर ǓनçपाǑदत Ĥ×येक ĤͩĐया मɅ 4 MB ĤͩĐया पृçठ ताͧलका
होने का अǓतǐरÈत ओवरहेड होगा, जबͩक 4 MB लोड के साथ बहुत बड़ी जगह नहȣं है आजकल
के 32 और 64 गीगाबाईɪस (gigabytes) रैम (RAM) आकार के ͧलए। हालांͩक, िजस
आवæयकता को संगत होने कȧ आवæयकता है, वह एक मुɮदा होगा।"
8,8,(èलाइडसमय का संदभ[ लɅ: 10:36),"तो, कुछ ͧसèटम Èया करते हɇ, खासकर इंटेल (Intel) ͧसèटम मɅ 2 लेवल पेज अनुवाद होना
चाǑहए। अǓनवाय[ Ǿप से, वचु[अल एĜेस (virtual address) के ͧलए केवल एक टेबल और
ऑफ़सेट होने कȧ बजाय, अब हमारे पास वचु[अल एĜेस मɅ 3 घटक हɇ। हमारे पास एक
Ǔनदȶͧशका/डायरेÈटरȣ (directory) Ĥͪविçट है जो 10 ǒबɪस है, एक टेबल एंĚȣ जो 10 ǒबɪस और
ऑफसेट है जो सामाÛय Ǿप से 12 ǒबɪस है। अब, आभासी पते के अनुǾप Èया होगा यह है ͩक
Ǔनदȶͧशका Ĥͪविçट का उपयोग ͩकसी पृçठ Ǔनदȶͧशका/पेज डायरेÈटरȣ (Page directory) के Ǿप
मɅ £ात ͩकसी चीज़ मɅ अनुĐमͨणत करने के ͧलए ͩकया जाता है। अब, इस पृçठ Ǔनदȶͧशका को
एमएमयू (MMU) मɅ मौजूद एक पृçठ Ǔनदȶͧशका सूचक रिजèटर ɮवारा इंͬगत ͩकया गया है।
अब, पृçठ Ǔनदȶͧशका मɅ इस Ĥͪविçट कȧ सामĒी ͩकसी ͪवशेष पृçठ ताͧलका को इंͬगत करेगी।
तो, यह पृçठ ताͧलका 4 ͩकलोबाइɪस है। और, यह 4 ͩकलोबाइट भी है; यानी, Ǔनदȶͧशका 4
ͩकलोबाइɪस भी है। इसके बाद, ताͧलका Ĥͪविçट का उपयोग इस ͪवशेष 4 ͩकलोबाइट ताͧलका
मɅ अनुĐͧमत करने के ͧलए ͩकया जाता है और वहां से, हम भौǓतक पते का पहला भाग ĤाÜत
करते हɇ। और सामाÛय Ǿप से, भौǓतक पते का दूसरा भाग ऑफसेट से ͧलया जाता है। तो,
योजना वाèतव मɅ हमारȣ मदद कैसे करती है? अब, हम जो देखते हɇ वह यह है ͩक पेज टेबल
कȧ संÉया मौजूद हो सकती है, यह संÉया 2 पावर 10 या 1024 है। और, हम 1024 कैसे
ĤाÜत करते हɇ यह है ͩक हमारे पास यहां 10-ǒबट Ǔनदȶͧशका Ĥͪविçट है और 2 पावर 10 या
1024 है। इस Ĥकार, Ǔनदȶͧशका पृçठ ताͧलका 4 ͩकलोबाइɪस है िजसमɅ 1024 Ĥͪविçटयां हɇ,
इसͧलए 2 पावर 10 Ĥͪविçटयां हɇ। चूंͩक Ĥ×येक Ĥͪविçट एक अलग ताͧलका मɅ इंͬगत करती है,
इस Ĥकार हमारे पास अͬधकतम 2 शिÈत 10 अलग-अलग पृçठ सारणी हो सकती हɇ। Ǔनदȶͧशका
मɅ Ĥ×येक Ĥͪविçट एक अलग पृçठ ताͧलका को इंͬगत करेगी। अब, योजना वाèतव मɅ हमारȣ
मदद कैसे कर रहȣ है? तो कुल ͧमलाकर हालांͩक हमारे पास अभी भी 4 मेगाबाइट पेज टेबल हɇ
जो आवæयक हɇ, लेͩकन हमɅ जो लाभ ͧमलता है वह यह है ͩक वे संगत नहȣं हɇ। इसͧलए, हमɅ
केवल 4 ͩकलो बाइɪस के टुकड़े रखने कȧ आवæयकता है, जो संगत होने कȧ आवæयकता है और
यह आसानी से ĤाÜत ͩकया जाता है Èयɉͩक रैम मɅ Ĥ×येक ĥेम 4 ͩकलोबाइɪस है। तो, 2 लेवल
पेज अनुवाद हमɅ non-contiguous पेज टेबल मौजूद होने कȧ अनुमǓत देगा।"
8,9,(èलाइडसमय का संदभ[ लɅ: 13:48),"इसके बाद, हम वचु[अल मेमोरȣ मैͪपंग (virtual memory mapping) के दौरान होने वाले चरणɉ
के अनुĐम को देखɅगे। तो, आइए हम ͪवशेष काय[Đम से शुǾ करɅ और यह ĤोĒाम के Ĥ×येक
खंड से संबंͬधत ͪवͧभÛन रंगɉ के साथ इसका आभासी पता èथान है। इसके अलावा, हमारे पास
ͪवͧभÛन Þलॉक हɇ और जैसा ͩक हमने उãलेख ͩकया है, इनमɅ से Ĥ×येक Þलॉक 4 ͩकलो बाइɪस
है। ͩफर, हमने जो देखा है वह है ͩक रैम (RAM) मɅ एक ĤͩĐया पृçठ ताͧलका भी मौजूद है,
और रैम (RAM) èवयं हȣ है िजसे ͩफर से समान आकार वाले Þलॉक मɅ ͪवभािजत ͩकया जाता
है िजसे पेज ĥेम के नाम से जाना जाता है। अब, वाèतव मɅ तीन इकाइयां हɇ जो वचु[अल
मेमोरȣ के काम मɅ शाͧमल हɇ। वह ऑपरेǑटंग ͧसèटम है, जो इसका सॉÝटवेयर घटक है जबͩक
Ĥोसेसर और एमएमयू (MMU) मेमोरȣ Ĥबंधन इकाई हाड[वेयर घटक हɇ। तो आइए हम कहɅ ͩक
हमने इस काय[Đम को ǓनçपाǑदत करना शुǾ कर Ǒदया है। और, काय[Đम मɅ यह ͪवशेष पंिÈत
पहला Ǔनदȶश ǓनçपाǑदत ͩकया जा रहा है। अब, देखते हɇ ͩक ĤोĒाम ǓनçपाǑदत होने के बाद होने
वाले चरणɉ का अनुĐम Èया है। इसͧलए, अǓनवाय[ Ǿप से जब उपयोगकता[ इस ͪवशेष काय[Đम
को चलाता है, तो यह ऑपरेǑटंग ͧसèटम को रैम (RAM) मɅ इस ͪवशेष ĤͩĐया पृçठ ताͧलका
को बनाने के ͧलए ǑĚगर करता है। इसͧलए, आदश[ Ǿप से इस ͪवशेष पृçठ ताͧलका मɅ वत[मान
ǒबɪस सभी 0 पर सेट हɉगे। पृçठ ताͧलका के अÛय भाग समय पर इस ͪवशेष ǒबंदु पर खालȣ
हो सकते हɇ या नहȣं भी हो सकते हɇ। तीसरा, रैम (RAM) नव Ǔनͧम[त ĤͩĐया से संबंͬधत ͩकसी
भी ĤͩĐया Þलॉक मɅ हो सकता है या नहȣं हो सकता है। इसके बाद, Èया होता है ͩक ऑपरेǑटंग
ͧसèटम ĤोĒाम के मुÉय काय[ मɅ Ǔनयंğण èथानांतǐरत करेगा।"
8,10,(èलाइडसमय का संदभ[ लɅ: 15:50),"तो सी (C) कोड मɅ यह मुÉय काय[ शायद वचु[अल एĜेस èपेस मɅ एक ͪवशेष Ǔनदȶश को इंͬगत
करेगा। इसͧलए, इसके पǐरणामèवǾप Ĥोसेसर मुÉय फ़ंÈशन से संबंͬधत एक ͪवशेष आभासी
पता भेज देगा। इसͧलए, यह वचु[अल पता बस पर भेजा जाएगा और ͩफर यह वचु[अल पता
èमृǓत Ĥबंधन इकाई ɮवारा अवǽɮध ͩकया जाएगा।"
8,11,(èलाइडसमय का संदभ[ लɅ: 16:27),"और, एमएमयू ͩफर ĤͩĐया कȧ पेज ताͧलका मɅ देखेगा और यह Ǔनधा[ǐरत करेगा ͩक संबंͬधत
पृçठ या संबंͬधत Þलॉक रैम मɅ मौजूद नहȣं है। तो, यह इस ͪवशेष ǒबट मɅ 0 ǒबट उपिèथǓत
ɮवारा Ǔनधा[ǐरत ͩकया जाता है। तो, यह वत[मान ǒबट मɅ 0 ɮवारा Ǔनधा[ǐरत ͩकया जाता है। तो
इसके पǐरणामèवǾप, एमएमयू (MMU) Èया करने जा रहा है यह है ͩक यह एक पेज गलती
होने जा रहा है। तो जब कोई पृçठ गलती होती है, तो यह ऑपरेǑटंग ͧसèटम को ǓनçपाǑदत
करने के ͧलए ǑĚगर करने जा रहा है।"
8,12,(èलाइडसमय का संदभ[ लɅ: 17:12),"तो ͩफर, ऑपरेǑटंग ͧसèटम ǓनçपाǑदत करने और page fault का कारण Ǔनधा[ǐरत करने जा रहा
है। इसͧलए, अǓनवाय[ Ǿप से ऐसे कदमɉ का एक अनुĐम है जो ͩक, जब भी ऑपरेǑटंग ͧसèटम
मɅ होता है; जब भी page fault होती है। तो ये हɇ; ͩक यह पहले जांच करेगा ͩक Èया संदͧभ[त
पृçठ कानूनी/सहȣ है और केवल तभी कानूनी/सहȣ है, यह जारȣ रहेगा। ͩफर, यह इस ͪवशेष
Þलॉक से संबंͬधत ͫडèक पर पृçठ èथान कȧ पहचान करेगा। ͩफर, यह रैम (RAM) मɅ एक पेज
ĥेम (page frame) कȧ पहचान करेगा िजसे इèतेमाल करने कȧ आवæयकता है। ͩफर, अǓनवाय[
Ǿप से यǑद यह आवæयक है ͩक एक èवैप आउट (swap out) ĤͩĐया कȧ आवæयकता है। और
यǑद डटȹ ǒबट (dirty bit) को सेट ͩकया गया है तो पृçठ जो पहले रैम (RAM) मɅ मौजूद था,
को वापस èवैप èपेस (swap space) मɅ वापस कर Ǒदया जाएगा। हालांͩक इसके बाद Þलॉक से
ͫडèक मɅ लोड ͩकए गए वचु[अल एĜेस (virtual address) को रैम (RAM) मɅ एÈसेस ͩकया जा
रहा है। इसͧलए, यह अǓनवाय[ Ǿप से हाड[ ͫडèक से RAM तक, DMA èथानांतरण के Ǿप मɅ
जाना जाता है। और, ऑपरेǑटंग ͧसèटम को शुǾ करने के ͧलए इस ͪवशेष DMA हèतांतरण को
ǑĚगर करने कȧ आवæयकता होगी और यह भी पृçठ ताͧलका/पेज टेबल (page table) को
अपडेट करने जा रहा है। तो, अǓनवाय[ Ǿप से यह कहने जा रहा है ͩक सबसे पहले, वत[मान
ǒबट 1 पर सेट है और Þलॉक नंबर 2 के अनुǾप पेज ĥेम (page frame) 11 पर सेट ͩकया
जाएगा"
8,13,(èलाइडसमय का संदभ[ लɅ: 19:02),"ͩफर, page के RAM मɅ लोड होने के बाद, èथानांतरण सीपीयू (CPU) या Ĥोसेसर पर वापस
आता है। और, Ĥोसेसर Ǔनदȶश को ͩफर से जारȣ करेगा। इसͧलए, इस Ǔनदȶश का अथ[ यह होगा
ͩक Ĥोसेसर बस (processor bus) पर एक वचु[अल एĜेस भेजा जा रहा है और इससे एमएमयू
(MMU) उस आभासी पते/वचु[अल एĜेस (virtual address) को इसी भौǓतक पते/ͩफिजकल एĜेस
(physical address) मɅ पǐरवǓत[त कर देगा।"
8,14,(èलाइडसमय का संदभ[ लɅ: 19:30),"तो अब एमएमयू (MMU) Èया देखने जा रहा है, ͩक यह ĤͩĐया पृçठ ताͧलका मɅ देखने जा रहा
है, यह देखने जा रहा है ͩक वत[मान ǒबट 1 पर सेट है। इसͧलए, इसका मतलब यह होगा ͩक
Þलॉक RAM मɅ एक पेज ĥेम (page frame) मɅ भरा हुआ है। और, ͩफर यह वचु[अल एĜेस
(virtual address) को ͩफिजकल एĜेस (physical address) मɅ पǐरवǓत[त करने मɅ स¢म होगा
और Ǔनदȶश को RAM से Ĥोसेसर मɅ लोड करने का कारण बन जाएगा। और, इस तरह Ĥोसेसर
एक Ǔनदȶश ǓनçपाǑदत करता है। तो यह वचु[अल एĜेͧसंग èकȧम (virtual addressing
scheme) के साथ होने वाले चरणɉ का अनुĐम है। अǓनवाय[ Ǿप से, इसमɅ न केवल ऑपरेǑटंग
ͧसèटम शाͧमल है, लेͩकन वचु[अल मेमोरȣ ĤाÜत करने के ͧलए ऑपरेǑटंग ͧसèटम, Ĥोसेसर और
मेमोरȣ मैनेजमɅट यूǓनट (memory management unit) के बीच एक अंतर काम कर रहा है।
दूसरे शÞदɉ मɅ, आभासी èमृǓत/वचु[अल मेमोरȣ (virtual memory) को काम करना शुǾ करने के
ͧलए। धÛयवाद।"
9,0,,"ऑपरेǑटंग ͧसèटम का पǐरचय
Ĥोफेसर चेèटर रेबेरो कंÜयूटर
ͪव£ान और इंजीǓनयǐरंग ͪवभाग भारतीय Ĥौɮयोͬगकȧ संèथान, मġास
वीक - 02 åयाÉयान - 08
सेगमɅटेशन (Segmentation)
हैलो। ͪपछले वीͫडयो मɅ हमने मेमोरȣ मैनेजमɅट के बारे मɅ देखा था, खासकर हमने वचु[अल
मेमोरȣ नामक अवधारणा पर Úयान कɅ Ǒġत ͩकया था। इस वीͫडयो मɅ हम èमृǓत Ĥबंधन के ͧलए
एक और मह×वपूण[ अवधारणा देखɅगे िजसे सेगमɅटेशन (Segmentation) के नाम से जाना जाता
है।"
9,1,(èलाइडसमय का संदभ[ लɅ: 00:33),"इसͧलए, जब हम सामाÛय Ǿप से ĤोĒाम देखते हɇ तो उÛहɅ
Logical
modules​ मɅ ͪवभािजत
ͩकया जा सकता है। तो, उदाहरण के ͧलए
instance global data, stack, heap, functions,
classes,
namespaces​ आǑद।"
9,2,(èलाइडसमय का संदभ[ लɅ: 00:47),"जब हम दूसरȣ ओर
virtual memory
​देखते हɇ,
virtual memory
​ĤोĒाम को
logical modules
​मɅ
ͪवभािजत नहȣं करता है, इसके बजाय
virtual memory
​वाèतव मɅ Ǔनिæचत आकार वाले Þलॉक
मɅ ĤोĒाम को ͪवभािजत करती है। इसͧलए, यह सामाÛय Ǿप से काम करेगा जबͩक यह करने
के ͧलए एक बहुत ताͩक[ क बात नहȣं है। उदाहरण के ͧलए हमारे पास एक लॉिजकल Þलॉक मɅ
फ़ंÈशन के कुछ Ǔनदȶश हो सकते हɇ जबͩक उस फ़ंÈशन के बाकȧ Ǔनदȶश पूरȣ तरह से अलग
लॉिजकल Þलॉक के भीतर हो सकते हɇ।"
9,3,(èलाइडसमय का संदभ[ लɅ: 01:17),"दूसरȣ ओर सेगमɅटेशन, काय[Đम का एक और ताͩक[ क ͪवभाजन ĤाÜत करता है। इसͧलए, हम
कुछ बाइɪस से लेकर 4 गीगा बाइट तक आकार मɅ ͧभÛन होने के ͧलए सेगमɅट को पǐरभाͪषत
कर सकते हɇ और हम सेगमɅट को अͬधक ताͩक[ क Đम मɅ पǐरभाͪषत कर सकते हɇ। उदाहरण के
ͧलए, हम इस ͪवशेष èलाइड मɅ Ǒदखाए गए अनुसार हमारे काय[Đम के भीतर Ĥ×येक काय[ को
एक अलग सेगमɅट मɅ शाͧमल कर सकते हɇ।"
9,4,(èलाइडसमय का संदभ[ लɅ: 01:39),"सेगमɅटेशन का एक बहुत हȣ आम उपयोग ĤोĒाम को ͪवͧभÛन सेगमɅट जैसे टेÈèट सेगमɅट, डेटा
सेगमɅट, हȣप सेगमɅट और èटैक सेगमɅट मɅ ͪवभािजत करना है। इसͧलए, इसे काय[Đम के
ताͩक[ क Ǻिçटकोण के Ǿप मɅ जाना जाता है।"
9,5,(èलाइडसमय का संदभ[ लɅ: 01:55),"अब, देखते हɇ ͩक
logical view
​से सेगमɅटेशन मɅ
physical view​ मɅ एĜेस मैͪपंग कैसे ͩकया जाता
है। तो, अǓनवाय[ Ǿप से हमारे पास एक सेगमɅट ͫडिèĐÜटर टेबल होगा जो èमृǓत मɅ संĒहȣत है।
सेगमɅट ͫडिèĐÜटर टेबल मɅ Ĥ×येक पंिÈत एक ͪवशेष सेगमɅट से संबंͬधत है। उदाहरण के ͧलए,
डेटा सेगमɅट 2 सेगमɅट ͫडिèĐÜटर टेबल मɅ ऑफ़सेट 2 पर है और ऑफ़सेट रैम मɅ बेस पता और
सेगमɅट कȧ सीमा ǓनǑद[çट करेगा। अब मानͬचğण करने के ͧलए, Ĥोसेसर मɅ कम से कम 3
रिजèटर हɉगे जो सेगमɅट चयनकता[, ऑफ़सेट रिजèटर और वण[नकता[ ताͧलका मɅ सूचक हɇ।
इसͧलए, जैसा ͩक नाम वण[न करता है ͩक ताͧलका मɅ
pointer
descriptor​ ​èमृǓत èथान के
ͧलए एक सूचक है जो descriptor​ ताͧलका रखता है। दूसरȣ तरफ सेगमɅट चयनकता[,
descriptor ताͧलका मɅ ऑफसेट है। Ĥोसेसर मɅ मेमोरȣ मैनेजमɅट यूǓनट इस ͪवशेष ऑफसेट को
देखेगी और base value 3000 चुनेगी। इसͧलए, यह base value ऑफसेट रिजèटर कȧ
सामĒी के साथ Ĥभावी पता के Ǿप मɅ जाना जाता है। तो, यह Ĥभावी पता RAM मɅ कुछ पते
के अनुǾप होगा।"
9,6,(èलाइडसमय का संदभ[ लɅ: 03:16),"आइए इस मैͪपंग èकȧम के दूसरे Ǻæय को देखɅ।
logical address
​मɅ दो भाग होते हɇ, इसमɅ
सेगमɅट चयनकता[ के साथ-साथ ऑफसेट पता भी Ĥभावी पता के Ǿप मɅ जाना जाता है।
इसͧलए, इंटेल 32 ǒबट Ĥोसेसर मɅ सेगमɅट ͧसलेÈटर 16 bits है, जबͩक logical address या
ऑफ़सेट रिजèटर 32 ǒबɪस है। तो, Èया होगा होगा सेगमɅट चयनकता[ कȧ सामĒी को वण[क
ताͧलका मɅ ऑफ़सेट के Ǿप मɅ उपयोग ͩकया जाता है। मेमोरȣ मैनेजमɅट यूǓनट तब इस ͪवशेष
ऑफसेट से आधार पता उठाएगी और सामͬĒयɉ को Ĥभावी पते पर जोड़ देगा जो
Linear
address​ के Ǿप मɅ जाना जाता है।"
9,7,(èलाइडसमय का संदभ[ लɅ: 03:58),"उदाहरण के साथ सेगमɅटेशन मɅ ͩकए गए मैͪपंग को देखते हɇ। आइए हम कहɅ ͩक ͫडिèĐÜटर
टेबल मɅ पॉइंटर युÈत रिजèटर 3000 का मूãय है। तो, इसका मतलब है ͩक रैम (RAM) मɅ
3000 पते पर यह वण[नकता[ ताͧलका है िजसमɅ ͪवͧभÛन सेगमɅट के ͧलए मानͬचğण शाͧमल है।
अब हम कहɅ ͩक सेगमɅट रिजèटर मɅ एक मान 1 है, इसͧलए इसका मतलब है ͩक हम
ͫडिèĐÜटर टेबल मɅ ऑफ़सेट 1 पर सेगमɅट का उपयोग करने का Ĥयास कर रहे हɇ। मेमोरȣ
मैनेजमɅट यूǓनट इस ऑफसेट से संबंͬधत बेस एĜेस लेगी, जो इस मामले मɅ 1000 है और
ऑफ़सेट रिजèटर का उपयोग करɅ िजसमɅ 1100 के रैͨखक पते के Ǿप मɅ जाना जाने वाला 100
का मूãय है। अब, सेगमɅट रिजèटर ऑफ़सेट रिजèटर फॉम[ के साथ जो लॉिजकल एĜेस के Ǿप
मɅ जाना जाता है।"
9,8,(èलाइडसमय का संदभ[ लɅ: 04:51),"तो, सेगमɅटेशन के साथ सबसे बड़ी समèयाएं
fragmentation
​है। आइए इस ͪवशेष उदाहरण को
देखɅ; हमारे पास 70 ͩकलोबाइट èपेस है जो RAM मɅ मुÈत है। हालांͩक, मुÈत èमृǓत, संगत
èथानɉ मɅ नहȣं है; हमारे पास एक चंक मɅ 60 ͩकलोबाइट ĥȧ èपेस है, एक और खंड मɅ 10
ͩकलोबाइट èपेस है। इसͧलए, इसका उपयोग 65 ͩकलोबाइɪस का एक नया खंड आवंǑटत करने
के ͧलए नहȣं ͩकया जा सकता है। इसͧलए, यहां तक ͩक 70 ͩकलोबाइɪस मुÝत मेमोरȣ उपलÞध
है, ͩफर भी èमृǓत संगत èथानɉ मɅ नहȣं है और इसͧलए इसका उपयोग नहȣं ͩकया जा सकता
है। खंडन ͪवभाजन कȧ सबसे बड़ी सीमाओं मɅ से एक है; हालांͩक, virtual मेमोरȣ के साथ
ͪवखंडन बहुत कम मुɮदा है।"
9,9,(èलाइडसमय का संदभ[ लɅ: 05:41),"अब हम देखɅगे ͩक कैसे इंटेल x86 ͧसèटम, सेगमɅटेशन और पेिजंग दोनɉ का उपयोग करता है,
ताͩक दोनɉ के फायदे ĤाÜत कर सके। तो, x86 ͧसèटम मɅ, सीपीयू एक लॉिजकल एĜेस उ×पÛन
करता है िजसमɅ सेगमɅट Üलस ऑफ़सेट होता है। तो यह एक सेगमɅटेशन यूǓनट को भेजा जाता है
जो तब एक रैͨखक पता उ×पÛन करता है। paging unit अǓनवाय[ Ǿप से वचु[अल मेमोरȣ Ĥबंधन
है जो रैͨखक पता लेती है और भौǓतक पता उ×पÛन करती है। तो, देखते हɇ ͩक सेगमɅटेशन
इकाई x86 ͧसèटम मɅ कैसे ͫडज़ाइन कȧ गई है।"
9,10,(èलाइडसमय का संदभ[ लɅ: 06:16),"x86 ͧसèटम मɅ 2 Ĥकार कȧ ͫडिèĐÜटर टेबल हɇ। इसͧलए, एक को èथानीय वण[नकता[ ताͧलका
के Ǿप मɅ जाना जाता है, जबͩक दूसरे को Êलोबल ͫडिèĐÜटर टेबल के Ǿप मɅ जाना जाता है
िजसे हम यहां पेश करɅगे। तो वैिæवक वण[नकता[ ताͧलका èमृǓत मɅ संĒहȣत है और यहां एक
ĤाǾप है जैसा ͩक यहां Ǒदखाया गया है। इसͧलए, अǓनवाय[ Ǿप से इसका पहला ¢ेğ है जो 0 है,
इसके बाद सेगमɅट ͫडिèĐÜटर हɇ। इस ͪवशेष वैिæवक वण[नकता[ ताͧलका को Êलोबल ͫडिèĐÜटर
टेबल रिजèटर या जीडीटȣआर (GDTR) के नाम से जाना जाने वाला एक रिजèटर ɮवारा इंͬगत
ͩकया जाता है। जीडीटȣआर एक 48 ǒबट रिजèटर है, िजसमɅ Ǔनàनͧलͨखत ĤाǾप है। कम से
कम मह×वपूण[ 16 ǒबɪस मɅ जीडीटȣ (GDT) का आकार होता है, जबͩक ऊपरȣ ǒबɪस मɅ आधार
पता होता है जो जीडीटȣ के सूचक होता है; वह यह सूचक है। तो, आइए देखते हɇ ͩक सेगमɅट
ͫडिèĐÜटर कȧ सामĒी Èया है?"
9,11,(èलाइडसमय का संदभ[ लɅ: 07:06),"तो, सेगमɅट ͫडिèĐÜटर मɅ 3 भाग होते हɇ िजसमɅ इसका बेस पता होता है, इसकȧ सीमा होती है
और इसमɅ एÈसेस अͬधकार होते हɇ। बेस पता और सीमा 0 से 4 गीगा बाइɪस के मान ले
सकती है, जबͩक एÈसेस अͬधकार ǒबɪस हɇ जो उस ͪवशेष सेगमɅट के ͧलए Ǔनçपादन, पढ़Ʌ, ͧलखɅ
या ͪवशेषाͬधकार èतर जैसी ͪवͧभÛन एÈसेस नीǓतयां ǓनǑद[çट करते हɇ।"
9,12,(èलाइडसमय का संदभ[ लɅ: 07:30),"इसके बाद, आइए इंटेल 32 ǒबट मशीनɉ मɅ सेगमɅट और ऑफ़सेट रिजèटरɉ को देखɅ। सेगमɅट
चयनकता[ रिजèĚार 16 ǒबट चयनकता[ सेगमɅट चयनकता[ हɇ जो GDT​ मɅ ऑफ़सेट को इंͬगत
करते हɇ। ऑफसेट रिजèटरस[ 32 ǒबट रिजèटरस[ हɇ। तो, Ĥायः सेगमɅट चयनकता[, कुछ संबंͬधत
ऑफसेट रिजèटरɉ का ĤǓतǓनͬधǓन×व करते हɇ। उदाहरण के ͧलए, कोड सेगमɅट तक पहुंचने के
ͧलए हम सीएस (
CS)
​रिजèटर का उपयोग करते हɇ जो कोड सेगमɅट के ͧलए सेगमɅट ͧसलेÈटर
है, और संबंͬधत ईआईपी (
EIP)
​रिजèटर जो ऑफसेट रिजèटर है िजसे
Instruction Pointer​ के
Ǿप मɅ जाना जाता है।
Data segment
​तक पहुंचने के ͧलए हमारे पास
DS, ES, FS
​और GS​ जैसे
कई सेगमɅट रिजèĚार हɇ।
stack pointer​ तक पहुंचने के ͧलए हमारे पास एसएस (
SS)
​रिजèटर है
िजसमɅ सेगमɅट चयनकता[ है, और
SP
​रिजèटर जो
stack pointer​ रखता है। इन सभी खंड
चयनकता[ रिजèटरɉ और ऑफसेट रिजèटरɉ को जीडीटȣआर ( GDTR​) और जीडीटȣ ( GDT​) ताͧलका
के साथ मेमोरȣ मɅ मौजूद है, लॉिजकल एĜेस को इसी रैͨखक पते मɅ बदलने के ͧलए उपयोग
ͩकया जाता है। इसके बाद हम
paging unit
​देखɅगे जो अǓनवाय[ Ǿप से x86 ͧसèटम मɅ वचु[अल
मेमोरȣ मैͪपंग का Ĥबंधन करता है। इसͧलए,
paging unit
​एक
linear address
​लेती है और इसे
समक¢
physical address
​मɅ पǐरवǓत[त करती है िजसका उपयोग
physical memory
​या
RAM
को संबोͬधत करने के ͧलए ͩकया जाता है।"
9,13,(èलाइडसमय का संदभ[ लɅ: 08:58),"x86 ͧसèटम मɅ पेिजंग इकाई मɅ 2 लेवल पेज अनुवाद शाͧमल हɇ। इसमɅ 32 ǒबट रैͨखक पता
होता है िजसे 3 भागɉ मɅ ͪवभािजत ͩकया जाता है, सबसे मह×वपूण[ 10 ǒबɪस को
Ǔनदȶͧशका/डायरेÈटरȣ ( directory​) Ĥͪविçट के Ǿप मɅ जाना जाता है, िजसके बाद ताͧलका
सूचकांक/टेबल इंडेÈस (
table
index​) के ͧलए 10 ǒबट होते हɇ और अंत मɅ, कम से कम
मह×वपूण[ 12 ǒबट ऑफसेट ( offset​) होते हɇ। तो Ǔनदȶͧशका Ĥͪविçट पृçठ Ǔनदȶͧशका मɅ ͩकसी
ͪवशेष ऑफ़सेट पर इंͬगत करती है। पृçठ Ǔनदȶͧशका एक ͪवशेष ताͧलका है जो RAM​ मɅ मौजूद
है और यह
CR3
​रिजèटर ɮवारा इंͬगत कȧ जाती है। इसͧलए पृçठ Ǔनदȶͧशका कȧ सामĒी ͩकसी
ͪवशेष पृçठ ताͧलका को इंͬगत करती है और उस पृçठ ताͧलका मɅ ऑफ़सेट ताͧलका
अनुĐमͨणका से ͧलया जाता है। इसͧलए ऑफ़सेट के साथ इस ͪवशेष पृçठ ताͧलका कȧ सामĒी
का उपयोग भौǓतक पता बनाने के ͧलए ͩकया जाता है। तो मेरे पास आपके ͧलए दो Ĥæन हɇ। तो
एक है ͩक ͩकतने पेज टेबल (
page table)
​मौजूद हɇ? तो 32 ǒबट इंटेल ͧसèटम मɅ ऐसी ͩकतनी
पेज टेबल मौजूद हɇ? जबͩक दूसरा सवाल यह है ͩक ĤͩĐया कȧ पता èथान का अͬधकतम
आकार Èया है? इसͧलए, Ĥ×येक ĤͩĐया मɅ भौǓतक पता मैͪपंग के ͧलए लȣǓनयर एĜेस (
linear
address)​ है। इसͧलए, मɇ चाहता हूं ͩक आप वाèतव मɅ यह जान लɅ ͩक ĤͩĐया कȧ पता èथान
का अͬधकतम आकार Èया होगा।"
9,14,(èलाइडसमय का संदभ[ लɅ: 10:18),"यह ͪवशेष èलाइड x86 ͧसèटम मɅ पूण[ पता अनुवाद Ǒदखाती है।
CPU
​एक लॉिजकल एĜेस
डालता है िजसमɅ सेगमɅट ͧसलेÈटर और ऑफ़सेट शाͧमल होता है। सेगमɅट ͧसलेÈटर
global
descriptor
table​ मɅ सेगमɅट ͫडिèĐÜटर के Ǿप मɅ जाना जाने वाला सूची है। ऑफ़सेट के साथ
global descriptor
​तब रैͨखक पता के Ǿप मɅ जाना जाता है, और इस पूरे èथान को ĤͩĐया के
ͧलए रैͨखक पता मानͬचğ के Ǿप मɅ जाना जाता है। रैͨखक पते मɅ 3 घटकɉ का समावेश होता
है जो
Directory
entry​, ​Table
index
​और ऑफसेट है। तो, Ǔनदȶͧशका Ǔनदȶͧशका मɅ Ǔनदȶͧशका
Ĥͪविçट अनुĐमͨणका और यह सामĒी तब आप एक पृçठ ताͧलका का चयन करɅ। ताͧलका
सूचकांक का उपयोग उस
page directory
​मɅ ऑफसेट ĤाÜत करने के ͧलए ͩकया जाता है और
इसकȧ सामĒी, रैͨखक पते मɅ अंǓतम 12
bits
​के साथ या ͩफर अंǓतम भौǓतक पता ĤाÜत करने
के ͧलए उपयोग कȧ जाती है िजसका उपयोग RAM​ को डेटा पढ़ने या ͧलखने के ͧलए ͩकया
जाता है । वीͫडयो के इन सेट के साथ हमने वचु[अल मेमोरȣ और
segmentation
​जैसी मेमोरȣ
मैनेजमɅट èकȧमɉ को देखा था और हमने देखा है ͩक
Intel
​32 ​bit ​ͧसèटम मɅ
address
translation​ कैसे Ĥबंͬधत करता है। धÛयवाद।"
10,0,,"ऑपरेǑटंग ͧसèटम का पǐरचय
Ĥोफेसर चेèटर रेबेरो
कंÜयूटर ͪव£ान और इंजीǓनयǐरंग ͪवभाग
भारतीय Ĥौɮयोͬगकȧ संèथान, मġास
वीक - 02 åयाÉयान - 09
xv6 मɅ मेमोरȣ Ĥबंधन
नमèकार।
हमने Ĥोसेसर मɅ वचु[अल मेमोरȣ मैनेजमɅट èकȧम और virtual memory वचु[अल मेमोरȣ और
segmentation सेगमɅटेशन के बारे मɅ ͪपछले वीͫडयो मɅ देखा था, और हमने यह भी देखा था
ͩक x86 ͧसèटम मɅ मेमोरȣ कैसे Ĥबंͬधत कȧ जाती है।"
10,1,(èलाइडसमय का संदभ[ लɅ: 00:30),"इस वीͫडयो मɅ हम xv6 मɅ मेमोरȣ मैनेजमɅट देखɅगे। इसͧलए, xv6 एक ऑपरेǑटंग ͧसèटम है
िजसे x86 Üलेटफ़ॉम[ के ͧलए लͯ¢त ͩकया गया है, इसͧलए x86 Ĥोसेसर मɅ मेमोरȣ Ĥबंधन से
संबंͬधत वीͫडयो मह×वपूण[ होगा। इसͧलए, हम इस ͪवशेष वीͫडयो मɅ बहुत से xv6 İोत कोड का
िजĐ करɅगे, इसͧलए संदभ[ के ͧलए आप वाèतव मɅ xv6 İोत कोड पुिèतका (संशोधन8) देख
सकते हɇ िजसे इसे इस ͪवशेष वेबसाइट से डाउनलोड ͩकया जा सकता है।"
10,2,(èलाइडसमय का संदभ[ लɅ: 01:05),"अब, बस एक x86 ͧसèटम मɅ याद करने के ͧलए, èमृǓत अनुवाद के दो èतर हɇ। तो CPU एक
logical address डालता है िजसमɅ segmentation और offset होता है। ͩफर, एक सेगमɅटेशन
यूǓनट है जो ताͩक[ क/लॉिजकल (logical) पते को एक रैͨखक पते और एक
Paging unit
​मɅ
पǐरवǓत[त करती है जो एक
Linear address
​को physical address मɅ पǐरवǓत[त करती है और
केवल तभी physical memory या RAM वाèतव मɅ उपयोग कȧ जाती है।"
10,3,(èलाइडसमय का संदभ[ लɅ: 01:36),"xv6 मɅ इस मेमोरȣ Ĥबंधन का पूण[ Ǻæय ĤाÜत करने के ͧलए, हमने यह ͪवशेष ͬचğ देखा था।
और ͪवशेष Ǿप से, हमने सेगमɅटेशन यूǓनट के बारे मɅ देखा था जो इस भाग पर
Paging unit
के बाद है। हमने ͪवशेष Ǿप से ͪवभाजन इकाई मɅ देखा था ͩक एक सेगमɅट चयनकता[ है, जो
stack segment, code segment, the DS, ES, FS
segment​ जैसे रिजèटर है और यह ͪवशेष सेगमɅट
GDT
​के नाम से जाना जाने वाला एक ताͧलका/टेबल मɅ सूची करेगा जो
Global Descriptor
Table है। और इस ͪवशेष जीडीटȣ ( GDT​) मɅ सेगमɅट ͫडिèĐÜटर मौजूद है। ऑफ़सेट के साथ
संयुÈत होने पर सेगमɅट ͫडिèĐÜटर आपको रैͨखक पता के Ǿप मɅ जाना जाता है। तो आइए
xv6 ऑपरेǑटंग ͧसèटम मɅ सेगमɅटेशन को कैसे Ĥबंͬधत ͩकया जाए, इस बारे मɅ और देखɅ। तो,
सबसे पहले हम सेगमɅट ͫडिèĐÜटर मɅ और देखɅगे।"
10,4,(èलाइडसमय का संदभ[ लɅ: 02:38),"x86 ͧसèटम मɅ Ĥ×येक सेगमɅट ͫडिèĐÜटर मɅ 64 ǒबɪस हɇ। तो, इन 64 ǒबɪस को 32 ǒबɪस
के 2 शÞदɉ के Ǿप मɅ देखा जा सकता है। सेगमɅट ͫडिèĐÜटर मɅ सेगमɅट के कई गुण होते हɇ।
यहां कुछ मह×वपूण[ ͪवशेषताओं को Ǒदखाया गया है। इसͧलए, सेगमɅट बेस या सेगमɅट का मूल
पता एक मह×वपूण[ ͪवशेषता है। तो, इस आधार पते मɅ 3 भागɉ शाͧमल हɇ; यह 32 ǒबɪस मɅ है
और इसमɅ 3 भाग, 16 ǒबɪस शाͧमल हɇ, यहां 16 से 23 ǒबɪस हɇ, और यहां 24 से 31 ǒबɪस
मौजूद हɇ। सेगमɅट सीमा मɅ सेगमɅट कȧ सीमाएं होती हɇ। तो, यह 20 ǒबɪस का है और 2 भागɉ
मɅ मौजूद है। यहां मौजूद 16 सबसे मह×वपूण[ ǒबɪस हɇ, जबͩक यहां 4 सबसे मह×वपूण[ ǒबɪस
मौजूद हɇ। सेगमɅट ͫडिèĐÜटर मɅ एक और मह×वपूण[ ͪवशेषता ͪवशेषाͬधकार èतर है।
ͪवशेषाͬधकार èतर 2 ǒबɪस का है और इसमɅ 0 से 3 के मान हो सकते हɇ। इसͧलए,
उपयोगकता[ ĤͩĐया िजनके पास कम से कम ͪवशेषाͬधकार èतर है, उÛहɅ 3 का मान Ǒदया जाता
है, जबͩक ऑपरेǑटंग ͧसèटम कोड िजसमɅ उÍचतम ͪवशेषाͬधकार èतर है, का मान 0 है। सेगमɅट
ͫडिèĐÜटर मɅ ͪवशेषता सेगमɅट Ĥकार है। इसͧलए, इÛहɅ 3 मान STA_X हो सकते हɇ जो
Ǔनçपादन योÊय, पठनीय सेगमɅट के साथ-साथ ͧलखने योÊय सेगमɅट भी हो इसके अǓतǐरÈत,
आप वाèतव मɅ एक ͪवशेष सेगमɅट के ͧलए इन ͪवशेषताओं को जोड़ सकते हɇ। उदाहरण के
ͧलए, आपके पास एक सेगमɅट हो सकता है, जो Ǔनçपादन योÊय और पठनीय है। तो, आप
ǓनǑद[çट कर सकते हɇ ͩक सेगमɅट मɅ एक Ĥकार एÈस (X) और साथ हȣ आर (R) है।"
10,5,(èलाइडसमय का संदभ[ लɅ: 04:38),"तो xv6 मɅ, इस सेगमɅट ͫडिèĐÜटर को ऑपरेǑटंग ͧसèटम कोड मɅ संरचना ɮवारा दशा[या जाता
है। इसͧलए, यǑद आप mmu dot h को देखते हɇ, तो आप वाèतव मɅ यह ͪवशेष संरचना देखɅगे।
इसͧलए, जैसा ͩक आप देख सकते हɇ ͩक सेगमɅट ͫडिèĐÜटर मɅ सभी ͪवशेषताओं को इस
संरचना मɅ दशा[या गया है। उदाहरण के ͧलए, 32 ǒबɪस का बेस पता और 3 भागɉ मɅ ͪवभािजत
ͩकया गया है, यहां पर 3 Ǒहèसɉ का भी ĤǓतǓनͬध×व ͩकया जाता है। यहां 16 ǒबɪस हɇ और
इसके बाद 8 ǒबɪस और सबसे मह×वपूण[ 8 ǒबɪस मौजूद हɇ। इसके अलावा, एसईजी ( SEG​) के
Ǿप मɅ जाना जाने वाला xv6 मɅ एक मैĐो है जो 4 पैरामीटर लेता है: टाइप, आधार जो आधार
पता, सेगमɅट सीमा और डीपीएल है। इसͧलए, इस मैĐो का उपयोग सेगमɅट ͫडिèĐÜटर बनाने के
ͧलए ͩकया जाता है, यह एक सहायक मैĐो है िजसका उपयोग सेगमɅट ͫडिèĐÜटर बनाने के ͧलए
ͩकया जाता है। एसईजी ( SEG​) मैĐो का एक सामाÛय उपयोग इस Ĥकार है। इसͧलए, एसईजी
(​SEG​) का यह ͪवशेष उपयोग एक सेगमɅट बनाता है िजसमɅ 0 का आधार पता होता है, इसकȧ 2
शिÈत 32 शूÛय 1 कȧ सीमा होती है जो 0 एÈस के बाद 8 एफएस होती है। इसमɅ उपयोगकता[
का ͪवशेषाͬधकार èतर है, िजसे डीपीएल अंडरèकोर उपयोगकता[ ɮवारा ǓनǑद[çट ͩकया गया है
और यह Ĥकार डÞãयू (W) है - यह खंड ͧलखने योÊय है।"
10,6,(èलाइडसमय का संदभ[ लɅ: 06:00),"Xv6 सेगमɅटेशन का अͬधक उपयोग नहȣं करता है, यह केवल 4 सेगमɅट बनाता है। ये कनȶल
कोड, कनȶल डेटा, उपयोगकता[ कोड और उपयोगकता[ डेटा हɇ। इन सभी सेगमɅट मɅ 0 का मूल
पता है और इसकȧ 4 जीबी कȧ सीमा है। कनȶल कोड और उपयोगकता[ कोड के सभी कोड
सेगमɅट Ǔनçपादन योÊय और पठनीय Ĥकार के हɇ जो एÈस (X), आर (R) यहां और साथ हȣ
यहां हɇ। कनȶल डेटा और उपयोगकता[ डेटा वाला डेटा ͧलखने योÊय Ĥकार का है जो डÞãयू, डÞãयू
है। अब कनȶल कोड और डेटा मɅ 0 का डीपीएल मान है, जो उÍचतम ͪवशेषाͬधकार èतर को
इंͬगत करता है जबͩक उपयोगकता[ कोड और डेटा मɅ डीपीएल मान होता है 3 मɅ से सबसे कम
ͪवशेषाͬधकार èतर का संकेत है। अगला हम देखɅगे ͩक इन 4 सेगमɅट xv6 मɅ कैसे बनाए जाते
हɇ।"
10,7,(èलाइडसमय का संदभ[ लɅ: 06:54),"इसͧलए, जब ͪवभाजन कȧ बात आती है तो इसे एक जीडीटȣ होना आवæयक है, जो èमृǓत मɅ
मौजूद है। तो यह ͪवशेष घोषणा जो संरचना segdesc gdt है जो सेगमɅट कȧ संÉया लेती है
वह जीडीटȣ युÈत एक सरणी/ऐरे है। तो यǑद आप कनȶल कोड के लाइन नंबर 2308 को देखते
हɇ, तो आप यह घोषणा देखɅगे। इसͧलए, यह ͪवशेष मेमोरȣ सरणी या इस ͪवशेष सरणी का
उपयोग जीडीटȣ ताͧलका को èटोर करने के ͧलए ͩकया जाता है। तो यह ͪवशेष सरणी इन कोडɉ
से भरȣ है। इसͧलए, हम Ǔनàनानुसार 4 सेगमɅट बनाते हɇ। इसͧलए, हम 4 खंडɉ मɅ कनȶल कोड
सेगमɅट, कनȶल डेटा सेगमɅट, उपयोगकता[ कोड सेगमɅट और उपयोगकता[ डेटा सेगमɅट बनाते हɇ।
इसͧलए, ये खंड हमारे ɮवारा देखे गए Ǔनयमɉ के अनुसार बनाए गए हɇ। अंत मɅ, हमɅ इस ͪवशेष
जीडीटȣ ताͧलका को इंͬगत करने वाले जीडीटȣ रिजèटर कȧ आवæयकता है, ताͩक यह इस ͪवशेष
काय[ के इस आमंğण ɮवारा ͩकया जा सके िजसे एलजीडीटȣ या लोड जीडीटȣ कहा जाता है। तो,
लोड जीडीटȣ लाइन संÉया 512 मɅ मौजूद एक फंÈशन ( function​) है; और अǓनवाय[ Ǿप से यह
दो पैरामीटर लेता है, यह सेगमɅट ͫडिèĐÜटर को पॉइंटर लेता है जो अǓनवाय[ Ǿप से इस जीडीटȣ
ताͧलका के सूचक और जीडीटȣ ताͧलका का आकार है िजसे हमने यहां जी जीडीटȣ के आकार के
Ǿप मɅ पाǐरत ͩकया है जो ͩक इस जीडीटȣ ताͧलका का आकार है । और, अǓनवाय[ Ǿप से यह
ͧसफ[ इस ͪवशेष Ǔनदȶश कॉल lgdt का आéवान करने जा रहा है, जो जीडीटȣ के पते के साथ
एमएमयू (MMU) मɅ जीडीटȣ पॉइंटर (
GDT
pointer​) भरता है।"
10,8,(èलाइडसमय का संदभ[ लɅ: 08:38),"इसके बाद हम सेगमɅटेशन से पेिजंग यूǓनट पर आगे बढ़Ʌगे, इस Ĥकार वचु[अल मेमोरȣ को xv6
ऑपरेǑटंग ͧसèटम मɅ Ĥबंͬधत ͩकया जाता है। जैसा ͩक हमने x86 ͧसèटम मɅ पहले देखा था,
वचु[अल एĜेस ͧसंक वाèतव मɅ पृçठ Ǔनदȶͧशकाओं के दो èतरɉ ɮवारा Ĥबंͬधत ͩकया जाता है।
नतीजतन, रैͨखक पता या आभासी पता 3 भागɉ मɅ ͪवभािजत है; आपके पास एक Ǔनदȶͧशका
Ĥͪविçट है िजसमɅ 10 ǒबɪस, 10 ǒबɪस वालȣ एक टेबल Ĥͪविçट और 12 ǒबɪस शाͧमल
ऑफसेट शाͧमल हɇ। डायरेÈटरȣ मɅ मौजूद एक पेज Ǔनदȶͧशका ताͧलका मɅ इंडेÈस करने के ͧलए
Ǔनदȶͧशका Ĥͪविçट का उपयोग ͩकया जाता है। X86 ͧसèटम मɅ, इस पृçठ Ǔनदȶͧशका को सीआर3
(CR3) रिजèटर के नाम से जाना जाने वाला एक रिजèटर ɮवारा इंͬगत ͩकया जाता है। ​अब,
पृçठ Ǔनदȶͧशका Ĥͪविçट कȧ सामĒी का उपयोग तब पृçठ ताͧलका को इंͬगत करने के ͧलए ͩकया
जाता है।
So that the second part of the linear address that is a table index is then used to
offset into the page table to get the page corresponding page table entry then the contents
of the page table is then added to the offset to get the corresponding physical address.
ताͩक रैͨखक पता का दूसरा भाग जो ताͧलका सूचकांक है, पृçठ पृçठ ताͧलका मɅ Ĥवेश करने के
ͧलए पृçठ ताͧलका मɅ ऑफ़सेट करने के ͧलए उपयोग ͩकया जाता है, ͩफर पेज ताͧलका कȧ
सामĒी को संबंͬधत भौǓतक पता ĤाÜत करने के ͧलए ऑफसेट मɅ जोड़ा जाता है ।"
10,9,(èलाइडसमय का संदभ[ लɅ: 09:58),"अब, हम देखɅगे ͩक यह आभासी एĜेͧसंग योजना xv6 मɅ कैसे Ĥबंͬधत कȧ जाती है? चूंͩक xv6
बूट करना शुǾ होता है, ऑपरेǑटंग ͧसèटम कनȶल कोड और डेटा को इस गुलाबी छायांͩकत ¢ेğ
मɅ Ǒदखाए गए रैम के Ǔनचले ¢ेğɉ मɅ कॉपी ͩकया जाता है। चूंͩक ओएस बूट पेज Ǔनदȶͧशकाओं
को जारȣ रखता है और पेज टेबल बनाए जाते हɇ जैसे ͩक संपूण[ रैम लॉिजकल एĜेस èपेस के
उÍच ¢ेğ मɅ मैप हो जाता है, जो ͩक रैम के 0 वɅ èथान को
KERNBASE
​के Ǿप मɅ पǐरभाͪषत
ͩकया जाता है जो ͩक 0x80000000 है। इसी Ĥकार, इस रैम मɅ Ĥ×येक पते मɅ लॉिजकल èपेस
मɅ एक समान मैप ͩकए गए पते हɉगे। कनȶल और भौǓतक RAM के ͧलए ताͩक[ क पता èथान
के बीच एक मैͪपंग Èयɉ बनाया गया है? इसका कारण यह है ͩक, ऐसा नÈशा कनȶल आसानी से
वचु[अल एĜेस से वचु[अल एĜेस से संबंͬधत भौǓतक पते मɅ पǐरवǓत[त कर सकता है िजसे कनȶल
èपेस मɅ कोई वचु[अल एĜेस Ǒदया गया है जो यहां कुछ है। ऑपरेǑटंग ͧसèटम या कनȶल आसानी
से वी2पी ( V2P​) या आभासी भौǓतक èमृǓत Ǿपांतरण मैĐो के Ǿप मɅ £ात मैĐो का उपयोग
करके संबंͬधत भौǓतक पता ĤाÜत कर सकता है। इसी तरह, ͩकसी भौǓतक पते से संबंͬधत
वचु[अल पते मɅ कनवट[ करने के ͧलए बहुत आसान होगा। इसͧलए, ͩकसी भी रैम (RAM) को
ͩकसी भी भौǓतक पते को संबंͬधत लॉिजकल एĜेस मɅ पǐरवǓत[त ͩकया जा सकता है या भौǓतक
से वचु[अल मेमोरȣ मैĐो के Ǿप मɅ £ात मैĐो ɮवारा संबंͬधत वचु[अल एĜेस को पी2वी ( P2V​) के
Ǿप मɅ छोटा ͩकया जा सकता है। तो इन दो मैĐोज़ मɅ इनके दौरान मह×वपूण[ बात यह
KERNBASE​ है।"
10,10,(èलाइडसमय का संदभ[ लɅ: 12:01),"तो आइए इन दो मैĐोज़ को अͬधक ͪवèतार से देखɅ। इसͧलए, यǑद आप इन दो मैĐोज़ को
देखते हɇ, तो यह कनȶल İोत कोड मɅ लाइन नंबर 212 मɅ मौजूद है ͩक मैĐो पी2वी (P2V) बस
एक 'पता' लेता है - जो एक भौǓतक पता है और इसे जोड़कर वचु[अल एĜेस मɅ पǐरवǓत[त करता
है KERNBASE। इसी तरह, मैĐो वी2पी ( V2P​) वचु[अल एĜेस 'ए' लेता है, और इसे
KERNBASE घटाकर इसे भौǓतक पते मɅ बदल देता है। इसͧलए, जैसा ͩक आप वचु[अल से
भौǓतक मɅ पǐरवǓत[त कर सकते हɇ और इसके ͪवपरȣत भौǓतक से वचु[अल से ऑपरेǑटंग ͧसèटम
पǐरĤेêय से बहुत आसान हो जाता है।"
10,11,(èलाइडसमय का संदभ[ लɅ: 12:47),"अब हमɅ और ͪवèतार से देखɅ ͩक कैसे xv6 ऑपरेǑटंग ͧसèटम भौǓतक पता और ताͩक[ क पता
èथान के बीच मैͪपंग बनाता है। तो, यहां यह ͪवशेष आंकड़ा भौǓतक RAM Ǒदखाता है। इसͧलए,
जैसा ͩक आप देख सकते हɇ ͩक भौǓतक रैम कई ¢ेğɉ मɅ बांटा गया है। 0 से 640 के ¢ेğ को
बेस मेमोरȣ के Ǿप मɅ जाना जाता है; ¢ेğ के ͧलए मी 640K से 1 MB​ याǓन एक के बाद पांच
0s को I/O èपेस के Ǿप मɅ जाना जाता है। जबͩक ¢ेğ 1 से
phystop - p h y s
MB​ stop​ तक -
ͪवèताǐरत èमृǓत है। अब इस phystop को मैĐो के Ǿप मɅ पǐरभाͪषत ͩकया गया है, जो
ͧसèटम मɅ मौजूद अͬधकतम माğा मɅ रैम को दशा[ता है। तो, यह 2 जीबी, 4 जीबी या 16 जीबी
कȧ तरह कुछ हो सकता है और ͧसèटम से ͧसèटम मɅ ͧभÛन हो सकता है। तो इसके ऊपर वाला
¢ेğ जो 4 जीबी तक फैला हुआ है, मेमोरȣ मैप ͩकए गए उपकरणɉ ɮवारा उपयोग ͩकया जाता
है। अब, इस ͪवशेष भौǓतक RAM के ͧलए मैͪपंग बनाने के ͧलए, ऑपरेǑटंग ͧसèटम पेज
Ǔनदȶͧशका और पेज टेबल बनाएगा। इसͧलए, इस मैͪपंग को बनाने के ͧलए, ऑपरेǑटंग ͧसèटम
कोड कई मैĐोज़ को पǐरभाͪषत करता है। तो, कुछ मह×वपूण[ लोगɉ को यहां Ǒदखाया गया है।
इसͧलए, हमने पहले से हȣ KERNBASE के बारे मɅ देखा है िजसे 0x8 के बराबर पǐरभाͪषत
ͩकया गया है और इसके बाद सात 0/शूÛय हɇ और
KERNLINK, PHYSTOP
​और EXTMEM​ जैसे
अÛय मैĐोज़ हɇ। अब केना[बेस वचु[अल एĜेस Ǔनधा[ǐरत करता है िजस पर कनȶल कȧ जगह शुǾ
होती है। इसͧलए, यǑद आप वाèतव मɅ इस ताͩक[ क पता èथान को देखते हɇ, तो आप देखɅगे ͩक
KERNBASE को इस ͪवशेष èथान पर पǐरभाͪषत ͩकया गया है। इस èथान के नीचे èमृǓत का
¢ेğ उपयोगकता[ èथान है और यह वह ¢ेğ है जहां उपयोगकता[ ǓनçपाǑदत करता है; जबͩक इस
KERNBASE से ऊपर का ¢ेğ यहां से अͬधकतम 4 गीगा तक है, जहां ऑपरेǑटंग ͧसèटम
मौजूद है और साथ हȣ यह èमृǓत को Ĥबंͬधत करता है और उपकरणɉ के साथ बातचीत करता
है। अब, एक और मह×वपूण[ मैĐो KERNLINK है, जो KERNBASE Üलस 1 एमबी है।
इसͧलए, जैसा ͩक आप यहां इस ͪवशेष ǒबंदु पर देखते हɇ, जो KERNBASE Üलस 1 एमबी
KERNLINK​ को दशा[ता है। इसͧलए, यह èथान मह×वपूण[ है Èयɉͩक यह वह èथान है जहां
कनȶल कोड और डेटा मौजूद हɇ। तो, KERNLINK​ से शुǾ, कनȶल पाठ है जो कनȶल कोड है; और
कनȶल कोड पूरा होने के बाद, èथानɉ मɅ कनȶल डेटा शाͧमल होता है जो वैिæवक डेटा है जो xv6
ऑपरेǑटंग ͧसèटम मɅ मौजूद है। कनȶल कोड और डेटा का अंत इस Ĥतीक 'अंत' ɮवारा ǓनǑद[çट
ͩकया गया है। अंत से ¢ेğ इस ͪवशेष èथान 0xFE के बाद छह 0s के बाद मुÈत èमृǓत है।
यह ͪवशेष मुÈत मेमोरȣ ऑपरेǑटंग ͧसèटम मɅ ͪवͧभÛन चीजɉ के ͧलए उपयोग कȧ जाती है जैसे
ओएस ढेर के साथ-साथ उपयोगकता[ ĤͩĐयाओं के ͧलए पृçठɉ को आवंǑटत करने के ͧलए। अब
भौǓतक RAM मɅ इस कनȶल èपेस का नÈशा बनाने के ͧलए kmap के Ǿप मɅ जाना जाने वाला
एक संरचना पǐरभाͪषत ͩकया गया है। तो लाइन संÉया 1823 मɅ मौजूद kmap संरचना चार
त×वɉ मɅ शाͧमल है। तो, इसमɅ virt-वी आयी आर टȣ है, जो आभासी पते के ͧलए एक सूचक है।
ͩफर उसके पास भौǓतक Ĥारंभ पता है जो भौǓतक पता इंͬगत करता है जो आभासी पते पर मैप
हो जाता है और भौǓतक अंत जो उस ¢ेğ का अंत होता है, और Ǔनिæचत Ǿप से, अनुमǓतयां
होती हɇ। तो, xv6 चार ऐसे ¢ेğɉ को पǐरभाͪषत करता है। इसͧलए, हमारे पास I/O èथान, कनȶल
टेÈèट है और केवल डेटा, कनȶल डेटा और मेमोरȣ ¢ेğ और ͫडवाइस èथान पढ़ता है। इसͧलए,
इन चार ¢ेğɉ को वाèतव मɅ इस ͪवशेष कनȶल èपेस मɅ मैप ͩकया जा सकता है। उदाहरण के
ͧलए, I/O èथान जो वचु[अल एĜेस KERNBASE से शुǾ होता है और EXT EXTMEM तक
भौǓतक पता 0 तक मैप हो जाता है। तो, यह 1 एमबी ¢ेğ है जो I/O èथान के अंत से 0 से
शुǾ होता है जो 1 एमबी मैग है। इसͧलए, इसे I/O èथान के Ǿप मɅ जाना जाता है और
आमतौर पर xv6 ऑपरेǑटंग ͧसèटम ɮवारा उपयोग नहȣं ͩकया जाता है। ¢ेğ KERNLINK के
बाद कनȶल टेÈèट Üलस रॉ डाटा को èटोर करने के ͧलए उपयोग ͩकया जाता है जो कनȶल कोड
है और केवल डेटा पढ़ता है। इसͧलए, इस ¢ेğ को ͪवèताǐरत èमृǓत/एÈसटɅडेड मेमोरȣ (
extended
memory​) कȧ शुǽआत से मैप ͩकया जाता है, इस अथ[ मɅ ͩक
KERNLINK
जो कȧ यहाँ इस ͪवशेष
जगह है, इस लाइन ɮवारा मौजूद इसको ͪवèताǐरत èमृǓत मɅ मैप ͩकया जाता है। तो, यह
ͪवèताǐरत मेमोरȣ कȧ शुǽआत मɅ है िजसमɅ कनȶल कोड होता है और भौǓतक RAM मɅ केवल
डेटा पढ़ता है। ͩफर हमारे पास एक ¢ेğ है िजसे डेटा ¢ेğ के Ǿप मɅ जाना जाता है जो यहां
मुÈत मेमोरȣ भाग मɅ मैप ͩकया जाता है, और अंत मɅ, आपके पास ͫडवाइस ǐरÈत èथान हɇ जो
इस ͪवशेष èथान 0xFE60s से ऊपर है।"
10,12,(èलाइडसमय का संदभ[ लɅ: 18:38),"चͧलए रैम (RAM) के xv6 कनȶल èपेस के बीच मैͪपंग बनाने मɅ शाͧमल चरणɉ का अनुĐम
देखते हɇ। तो, ये चार कदम शाͧमल हɇ। सबसे पहले, एक स¢म पेिजंग है। तो, ͫडफ़ॉãट Ǿप से
जब ͧसèटम पेिजंग चालू हो जाता है अ¢म ͩकया जाता है। इसͧलए, पेिजंग चालू करने के ͧलए,
पेिजंग स¢म ǒबट के Ǿप मɅ जाना जाने वाला एक ͪवशेष ǒबट सीआर 0 रिजèटर मɅ मौजूद ǒबट
को 1 पर सेट करना होगा। इसͧलए सीआर 0 रिजèटर x86 Ĥोसेसर मɅ एक ͪवͧशçट रिजèटर है
और उस रिजèटर मɅ पेिजंग स¢म ǒबट को थोड़ा सा कहा जाता है िजसे पेिजंग को स¢म करने
के ͧलए 1 पर सेट करने कȧ आवæयकता होती है।"
10,13,(èलाइडसमय का संदभ[ लɅ: 19:25),"पृçठ Ǔनदȶͧशका और पेज टेबल बनाने का एक और कदम है। पृçठ Ǔनदȶͧशका बनाने और भरने
के ͧलए, फ़ंÈशन
walk page directory
​या
walkpgdir
​ऑपरेǑटंग ͧसèटम ɮवारा बुलाया ͩकया
जाता है। इसͧलए, यǑद आप İोत कोड देखते हɇ, तो आपको यह walkpgdir फ़ंÈशन लाइन
नंबर 1754 मɅ Ǒदखाई देगा।
(èलाइडसमय का संदभ[ लɅ: 19: 45)
walk page directory
​फ़ंÈशन पृçठ ताͧलका Ĥͪविçट को वचु[अल एĜेस से संबंͬधत बनाता है।
इसͧलए, अǓनवाय[ Ǿप से यह इस ͪवशेष पृçठ Ǔनदȶͧशका मɅ एक Ĥͪविçट बनाने जा रहा है।
दूसरा, अगर यह पता चलता है ͩक पृçठ Ǔनदȶͧशका मɅ संबंͬधत पृçठ ताͧलका Ĥͪविçट मौजूद नहȣं
है तो यह रैम मɅ इसके ͧलए एक पृçठ ताͧलका बनाता है। तो, जैसा ͩक हमने देखा है, यह पृçठ
ताͧलका 1 पेज होगी जो 4 ͩकलो बाइɪस है। इसͧलए, हमने देखा है ͩक 1024 Ĥͪविçटयां हɇ
और Ĥ×येक Ĥͪविçट 32 ǒबɪस है। इसͧलए, इस पृçठ कȧ ताͧलका मɅ 4 केबी कȧ होगी ͩक यह
एक पृçठ होगा। इसी तरह, जब भी आवæयक हो, अÛय पेज टेबल बनाए जाते हɇ। इसͧलए, यह
ͪवशेष काय[ कई मैĐो का उपयोग करता है जैसे ͩक पीडीएÈस ( PDX​) मैĐो, जो वचु[अल एĜेस
Ǒदया गया है, पेज डायरेÈटरȣ इंडेÈस Ǔनकाल देगा जो यह आपको रैͨखक पते के ऊपरȣ 10
ǒबɪस देने के ͧलए जा रहा है। ͩफर हमारे पास पृçठ ताͧलका Ĥͪविçट पता है जो पृçठ Ǔनदȶͧशका
Ĥͪविçट और पीटȣएÈस ( PTX​) मैĐो Ĥदान करेगा जो वचु[अल पता लेता है और आपको पृçठ
ताͧलका Ĥͪविçट देता है।"
10,14,(èलाइडसमय का संदभ[ लɅ: 21:06),"पृçठ Ǔनदȶͧशका बनाने के बाद, अगला चरण पृçठ सारणी भरना है। इसͧलए, यह मानͬचğ पृçठ
ɮवारा ͩकया जाता है जो xv6 İोत कोड के लाइन नंबर 1779 मɅ मौजूद है।"
10,15,(èलाइडसमय का संदभ[ लɅ: 21:17),"तो, नÈशा पेज Èया करता है ͩक यह वचु[अल एĜेस से भौǓतक पते पर मैͪपंग के साथ इस
ͪवशेष पेज टेबल को भरने जा रहा है। इसͧलए, इस ͪवशेष ताͧलका Ĥͪविçटयɉ मɅ शाͧमल हɇ
Èयɉͩक हमने भौǓतक पता मैͪपंग, अनुमǓतयां और कुछ भी Ĥèतुत ͩकया है। इसͧलए, जैसा ͩक
हमने देखा है ͩक पृçठ ताͧलका मɅ एक Ĥͪविçट का उपयोग ऑफसेट के साथ संबंͬधत भौǓतक
पता बनाने के ͧलए ͩकया जाता है।"
10,16,(èलाइडसमय का संदभ[ लɅ: 21:47),"इसͧलए, एक बार जब हमने पृçठ Ǔनदȶͧशकाएं और पेज टेबल बनाए हɇ, तो अंǓतम चरण सीआर3
(​CR3​) रिजèटर लोड करना है। सीआर3 रिजèटर x86 Ĥोसेसर मɅ एक और रिजèटर है िजसमɅ
पृçठ Ǔनदȶͧशका मɅ सूचक शाͧमल है।"
10,17,(èलाइडसमय का संदभ[ लɅ: 22:05),"तो दूसरे अथ[ मɅ हमारे पास यह सीआर3 ( CR3​) रिजèटर है, जो एमएमयू (MMU) के Ĥोसेसर
मɅ मौजूद है और यह पृçठ Ǔनदȶͧशका के èमृǓत èथान को इंͬगत करता है। तो अब हमने देखा है
ͩक xv6 कोड पेिजंग को पेज Ǔनदȶͧशकाओं के साथ-साथ पेज टेबल बनाता है। चͧलए देखते हɇ
ͩक xv6 ऑपरेǑटंग ͧसèटम ͪवͧभÛन उɮदेæयɉ के ͧलए èमृǓत आवंǑटत करता है। इसͧलए, ये
Ĥयोजन उपयोगकता[ ĤͩĐयाओं के ͧलए पृçठɉ को आवंǑटत करने या ऑपरेǑटंग ͧसèटम के ͧलए
èवयं का उपयोग करने से हो सकते हɇ।"
10,18,(èलाइडसमय का संदभ[ लɅ: 22:45),"हमने देखा था ͩक xv6 कोड और केवल डेटा पढ़ा जाता है रैम के 0 वɅ èथान पर लोड हो जाता
है और ऊपर कȧ ओर बढ़ता है। कोड के अंत मɅ और केवल PHYSTOP तक डेटा पढ़Ʌ जो रैम
का भौǓतक अंत है मुÈत èमृǓत है। यह मुÈत मेमोरȣ ओएस ɮवारा कई Ĥयोजनɉ के ͧलए
उपयोग कȧ जाती है जैसे पृçठɉ को उपयोगकता[ ĤͩĐयाओं मɅ आवंǑटत करने या आंतǐरक
ऑपरेǑटंग ͧसèटम बुक रखने कȧ आवæयकताओं के ͧलए। तो, अब हम देखɅगे ͩक इस मुÈत
मेमोरȣ को ऑपरेǑटंग ͧसèटम ɮवारा कैसे Ĥबंͬधत ͩकया जाता है। तो अǓनवाय[ Ǿप से यह
मुÈत मेमोरȣ एक बड़ा जंक हो सकता है और इसे 4 ͩकलो बाइट ĒैÛयुलǐरटȣ के पृçठɉ मɅ
ͪवभािजत ͩकया जाता है। इस Ĥकार हमारे पास इस ͪवशेष मुÈत मेमोरȣ ¢ेğ मɅ कई पेज मौजूद
हɉगे। अब, जब भी मांग कȧ आवæयकता होती है तो एक पृçठ ͩकसी ͪवशेष कॉͧलंग फ़ंÈशन को
आवंǑटत ͩकया जाएगा और इसके ͧलए उपयोग कȧ आवæयकता है। तो, उपयोग के बाद ͪवशेष
पृçठ मुÈत हो गया है। अब, अगलȣ बात यह है ͩक हमɅ इसके बारे मɅ सोचना होगा ͩक
ऑपरेǑटंग ͧसèटम या इस Ĥकार xv6 ओएस Ǔनधा[ǐरत करता है ͩक कौन सा पृçठ आवंǑटत
ͩकया जाए और पृçठɉ को कैसे मुÈत ͩकया जाना चाǑहए? ऐसा करने के ͧलए xv6 कोड मुÈत
पृçठɉ कȧ एक ͧलंक सूची बनाए रखता है। इसͧलए, जैसा ͩक आप यहां देख सकते हɇ, इस ͪवशेष
आंकड़े मɅ ऐसे पृçठ हɇ जो नीले या पीले रंग के होते हɇ। इसͧलए, यह संपूण[ ¢ेğ रैम मɅ मुÈत
मेमोरȣ ¢ेğ से मेल खाता है, नीला ¢ेğ उन पृçठɉ हɇ िजनका उपयोग उपयोगकता[ ĤͩĐया या
ऑपरेǑटंग ͧसèटम ɮवारा ͩकया जाता है जबͩक पीले पृçठ एक बार मुÝत होते हɇ। अब, सभी
मुÈत पेज एक ͧलंक सूची का उपयोग करके एक साथ जुड़े हुए हɇ जो ĥȧलाइन के Ǿप मɅ जाने
वाले सूचक ɮवारा इंͬगत ͩकया जाता है। तो ĥȧͧलèट सूची, सूची के Ĥमुख के ͧलए इंͬगत करता
है और सभी मुÈत पृçठɉ को इस सूची के साथ एक साथ जोड़ा जाता है। अब एक पृçठ आवंǑटत
करने के ͧलए kalloc फंÈशन ( function​) का उपयोग ͩकया जाता है। Kalloc फ़ंÈशन अǓनवाय[
Ǿप से सूची से एक मुÈत पृçठ को हटा देगा और उस पृçठ को उपयोग करने के ͧलए
असाइन/आवंǑटत करेगा। एक पृçठ को मुÈत करने के ͧलए kfree फ़ंÈशन का उपयोग ͩकया
जाता है; अǓनवाय[ Ǿप से केĥȧ ( kfree​) फ़ंÈशन मुÈत पृçठ को सूची मɅ वापस जोड़ देगा।"
10,19,(èलाइडसमय का संदभ[ लɅ: 25:15),"तो ͧलंक सूची यहां Ǒदखाया गया है जहां आपके पास ĥȧͧलèट पॉइंटर है जो सूची के Ĥमुख को
इंͬगत करता है और ͩफर लगातार मुÈत पृçठɉ पर पॉइंटस[ होते हɇ। अब, मानक ͧलंक सूची से
अलग एक बात यह है ͩक पॉइंटर को अगले पृçठ पर èटोर करने के ͧलए कोई ͪवशेष èमृǓत
नहȣं है। Úयान दɅ ͩक इनमɅ से Ĥ×येक पृçठ 4 ͩकलो बाइɪस है और यह 4 ͩकलो बाइट ĥȧ पेज
ͩकसी अÛय डेटा के ͧलए उपयोग नहȣं ͩकया जाता है, इस Ĥकार इस पृçठ के 0 वɅ èथान मɅ
अगले पृçठ पर पॉइंटर होता है। इसी तरह, इस पृçठ के 0 वɅ èथान मɅ अगले पृçठ पर पॉइंटर
होगा और इसी तरह। इस Ĥकार हम इस सूची को बना रहे हɇ। तो ĥȧͧलèट सूची के पहले या
ͧसर नोड को इंͬगत करता है और ͩफर उस नोड के 0 वɅ èथान को लगातार पृçठ पर इंͬगत
करता है और तब तक जब तक हम सूची के अंत तक नहȣं पहुंच जाते। तो, इसके साथ हम
xv6 èमृǓत को Ĥबंͬधत करने के अंत मɅ आते हɇ। इसͧलए, यह संभवतः सबसे अÍछȤ Ĥबंधन
योजना नहȣं है, लेͩकन यह एक ĤǓतǓनͬध है जो वाèतव मɅ èमृǓत का Ĥबंधन करने के ͧलए कई
ऑपरेǑटंग ͧसèटम करते हɇ।
धÛयवाद।"
11,0,,"ऑपरेǑटंग ͧसèटम का पǐरचय
Ĥोफेसर चेèटर रेबेरो
कंÜयूटर ͪव£ान और इंजीǓनयǐरंग
ͪवभाग भारतीय Ĥौɮयोͬगकȧ संèथान, मġास
वीक - 02 åयाÉयान - 10
पीसी बूǑटंग (PC booting)
नमèकार। इस वीͫडयो मɅ, हम देखɅगे ͩक कैसे एक पीसी बूट(PC boot), आप से ठȤक है
ऑपरेǑटंग ͧसèटम ǓनçपाǑदत करने के समय तक इसे चालू करɅ। अब यह ͪवशेष वीͫडयो Intel
और AMD आधाǐरत Üलेटफामɟ के ͧलए ͪवशेष Ǿप से लागू है। इसͧलए, एक बड़ी बात िजसे हमɅ
याद रखना चाǑहए जब हम Intel platform के बारे मɅ बात कर रहे हɇ िजसे हम आम तौर पर
desktop या laptop मɅ उपयोग करते हɇ, ͪपछड़ा संगतता कȧ अवधारणा है। तो जैसा ͩक हमने
ͪपछले åयाÉयान मɅ देखा है। तो Intel ͪपछड़ा संगतता बनाए रखा। इसͧलए, यह आज भी
सुǓनिæचत करता है ͩक Intel processor 20 या 30 साल पहले ͩकसी भी code को ͪवकͧसत
ͩकया गया था जो अभी भी Intel processor पर ǓनçपाǑदत होता है। इसͧलए ͪपछड़े संगतता
कȧ वजह से ऑपरेǑटंग ͧसèटम लोड करते समय हम वाèतव मɅ बहुत सी चीजɅ करते हɇ जो 30
साल पहले ͩकए गए कायɟ पर ĤǓतǒबंǒबत हɉगे। अǓनवाय[ Ǿप से, जो चीजɅ हुɃ और लगभग 95
या 97 मɅ एक Ĥणालȣ थी। यहȣ वह समय है जब 386 आधाǐरत Ĥोसेसर जहां उपयोग ͩकए
जाते हɇ आज भी Intel से नवीनतम आई 7 Ĥोसेसर पर ͩकए जाते हɇ। तो, हम देखɅगे ͩक कैसे
पीसी बूट करता है।"
11,1,(èलाइडसमय का संदभ[ लɅ: 01:50),"अब, हम सभी जानते हɇ ͩक कंÜयूटर शुǾ करने के ͧलए, हमɅ reset बटन या desktop मɅ
मौजूद start बटन दबाए जाने कȧ आवæयकता है। तो, वाèतव मɅ आंतǐरक Ǿप से Èया होता है
यह है ͩक जब आप इस बटन को दबाते हɇ तो यह CPU को एक signal भेजने जा रहा है।
उदाहरण के ͧलए signal एक èपंद होगी, ये एक ͪवɮयुत èपंद जो तब शुǾ होती है जब आप
èटाट[ बटन या रȣसेट बटन दबाते हɇ। और यह èपंद CPU पर एक ͪवͧशçट pin पर reset pin
के Ǿप मɅ जानी जाती है और जब CPU reset के बारे मɅ यह ͪवशेष signal ĤाÜत करता है या
ĤाÜत करता है, तो यह booting शुǾ करने जा रहा है। तो देखते हɇ ͩक CPU चालू होने पर
ͪवͧभÛन चरणɉ मɅ Èया शाͧमल है?"
11,2,(èलाइडसमय का संदभ[ लɅ: 02:46),"तो, हमने reset पर पावर आने को देखा था। अब जब reset पर पावर आता है और CPU
इसका पता लगाता है, तो Èया होता है ͩक CPU के अंदर मौजूद Ĥ×येक CPU रिजèटर 2
रिजèटरɉ को छोड़कर 0 तक शुǾ होता है और ये रिजèĚार कोड सेगमɅट (Code Segment)
और IP होते हɇ। अब जब reset होता है तो कोड सेगमɅट 0xf000 के मान पर सेट होता है और
Ǔनदȶश/इंèĚÈशन पॉइंटर (
instruction
pointer​) 0xfff0 पर सेट होता है। इसͧलए, यǑद आप याद
करते हɇ ͩक 8088 या 8086 Ĥोसेसर इसके पते कȧ गणना कैसे करता है, तो इस मामले मɅ
कोड सेगमɅट रिजèटर ले जा रहा है, इसके बाद तीन शूÛय इसे 4 bits ɮवारा èथानांतǐरत करɅ
और Ǔनदȶश पॉइंटर जोड़Ʌ। नतीजतन, पहला Ǔनदȶश ǓनçपाǑदत करने के ͧलए physical address
या पता ffff0 मɅ मौजूद होगा। अब यǑद आप RAM मॉɬयूल देखते हɇ, और िजसे हमने ͪपछले
वीͫडयो मɅ शाͧमल ͩकया था, तो हम Èया देखɅगे ͩक ffff0 से संबंͬधत मेमोरȣ पता BIOS ¢ेğ से
संबंͬधत होगा। वाèतव मɅ, यह ͪवशेष èमृǓत èथान 1 mb ͬचéन से नीचे केवल 16 byte है।
इसͧलए, यह ͪवशेष बात 0x12345 है जो 1 एमबी है यह ͪवशेष ǒबंदु या यह ͪवशेष पता है
और CPU ɮवारा पता बस पर डाला गया पहला physical address ffff0 है जो इस ͪवशेष 1
mb ​mark​ से 16 bytes नीचे है। इसͧलए, नतीजतन यǑद आप अपने ͧसèटम को boot करना
चाहते हɇ, तो यह सुǓनिæचत करना चाǑहए ͩक इस ͪवशेष èमृǓत èथान पर हमारे पास एक वैध
Ǔनदȶश है जो मौजूद है। तो, यहां पर यह ǒबंदु मौजूद पहला Ǔनदȶश है। अब, एक और बात यह
होती है ͩक जैसे हȣ ǒबजलȣ reset हो जाती है, Ĥोसेसर को वाèतͪवक मोड के Ǿप मɅ जाना
जाता है। तो, वाèतͪवक मोड मɅ, Ĥोसेसर 8088 या 8086 के साथ ͪपछड़े संगतता मोड मɅ है।
इसͧलए, याद रखɅ ͩक 8088 या 8086 Ĥोसेसर अͬधकांश 1 एमबी पर संबोͬधत कर सकता है।
इसͧलए, यह इस बात तक इस Ǒहèसे मɅ सबसे Ïयादा पता लगा सकता है और यह इस RAM
मɅ हरे रंग के ¢ेğ के Ǿप मɅ Ǒदखाया गया है। असलȣ/ǐरयल मोड कȧ अÛय ͪवशेषताएं थीं; वे
कोई सुर¢ा नहȣं, कोई ͪवशेषाͬधकार èतर नहȣं थे, सभी èमृǓत तक सीधे पहुंच नहȣं थी और कोई
बहु काय[ नहȣं थे। तो, पहलȣ बात यह है ͩक इस ͪवशेष èथान ffff0 मɅ Ǒदए गए Ǔनदȶशɉ को एक
अÛय èथान पर
jump
​के ͧलए करना चाǑहए। इसͧलए, अǓनवाय[ Ǿप से यह होगा ͩक यह BIOS
मɅ ͩकसी èथान पर पहुंच जाएगा और यह कूद BIOS को ǓनçपाǑदत करने के ͧलए ǑĚगर
करेगा।"
11,3,(èलाइडसमय का संदभ[ लɅ: 06:23),"तो अगला, हमारे पास यह है ͩक यहां पर BIOS ROM ǓनçपाǑदत करना शुǾ हो जाएगा।
इसͧलए, जैसा ͩक हम जानते हɇ ͩक BIOS मूल इनपुट आउटपुट ͧसèटम है और यह अÈसर
पढ़ने के ͧलए èमृǓत है, ये अÈसर āलैश के Ǿप मɅ होता है या
E square PROM
​है और आप
वाèतव मɅ इस तरह कȧ एक ͪवशेष ͬचप देखɅगे जो कȧ मौजूद है आपके Ĥणालȣ/ͧसèटम मɅ।
इसͧलए कुछ CPU booting के दौरान उस ͪवशेष BIOS नाम को भी Ĥदͧश[त करते हɇ।
उदाहरण के ͧलए; यह ͪवशेष ͬचप AMIBIOS है और यह ͧसèटम बूट ɮवारा Ĥदͧश[त हो सकता
है। तो रैम ( RAM​) के इस ͪवशेष ¢ेğ मɅ मौजूद BIOS वाèतͪवक मोड मɅ कोड ǓनçपाǑदत करना
शुǾ कर देगा। तो, BIOS Ǔनàनͧलͨखत करता है; अǓनवाय[ Ǿप से पहले èवयं परȣ¢ण पर एक
शिÈत करता है जहां यह Ĥणालȣ को शुɮधता के ͧलए जांचता है। यह सुǓनिæचत करता है ͩक
ͧसèटम के सभी Ǒहèसɉ ठȤक से काम कर रहे हɇ। इसके बाद यह video card और ͧसèटम से
जुड़े सभी अÛय ͫडवाइसɉ को Ĥारंभ करता है, वैकिãपक Ǿप से यह मॉनीटर पर एक BIOS
èĐȧन Ĥदͧश[त कर सकता है। Úयान दɅ ͩक हमने वीͫडयो काड[ शुǾ ͩकया है, और मॉनीटर
सͩĐय होने के ͧलए और यह चीजɉ को Ĥदͧश[त करने मɅ स¢म है। तो, BIOS èĐȧन अब
èĐȧन पर Ĥदͧश[त करने मɅ स¢म हो जाएगी। ͩफर यह मेमोरȣ टेèट के Ǿप मɅ जाना जाता है
और कभी-कभी BIOS मɅ से कुछ यह भी Ǔनधा[ǐरत करते हɇ ͩक èमृǓत का उपयोग ͩकया जाता
है और ͧसèटम मɅ मौजूद èमृǓत कȧ माğा भी होती है। मेमोरȣ टेèट के बाद, कुछ पैरामीटर
(parameter) Ǔनधा[ǐरत होते हɇ। उदाहरण के ͧलए, ये DRAM पैरामीटर से मेल खाते हɇ और
BIOS यह सुǓनिæचत करेगा ͩक DRAM कȧ ͪवͧभÛन आवæयकताओं जैसे ͩक DRAM
capacitors को ताज़ा/ǐरĥेश ͩकया जाता है, पया[Üत Ǿप से सेट ͩकया जाता है। ͩफर Üलग और
Üले ͫडवाइस कॉिÛफ़गर ͩकए गए हɇ, इस अथ[ मɅ ͩक Üलग और Üले के सभी ͫडवाइस पूछे जा रहे
हɇ और BIOS तब Ǔनधा[ǐरत करेगा ͩक इनमɅ से Ĥ×येक ͫडवाइस के ͧलए ͩकतनी मेमोरȣ
आवæयक है, और इन उपकरणɉ को ͩफर Ĥणालȣ मɅ èमृǓत आवंǑटत ͩकया जाता है । इसके बाद
बीआईओएस ( BIOS​) डीएमए ( DMA​) संसाधनɉ को चैनलɉ आवंǑटत करेगा और ͪवͧभÛन IRQs
को जो बाधा अनुरोध/इंटरÜट ǐरÈवेèट (
interrupt
request​) हɇ। हमारे पǐरĤेêय से यह मह×वपूण[
है ͩक अगला कदम जहां BIOS बूट ͫडवाइस कȧ पहचान करता है, वह वह उपकरण है जो
अͬधकतर ऑपरेǑटंग ͧसèटम को पकड़ लेगा। यह उस बूट ͫडवाइस से ¢ेğ शूÛय को èमृǓत
èथान 7c00 मɅ पढ़ेगा। तो Úयान दɅ ͩक, 7c00​ RAM के कम मेमोरȣ ¢ेğ मɅ एक èमृǓत èथान
है। तो, यह Èया होगा, यह उस ¢ेğ 0 कȧ ĤǓतͧलͪप बनाएगा जो आम तौर पर बूट ͫडवाइस से
512 बाइɪस है जो आम तौर पर èमृǓत èथान 7c00 मɅ हाड[ ͫडèक है। तो, 7c00 èथान पर
हमारे पास 512 बाइट कोड हɉगे जो ऑपरेǑटंग ͧसèटम को बूट करने मɅ मदद करेगा। इसके बाद
BIOS 0x7c00 पर कूदने का कारण बनता है, इसका अथ[ यह है ͩक कोड 7c00 मɅ मौजूद कोड
RAM कȧ
low memory
​मɅ मौजूद है, ǓनçपाǑदत करना शुǾ हो जाएगा।"
11,4,(èलाइडसमय का संदभ[ लɅ: 10:21),"अब यह èमृǓत, 7c00 मɅ मौजूद èमृǓत और हाड[ ͫडèक के सेÈटर 0 से RAM मɅ कॉपी कȧ गई
है, िजसे MBR या माèटर बूट ǐरकॉड[ (
Master Boot
Record​) के Ǿप मɅ जाना जाता है।
इसͧलए, यह ͪवशेष कोड 512 बाइɪस है िजसमɅ से 446 बाइट Ǔनदȶश हɇ जो बूट करने योÊय
कोड हɇ - ͧसèटम को बूट करने के तरȣके के बारे मɅ। 64 bytes हɇ िजनके पास ͫडèक पर
मौजूद ͪवͧभÛन ͪवभाजनɉ के बारे मɅ जानकारȣ है। अǓनवाय[ Ǿप से 64 बाइट ĤǓत ͪवभाजन 16
bytes मɅ ͪवभािजत होते हɇ और ͩफर हèता¢र के 2 byte होते हɇ िजनका उपयोग यह पहचानने
के ͧलए ͩकया जाता है ͩक यह वाèतव मɅ MBR कोड है या नहȣं। इसͧलए, यह कोड RAM मɅ
मौजूद 7c00 èथान से ǓनçपाǑदत करना शुǾ कर देता है और यह आमतौर पर Èया करता है
यह है ͩक यह ͪवभाजन ताͧलका मɅ मौजूद है, और यह ऑपरेǑटंग ͧसèटम को boot करने का
Ĥयास करने जा रहा है। इसͧलए, अǓनवाय[ Ǿप से ऐसा करने के ͧलए, यह पहले लोड करता है
िजसे ऑपरेǑटंग ͧसèटम के boot loader के Ǿप मɅ जाना जाता है। इसͧलए, Ĥ×येक ऑपरेǑटंग
ͧसèटम का अपना बूट लोडर होगा। उदाहरण के ͧलए LINUX का अपना बूट लोडर होगा या
Windows का अपना boot loader होगा और इसी तरह। और, वैकिãपक Ǿप से यह सीधे
ऑपरेǑटंग ͧसèटम को लोड कर सकता है। तो, हम देखɅगे ͩक boot loader, लोड मɅ Èया होता
है।"
11,5,(èलाइडसमय का संदभ[ लɅ: 12:04),"तो, MBR ǓनçपाǑदत करने के बाद, बूट लोडर (boot loader) ǓनçपाǑदत होगा। तो, बूट लोडर
का मुÉय काम यह है ͩक यह ऑपरेǑटंग ͧसèटम लोड करता है। इसͧलए, यह वैकिãपक Ǿप से
कुछ ऑपरेǑटंग ͧसèटम कȧ तरह है जो हम आज देखते हɇ, यह उपयोगकता[ को यह चुनने का
ͪवकãप दे सकता है ͩक कौन सी ऑपरेǑटंग ͧसèटम लोड हो। बूट लोडर (boot loader) ɮवारा
कȧ जाने वालȣ अÛय चीजɅ interrupt को अ¢म करना है, जीडीटȣ ( GDT​) को वाèतͪवक मोड से
सुरͯ¢त मोड मɅ बदलɅ और ͫडèक से ऑपरेǑटंग ͧसèटम को RAM मɅ पढ़Ʌ। तो, ये चीजɅ हɇ जो
xv6 ऑपरेǑटंग ͧसèटम ɮवारा कȧ जाती हɇ। इसͧलए, जब हम एक बूट लोडर से एक ऑपरेǑटंग
ͧसèटम के ͧलए दूसरे ऑपरेǑटंग ͧसèटम मɅ जाते हɇ तो थोड़ी ͧभÛनताएं हो सकती हɇ। कभी-कभी
Èया हो सकता है ͩक हमारे पास यह MBR कोड ǒबãकुल मौजूद नहȣं है। ऐसे मामले मɅ BIOS
या ऐसे मामले मɅ बूट लोडर èवयं हाड[ ͫडèक के ¢ेğ शूÛय मɅ मौजूद है और BIOS बूट लोडर
को èथान 7c00 मɅ लोड करेगा और बूट लोडर पर कूद जाएगा। अǓनवाय[ Ǿप से Èया हो रहा है
ͩक हम इस ͪवशेष MBR Ǔनçपादन को छोड़ रहे हɇ। इसͧलए, एक बार बूट लोडर ǓनçपाǑदत हो
जाता है और Ĥोसेसर और GDT सेट करता है और वाèतͪवक मोड से सुरͯ¢त मोड मɅ बदलता
है, तो यह ͫडèक से ऑपरेǑटंग ͧसèटम लोड करेगा। अब संरͯ¢त मोड 32 ǒबट मोड है, अǓनवाय[
Ǿप से जहां हम èमृǓत ¢ेğ को सीͧमत करते हɇ िजसे 1 गीगा से 4 gigabytes के पूरे ¢ेğ तक
पहुंचा जा सकता है। इसͧलए, हम इस बारे मɅ अͬधक जानकारȣ नहȣं दɅगे ͩक इस ͪवशेष संरͯ¢त
मोड को कैसे सͩĐय ͩकया जाता है।"
11,6,(èलाइडसमय का संदभ[ लɅ: 14:13),"तो, बूट लोडर ऑपरेǑटंग ͧसèटम लोड करने के बाद, यह ऑपरेǑटंग ͧसèटम मɅ Ǔनयंğण
èथानांतǐरत करता है। और ऑपरेǑटंग ͧसèटम कई चीजɅ करता है, जैसे यह virtual memory
सेट करता है। इसͧलए, इसमɅ
page directories
​और
page tables​ सेट अप करना शाͧमल है। यह
interrupt vectors
​और
IDT interrupt descriptor
​टेबल और interrupt से संबंͬधत अÛय
पहलुओं को Ĥारंभ करता है। ͩफर यह ͧसèटम मɅ मौजूद ͪवͧभÛन उपकरणɉ जैसे
timers,
monitors, hard disks, consoles, file systems
​आǑद शुǾ करता है। ͩफर यह मौजूद होने पर
अÛय ĤͩĐयाओं को भी Ĥारंभ कर सकता है, और आͨखरकार यह पहलȣ उपयोगकता[ ĤͩĐया शुǾ
कर देगा। तो, भͪवçय के वीͫडयो मɅ, हम देखɅगे ͩक पहलȣ उपयोगकता[ ĤͩĐया Èया है? तो यह
ͪवशेष उपयोगकता[ ĤͩĐया पहलȣ ĤͩĐया है जो उपयोगकता[ कȧ जगह मɅ ǓनçपाǑदत होती है। तो,
आप याद कर सकते हɇ ͩक यह सब ऑपरेǑटंग ͧसèटम मɅ ǓनçपाǑदत होते हɇ और अǓनवाय[ Ǿप
से यह kernel space मɅ ǓनçपाǑदत होता है और यह केवल boot up अनुĐम के दौरान इस
ͪवशेष
point
​पर होता है, Èया उपयोगकता[ ĤͩĐया ǓनçपाǑदत होने लगती है। तो, इसके बाद,
Èया उàमीद कȧ जाती है ͩक यह पहलȣ उपयोगकता[ ĤͩĐया ͪवͧभÛन
jobs
​या
user process
jobs​, ͪवͧभÛन DRAM और इतने पर चलेगी; और इसकȧ ​काय[ shell बनाने के ͧलए है। तो,
इस shell का उपयोग उपयोगकता[ ɮवारा ͪवͧभÛन काय[Đमɉ और आदेशɉ को चलाने के ͧलए
ͩकया जाएगा।"
11,7,(èलाइडसमय का संदभ[ लɅ: 16:05),"तो, अब हम उन Ĥणाͧलयɉ को देखɅगे िजनमɅ
multiprocessor
​मौजूद है। इसͧलए, जैसा ͩक हमने
ͪपछले वीͫडयो मɅ देखा है, इसͧलए इंटेल Ĥकार के
architecture
​मɅ िजसमɅ एक
multiprocessor
मौजूद है। इसͧलए, सभी Ĥोसेसर front side bus साझा करते हɇ और front side bus पर एक
chip set या
north
bridge​ होता है जो मेमोरȣ बस (memory bus) के साथ interface करता
है। इसͧलए, अǓनवाय[ Ǿप से इस इंटेल Ĥकार के
architecture
​मɅ हमारे पास èमृǓत समǾपता
है। तो, इसका मतलब यह है ͩक, ͧसèटम मɅ सभी Ĥोसेसर एक हȣ मेमोरȣ èपेस साझा करते हɇ।
अǓनवाय[ Ǿप से ͩकसी ͪवशेष DRAM èथान तक पहुंचने के ͧलए, सभी Ĥोसेसर को DRAM को
एक हȣ पता भेजना होगा, और èमृǓत के इस तरह के समͧमत Ǻæय होने का लाभ यह है ͩक
हमारे पास एक सामाÛय ऑपरेǑटंग ͧसèटम कोड हो सकता है जो इन Ĥोसेसर मɅ से ͩकसी भी मɅ
ǓनçपाǑदत हो सकता है। इसी Ĥकार, I/O समǾपता के Ǿप मɅ जाना जाता है। अǓनवाय[ Ǿप से
इसका अथ[ यह है ͩक सभी Ĥोसेसर समान I/O उपĤणालȣ साझा करते हɇ; अǓनवाय[ Ǿप से सभी
Ĥोसेसर ͩकसी भी I/O ͫडवाइस से interrupt ĤाÜत कर सकते हɇ।"
11,8,(èलाइडसमय का संदभ[ लɅ: 17:30),"अब, मãटȣĤोसेसर ͧसèटम को बूट करने के ͧलए, आम तौर पर Èया ͩकया जाता है ͩक एक
Ĥोसेसर को 'बूट Ĥोसेसर' (
‘Boot
Processor’​) या BSP के Ǿप मɅ नाͧमत ͩकया जाता है।
इसͧलए, यह पद या तो हाड[वेयर मɅ या BIOS ɮवारा एक ͪवशेष single set करके ͩकया जाता
है, और अÛय सभी Ĥोसेसर को एÜलȣकेशन Ĥोसेसस[ (‘
Application
Processors​') के Ǿप मɅ
नाͧमत ͩकया जाता है। इसͧलए, जब ͧसèटम चालू होता है, तो यह केवल बूट Ĥोसेसर होता है
जो ǓनçपाǑदत करना शुǾ करता है। इसͧलए, BIOS बूट Ĥोसेसर मɅ ǓनçपाǑदत होगा और वह
BSP है, और BSP तब ͧसèटम कॉिÛफ़गरेशन के बारे मɅ सीखता है। यह Ǔनधा[ǐरत करता है ͩक
ͩकतने अÛय एपीज ( APs​) हɇ, यह है ͩक ͧसèटम मɅ ͩकतने अÛय एिÜलकेशन Ĥोसेसर
(‘​Application Processor​') मौजूद हɇ और ͩफर यह एिÜलकेशन Ĥोसेसर के बूǑटंग को ǑĚगर
करता है। इसͧलए, इसके बाद सभी आवæयक Ĥारंͧभकरण यह अनुĤयोग Ĥोसेसर के बूट को
trigger करेगा। इसͧलए, बूट का यह triggering,
startup IPI
​या startup inter processor
interrupt के Ǿप मɅ जाना जाता है। यह BSP से एक संकेत है जो एिÜलकेशन Ĥोसेसर के
boot processor है। इसͧलए, जब application processor इस signal को देखते हɇ तो वे
boot करना शुǾ कर दɅगे और Ǔनिæचत Ǿप से, वे पहचानते हɇ ͩक वे मुÉय BSP नहȣं बिãक
एिÜलकेशन Ĥोसेसर हɇ। इसͧलए, वे ͧसèटम मɅ मौजूद ͪवͧभÛन उपकरणɉ को शुǾ करने जैसे
ͪवͧभÛन पहलुओं को छोड़ देते हɇ। इस वीͫडयो मɅ हमने देखा था ͩक CPU boot reset पर
पावर को उस समय से Ĥोसेसर को Ĥदान ͩकया जाता है जब ऑपरेǑटंग ͧसèटम पहलȣ
उपयोगकता[ ĤͩĐया को ǓनçपाǑदत और Ĥायोिजत करना शुǾ करता है। इस कोस[ के बाद के
Ǒहèसे मɅ हम ऑपरेǑटंग ͧसèटम मेमोरȣ Ĥबंͬधत करते हɇ और ͧसèटम मɅ चल रहे ͪवͧभÛन
ĤͩĐयाओं का Ĥबंधन कैसे करते हɇ, इसके बारे मɅ ͪवͧभÛन पहलुओं को देखɅगे।
धÛयवाद।"
12,0,,"ऑपरेǑटंग ͧसèटम का पǐरचय
Ĥोफेसर चेèटर रेबेरो
कंÜयूटर ͪव£ान और इंजीǓनयǐरंग ͪवभाग
भारतीय Ĥौɮयोͬगकȧ संèथान, मġास
वीक - 03 åयाÉयान - 11
ऑपरेǑटंग ͧसèटम(ĤͩĐयाएं)
नमèकार और इस वीͫडयो मɅ आपका èवागत है। तो इस वीͫडयो मɅ हम ĤͩĐयाओं/Ĥोसेसेज
(​Processes​) को देखɅगे, जो संभवतः ऑपरेǑटंग ͧसèटम का सबसे मह×वपूण[ Ǒहèसा है। इसͧलए,
ĤͩĐयाओं को, जैसे ͩक हम जानते हɇ ͩक Ǔनçपादन मɅ लगा एक काय[Đम/ĤोĒाम (program) है।
तो हम आज देखɅगे ͩक ऑपरेǑटंग ͧसèटम ĤͩĐयाओं का Ĥबंधन कैसे करते हɇ।"
12,1,(èलाइडसमय का संदभ[ लɅ: 00:38),"तो आइए èĐȧन पर ""हैलो वãड["" ͪĤंट करने के इस Ĥͧसɮध उदाहरण के साथ शुǾ करɅ। इसͧलए,
जब gcc हैलो डॉट सी के साथ संकͧलत ͩकया गया है तो यह Ǔनçपादन योÊय ए डॉट आउट
बनाता है। तो जब एक डॉट आउट ǓनçपाǑदत ͩकया जाता है तो एक ĤͩĐया बनाई जाती है। इस
ĤͩĐया का Ǒहèसा RAM मɅ होगा और इसे वचु[अल एĜेस मैप ɮवारा पहचाना जाएगा। तो
वचु[अल एĜेस मैप 0 से शुǾ होने वालȣ संगत एĜेस करने योÊय मेमोरȣ èथानɉ का एक अनुĐम
है जो MAX_SIZE कȧ सीमा तक है। तो, इस वचु[अल एĜेस मैप के भीतर हमारे पास Ǔनदȶश,
वैिæवक और èथैǓतक डेटा, ढेर, साथ हȣ साथ èटैक सǑहत ĤͩĐया के ͪवͧभÛन पहलू हɇ।"
12,2,(èलाइडसमय का संदभ[ लɅ: 01:28),"इसͧलए जैसा ͩक हमने पहले के वीͫडयो मɅ देखा है, वचु[अल एĜेस èपेस या वचु[अल एĜेस मैप
एक ĤͩĐया के समान आकार वाले Þलॉक मɅ बांटा गया है। तो आम तौर पर Ĥ×येक Þलॉक का
आकार 4 ͩकलो बाइट होता है। ͩफर Ĥ×येक ĤͩĐया मɅ èमृǓत मɅ एक ĤͩĐया पृçठ ताͧलका भी
होगी जो ĤͩĐया के Ĥ×येक Þलॉक को संबंͬधत पृçठ ĥेम मɅ मैप करती है। जैसा ͩक हमने देखा
है, रैम Þलॉक आकार के समान आकार 4 kb के page frame मɅ बांटा गया है। और इन
page frame मɅ ĤͩĐया का वाèतͪवक कोड और डेटा होता है िजसे ǓनçपाǑदत ͩकया जा रहा है।
अब हमने इÛहɅ ͪपछले वीͫडयो मɅ देखा है। लेͩकन सवाल जो हमɅ पूछना है; ऑपरेǑटंग ͧसèटम
कहां है या kernel इस पूरȣ योजना मɅ कहां रहता है। इसͧलए जैसा ͩक हम जानते हɇ ͩक
kernel एक अÛय सॉÝटवेयर है और इसे ǓनçपाǑदत करने के ͧलए RAM मɅ उपिèथत होना है।
इस Ĥकार, अͬधकांश ऑपरेǑटंग ͧसèटम जैसे LINUX के साथ-साथ ऑपरेǑटंग ͧसèटम मɅ जो
हम पढ़ रहे हɇ वह xv6 है, kernel page frame 1, 2, 3 से शुǾ होने वालȣ मेमोरȣ के Ǔनचले
भाग मɅ रहता है। बस हर दूसरे पेज ĥेम कȧ तरह कनȶल दो बराबर आकार के पेज ĥेम मɅ बांटा
गया है। अब जब से हम ͧसèटम मɅ वचु[अल एĜेͧसंग का उपयोग कर रहे हɇ, तो kernel से
संबंͬधत page frame ĤͩĐया के वचु[अल एĜेस èपेस मɅ मैप ͩकए जाते हɇ। इसͧलए, kernel
code और data MAX_SIZE से ऊपर और अͬधकतम सीमा के Ǿप मɅ जाने वालȣ सीमा से
नीचे मौजूद हɇ। अब, ĤͩĐया कȧ पृçठ ताͧलका मɅ ͩफर से इस मानͬचğ से संबंͬधत Ĥͪविçटयां
हɇ। उदाहरण के ͧलए 7, 8, 9, और 10 kernel code और data वाले Þलॉक से संबंͬधत हɇ
और पृçठ ताͧलका हमɅ बताती है ͩक उÛहɅ page frames 1, 2, 3, और 4 मɅ मैप ͩकया गया
है"
12,3,(èलाइडसमय का संदभ[ लɅ: 03:42),"अब, हम इस ͪवशेष वचु[अल एĜेस èपेस को दो घटकɉ मɅ ͪवभािजत कर सकते हɇ। एक
उपयोगकता[ èथान है जो नीले ¢ेğ से मेल खाता है िजसमɅ user processes, code, data
और stack और ढेर जैसे अÛय सेगमɅट शाͧमल हɇ। ͩफर, kernel space है जो kernel code
data और kernel के अÛय पहलुओं से मेल खाता है। इसͧलए, MAX_SIZE उपयोगकता[ èथान
और kernel space के बीच कȧ सीमा को पǐरभाͪषत करता है। एक उपयोगकता[ ĤोĒाम केवल
इस उपयोगकता[ èथान मɅ मौजूद ͩकसी भी कोड (code) या डाटा (data) तक पहुंच सकता है।
उपयोगकता[ ĤोĒाम kernel èपेस मɅ कुछ भी नहȣं एÈसेस कर सकता है। दूसरȣ तरफ, कनȶल
कनȶल èपेस के साथ-साथ उपयोगकता[ èथान दोनɉ मɅ डेटा के साथ-साथ डेटा तक पहुंच सकता
है। इसͧलए, यह उपयोगकता[ अंतǐर¢ ĤोĒाम को डेटा को दुभा[वनापूण[ Ǿप से संशोͬधत करने या
kernel संरचनाओं को संशोͬधत करने से रोकता है।"
12,4,(èलाइडसमय का संदभ[ लɅ: 04:51),"तो, Úयान देने योÊय एक और बात यह है ͩक ĤͩĐया के वचु[अल èपेस मɅ kernel address के
बीच संबंͬधत भौǓतक ĥेम मɅ कनȶल पतɉ के बीच एक संगत मैͪपंग है िजसमɅ कनȶल मैप ͩकया
जाता है। उदाहरण के ͧलए, kernel blocks 7, 8, 9, और 10 को contiguous page frames
1, 2, 3, और 4 मɅ मैप ͩकया जाता है। तो, यह संगत मैͪपंग वाèतव मɅ Èयɉ उपयोग कȧ जाती
है? तो, एक सबसे मह×वपूण[ पहलू यह है ͩक इस संगत मैͪपंग को देखते हुए kernel के ͧलए
virtual address से physical address मɅ Ǿपांतरण करना आसान होता है और इसके ͪवपरȣत
भी। उदाहरण के ͧलए, कनȶल èपेस मɅ वचु[अल एĜेस से kernel के page frames मɅ संबंͬधत
physical address मɅ पǐरवǓत[त करने के ͧलए MAX_SIZE ɮवारा एक सरल घटाव चाल
करेगा। उदाहरण के ͧलए, xv6 मɅ जहां MAX_SIZE को 0x80000000 के Ǿप मɅ पǐरभाͪषत
ͩकया गया है, तो 0x80124345 का वचु[अल पता MAX_SIZE को घटाकर संबंͬधत physical
address मɅ पǐरवǓत[त ͩकया जा सकता है। इसͧलए, भौǓतक पता बस 0x00124345 के Ǿप मɅ
ͧलखा जाएगा। इसी तरह, kernel space मɅ संबंͬधत एक भौǓतक पता और kernel page
frame मɅ डेटा को MAX_SIZE जोड़कर kernel space मɅ संबंͬधत वचु[अल पते मɅ पǐरवǓत[त
ͩकया जा सकता है। उदाहरण के ͧलए, इस मामले मɅ भौǓतक पता 0x00124345 को यह
MAX_SIZE ĤाÜत करने के ͧलए kernel sapce मɅ संबंͬधत आभासी/वचु[अल (virtual) पते मɅ
पǐरवǓत[त ͩकया जा सकता है - 0x80124345।"
12,5,(èलाइडसमय का संदभ[ लɅ: 06:52),"तो, Èया होता है जब हमारे पास ͧसèटम मɅ कई ĤͩĐयाएं होती हɇ? Kernel sapce को Ĥ×येक
ĤͩĐया के सभी आभासी पता ǐरÈत èथानɉ मɅ समान Ǿप से मैप ͩकया जाता है। उदाहरण के
ͧलए, MAX_SIZE से ऊपर और नीचे अͬधकतम सीमाएं kernel sapce सभी ĤͩĐयाओं मɅ
मौजूद है। इसी तरह, Ĥ×येक ĤͩĐया मɅ पृçठ ताͧलका मɅ कनȶल पेज टेबलस (kernel page
tables) और kernel पर मौजूद संबंͬधत page ĥेम के बीच एक समान मैͪपंग भी होती है,
जैसा ͩक इन कुछ Ĥͪविçटयɉ के साथ-साथ इन कुछ Ĥͪविçटयɉ मɅ देखा जा सकता है। अब Úयान
देने योÊय एक बात यह है ͩक, हालांͩक Ĥ×येक ĤͩĐया के वचु[अल एĜेस èपेस मɅ कनȶल के ͧलए
अलग-अलग Ĥͪविçटयां हɇ। हालांͩक सभी ĤͩĐयाएं अंततः RAM मɅ उसी page ĥेम मɅ अपने
कनȶल èपेस को मैप करती हɇ। तो, इसका मतलब यह है ͩक, हमारे पास RAM मɅ उपिèथत
kernel कȧ एक हȣ ĤǓत है। हालांͩक, kernel कोड (code) और डाटा (data) से संबंͬधत Ĥ×येक
ĤͩĐया पेज ताͧलका (page table) मɅ कई समान Ĥͪविçटयां हो सकती हɇ।"
12,6,(èलाइडसमय का संदभ[ लɅ: 08:12),"अब हमने देखा है ͩक कनȶल RAM मɅ मौजूद है और साथ हȣ जहां यह Ĥ×येक ĤͩĐया के
वचु[अल एĜेस èपेस मɅ मैप हो जाता है, अब हम देखɅगे ͩक kernel के अनुǾप metadata Èया
है Ĥ×येक ĤͩĐया जो ͧसèटम मɅ चलती है। इसͧलए, ͧसèटम मɅ Ĥ×येक ĤͩĐया मɅ 3 metadata
के Ǿप मɅ जाना जाता है; ĤͩĐया Ǔनयंğण Þलॉक (process control block), उस उपयोगकता[
ĤͩĐया के ͧलए कनȶल èटैक (kernel stack) और उस उपयोगकता[ ĤͩĐया के ͧलए संबंͬधत
पृçठ ताͧलका (page table)। इसͧलए, ͧसèटम मɅ चलने वालȣ Ĥ×येक ĤͩĐया मɅ इन तीन
Þलॉक हɉगे जो उस ĤͩĐया के ͧलए अɮͪवतीय हɇ। इसͧलए हमने पहले से हȣ एक पृçठ सारणी
को उस उपयोगकता[ ĤͩĐया के आभासी एĜेसेबल èपेस को संबंͬधत पेज ĥेम पर मैप ͩकया है,
िजस पर ĤͩĐया है। अब हम देखɅगे अÛय दो मेटाडाटा।"
12,7,(èलाइडसमय का संदभ[ लɅ: 09:06),"इसͧलए, हमने सीखा है ͩक Ĥ×येक ĤͩĐया के अनुǾप ͪवͧभÛन segment हɇ, और एक
मह×वपूण[ सेगमɅट ĤͩĐया का ढेर/èटैक (stack) है। इसͧलए उपयोगकता[ कȧ िèथǓत मɅ मौजूद
इस ĤͩĐया के ढेर मɅ èथानीय चर/लोकल वेǐरएबल (local variable) जैसे सूचनाएं और फ़ंÈशन
कॉल (function call) के बारे मɅ जानकारȣ भी होगी। तो यह अब हम उपयोगकता[/यूजर èपेस
èटैक (user space stack) के Ǿप मɅ कॉल करɅगे। user space stack के अलावा Ĥ×येक
ĤͩĐया मɅ kernel space stack या उस ĤͩĐया के ͧलए kernel stack के Ǿप मɅ कुछ भी
जाना जाएगा। इसͧलए kernel stack का उपयोग तब ͩकया जाता है जब kernel ͩकसी ĤͩĐया
के संदभ[ मɅ ǓनçपाǑदत होता है। उदाहरण के ͧलए, जब ĤͩĐया, ͧसèटम कॉल ǓनçपाǑदत करती
है तो इसके पǐरणामèवǾप कुछ kernel कोड Ǔनçपादन होते हɇ और इन कनȶल कोड के ͧलए
कनȶल èटैक का उपयोग èथानीय चर के साथ-साथ फ़ंÈशन कॉल भी होता है। इसके अलावा यह
kernel stack कई अÛय मह×वपूण[ पहलुओं के ͧलए उपयोग ͩकया जाता है जैसे ͩकसी ĤͩĐया
के संदभ[ को èटोर करने के साथ-साथ èटोर करना। stack के मानक उपयोग के अलावा
èथानीय और ऑटो चर के साथ-साथ फ़ंÈशन कॉल के ͧलए, कनȶल èटैक एक ĤͩĐया के संदभ[
को संĒहȣत करने मɅ एक मह×वपूण[ भूͧमका Ǔनभाता है जो ĤͩĐया को समय के बाद पुनरारंभ
करने कȧ अनुमǓत देगा। तो, हमारे पास दो अलग-अलग ढेर/èटैक (stack) Èयɉ हɇ? हमारे पास
ĤͩĐया के साथ-साथ कनȶल èटैक के ͧलए उपयोगकता[ èटैक Èयɉ है? लाभ जो हम ĤाÜत करते
हɇ वह यह है ͩक kernel ǓनçपाǑदत हो सकता है भले हȣ उपयोगकता[ èटैक अनुपयोगी हो। ऐसे
मɅ हमले जो èटैक को लêय करते हɇ, जैसे buffer overflow हमले, इस तरह के मामले मɅ
कनȶल को Ĥभाͪवत नहȣं करेगा। तो, हम PCB मɅ कुछ मह×वपूण[ घटकɉ को देखɅ। तो यह ͪवशेष
संरचना xv6 ऑपरेǑटंग ͧसèटम PCB से लȣ जाती है िजसे struct proc के Ǿप मɅ पǐरभाͪषत
ͩकया जाता है। इस ͪवशेष संरचना के कुछ मह×वपूण[ त×व या पहलू 'sz' हɇ जो ĤͩĐया èमृǓत
का आकार है, 'pgdir' जो ĤͩĐया के ͧलए पृçठ Ǔनदȶͧशका के ͧलए सूचक है। 'kstack' जो कनȶल
èटैक के ͧलए एक सूचक है िजसे हमने पहले कुछ èलाइड पǐरभाͪषत कȧ है। और अÛय पहलुओं
जैसे ͩक ĤͩĐया ɮवारा खोले गए फाइलɉ कȧ एक सूची, ĤͩĐया कȧ वत[मान काय[शील Ǔनदȶͧशका
(current working directory), और Ǔनçपादन योÊय नाम; उदाहरण के ͧलए, हमारे उदाहरण मɅ
ए डॉट आउट। इसͧलए, हम आने वालȣ èलाइडɉ मɅ इन कुछ अÛय पैरामीटर देखɅगे।"
12,8,(èलाइडसमय का संदभ[ लɅ: 12:04),"इसͧलए Ĥ×येक ĤͩĐया के अनुǾप PCB मɅ एक मह×वपूण[ Ĥͪविçट PID या ĤͩĐया पहचानकता[
Ĥोसेस आइडɅǑटफायर (Process Identifier) है। तो यह अǓनवाय[ Ǿप से एक पूणाɍक के Ǿप मɅ
पǐरभाͪषत ĤͩĐया के ͧलए एक पहचानकता[ है और Ĥ×येक ĤͩĐया मɅ एक अɮͪवतीय PID होगा।
तो आम तौर पर, संÉया Đमशः इस तरह से बढ़ाई जाएगी ͩक जब एक ĤͩĐया बनाई जाती है
तो यह एक अɮͪवतीय संÉया ĤाÜत होती है।"
12,9,(èलाइडसमय का संदभ[ लɅ: 12:35),"PCB मɅ एक अÛय मह×वपूण[ पहलू ĤͩĐया कȧ िèथǓत है। इसͧलए समय से ĤͩĐया उस जब
बनाया जाता है और जब यह अिèत×व मɅ आता है, यह कई अवèथाओं/èटेɪस (state) के
माÚयम से चलता है। जैसे ͩक NEW, READY, BLOCK state, या RUNNING state । xv
6 इन èटेɪस को ͪवͧभÛन नामɉ से बुलाता है, जैसे ͩक NEW को ħूण/एàŮयो (Embryo) कहा
जाता है िजसका अथ[ है ͩक एक नई ĤͩĐया वत[मान मɅ बनाई जा रहȣ है, जबͩक READY को
Runnable के Ǿप मɅ जाना जाता है िजसका अथ[ है ͩक यह दौड़ने के ͧलए तैयार है, जबͩक
Sleeping को जाना जाता है BLOCK state और अǓनवाय[ Ǿप से एक I/O के ͧलए
अवǽɮध/ÞलॉÈड (blocked)। तो, एक ĤͩĐया वाèतव मɅ एक अवèथा से दूसरे अवèथा मɅ कैसे
और कब जाती है? तो जब एक नई ĤͩĐया बनाई जाती है तो शुǽआत मɅ यह अवèथा मɅ नया
होता है। जब यह अवèथा चलाने के ͧलए तैयार होता है िजसे READY state के Ǿप मɅ जाना
जाता है, और जब यह अंततः Ĥोसेसर पर चलता है तो इसे RUNNING state मɅ èथानांतǐरत
कर Ǒदया जाता है। थोड़ी देर के ͧलए चलने के बाद ĤͩĐया को अÛय ĤͩĐयाओं को चलाने कȧ
अनुमǓत देने के ͧलए Ĥोसेसर से छूट दȣ जाती है, और इस तरह के मामले मɅ यह RUNNING
state से READY state तक वापस जाता है। अब, मान लɅ ͩक ĤͩĐया के Ǔनçपादन के दौरान
कुछ I/O ऑपरेशन आवæयक हɇ। उदाहरण के ͧलए, ĤͩĐया एक èकैनर को बुला सकती है
िजसके ͧलए उपयोगकता[ को keyboard के माÚयम से कुछ दज[ करना पड़ता है। ऐसे मामले मɅ
ĤͩĐया को रǓनंग िèथǓत (RUNNING state) से Þलॉक अवèथा (Block state) मɅ ले जाया
जाएगा। इसͧलए, ĤͩĐया तब तक Þलॉक िèथǓत मɅ रहेगी जब तक घटना न हो। उदाहरण के
ͧलए जब उपयोगकता[ कुंजीपटल के माÚयम से कुछ दज[ करता है, तो जब यह घटना होती है
तो ĤͩĐया Þलॉक िèथǓत से तैयार िèथǓत मɅ वापस जाती है। और एक अवèथा से दूसरे अवèथा
मɅ जाने के ͧलए तैयार होने कȧ ĤͩĐया, वापस जाने के ͧलए तैयार या अवǽɮध होने से और
ͩफर ĤͩĐया के पूरे जीवन चĐ के माÚयम से तैयार रहती है। अंत मɅ जब ĤͩĐया मौजूद होती
है या समाÜत हो जाती है तो यह EXIT state के Ǿप मɅ जाना जाता है, यह इस आरेख मɅ नहȣं
Ǒदखाया जाता है। तो, आप वाèतव मɅ xv6 कोड proc dot h देख सकते हɇ और जो आपको
ͪवͧभÛन अवèथाओं के बारे मɅ अͬधक जानकारȣ देगा। तो, यह तैयार अवèथा (READY state)
Èया है?"
12,10,(èलाइडसमय का संदभ[ लɅ: 15:19),"ऑपरेǑटंग ͧसèटम ĤͩĐयाओं कȧ एक कतार बनाए रखते हɇ जो सभी तैयार अवèथा (READY
state) मɅ हɇ। जब टाइमर इंटरÜट जैसे कोई ईवɅट होता है, तो CPU scheduler के Ǿप मɅ जाने
वाले ऑपरेǑटंग ͧसèटम के भीतर एक मॉɬयूल ǑĚगर हो जाता है। यह CPU scheduler तब
तैयार ĤͩĐयाओं कȧ कतार के माÚयम से èकैन करता है और Ĥोसेसर मɅ ǓनçपाǑदत होने पर उसे
चुनता है। यह चयǓनत ĤͩĐया तब READY से RUNNING मɅ बदलती है। चͧलत ĤͩĐया तब
तक चलती रहेगी जब तक ͩक अगले टाइमर बाधा न हो, और पूरा चĐ खुद को दोहराता है।"
12,11,(èलाइडसमय का संदभ[ लɅ: 16:03),"PCB मɅ एक और Ĥͪविçट pointers हɇ जो एक trapframe और context के Ǿप मɅ जानी
जाती हɇ। इसͧलए, इन trapframe के साथ-साथ context कनȶल èटैक का Ǒहèसा हɇ और जैसा
ͩक इस आकृǓत मɅ देखा गया है, उनके पास चल रहȣ ĤͩĐया कȧ वत[मान िèथǓत के बारे मɅ
बहुत सारȣ जानकारȣ है। उदाहरण के ͧलए, यह कहता है ͩक stack met segment, stack
pointer, flag register, code segment, instruction pointer और इसी तरह से ͧमलेगा।
इसͧलए, इस ͪवशेष trapframe और context का उपयोग तब ͩकया जाता है जब एक context
िèवच के बाद ĤͩĐया को पुनरारंभ ͩकया जाता है।"
12,12,(èलाइडसमय का संदभ[ लɅ: 16:43),"तो, ये ͪवͧभÛन PCB xv6 मɅ कैसे संĒहȣत हɇ? तो, xv6 मɅ एक संरचना िजसे ptable के Ǿप
मɅ जाना जाता है पǐरभाͪषत ͩकया गया है। इसͧलए इस संरचना मɅ संरचना Ĥोसेस कȧ एक
सरणी है, इसͧलए याद रखɅ ͩक èĚÈचर procs वाèतव मɅ xv6 मɅ PCB संरचना है। इसͧलए
सरणी मɅ NPROC Ĥͪविçटयां हɇ, जहां NPROC को 64 के Ǿप मɅ पǐरभाͪषत ͩकया गया है।
इसͧलए, Ĥ×येक ĤͩĐया जो xv6 मɅ बनाई गई थी, इस ͪवशेष सरणी मɅ एक Ĥͪविçट होगी। तो,
आप xv6 कोड proc dot c और संरचना ptable को देखकर इस ͪवशेष संरचना के बारे मɅ
अͬधक जानकारȣ ĤाÜत कर सकते हɇ। इसके अलावा params डॉट एच (dot h) xv6 मɅ एक
फ़ाइल है जो पǐरभाͪषत करता है ͩक NPROC Èया है। इसͧलए, यह हमɅ ऑपरेǑटंग ͧसèटम मɅ
ĤͩĐयाओं को Ĥबंͬधत करने के तरȣके के बारे मɅ एक संͯ¢Üत पǐरचय देता है। अगले वीͫडयो मɅ,
हम देखɅगे ͩक ĤͩĐया कैसे बनाई जाती है, ǓनçपाǑदत होती है, और ͧसèटम से Ǔनकलती है।
धÛयवाद।"
13,0,,"ऑपरेǑटंग ͧसèटम का पǐरचय
Ĥोफेसर चेèटर रेबेरो
कंÜयूटर ͪव£ान और इंजीǓनयǐरंग ͪवभाग
भारतीय Ĥौɮयोͬगकȧ संèथान, मġास
सÜताह
- 03
åयाÉयान
- 12
ĤͩĐया बनाएं, ǓनçपाǑदत करɅ और बाहर ǓनकलɅ
नमèकार, इस वीͫडयो मɅ आपका èवागत है। इस वीͫडयो मɅ, हम देखɅगे ͩक ĤͩĐया को कैसे बनाएं,
ǓनçपाǑदत करɅ और बाहर ǓनकलɅ।"
13,1,"(èलाइडसमय का संदभ[ लɅ:
00:27)","एक ĤͩĐया बनाने के ͧलए, ऑपरेǑटंग ͧसèटम ÈलोǓनंग नामक तकनीक का उपयोग करते हɇ। जब एक
ĤͩĐया, संयोग Ǿप यहां पर ĤͩĐया1
fork
नामक एक ͧसèटम कॉल को आमंǒğत करती है, तो इसके
पǐरणामèवǾप कनȶल ǑĚगर होता है। तब कनȶल, कनȶल èपेस मɅ फोक[
(fork)
ͧसèटम कॉल ǓनçपाǑदत
करता है और िजसे
child process
के Ǿप मɅ जाना जाता है; यहां इसे ĤͩĐया
2
के Ǿप मɅ जाना जाता है।
बाल ĤͩĐया/चाइãड Ĥोसेस
(child process)
मूल ĤͩĐया का सटȣक डुिÜलकेट है। तो, देखते हɇ ͩक कैसे
फोक[
(fork)
ͧसèटम कॉल उदाहरण के साथ काम करता है।"
13,2,"(èलाइडसमय का संदभ[ लɅ:
01:04)","आइए हम कहɅ ͩक हमने यह ͪवशेष काय[Đम ͧलखा है जो
fork
ͧसèटम कॉल का आéवान करता है।
Fork
ͧसèटम कॉल से वापसी
P
और
P
को एक पूणाɍक के Ǿप मɅ पǐरभाͪषत ͩकया जाता है, और यह शूÛय
1, 0
या
1
से अͬधक कȧ मान ले सकता है। इसͧलए, जब यह ͪवशेष ĤोĒाम ǓनçपाǑदत हो जाता है, तो
Fork
ͧसèटम
कॉल ऑपरेǑटंग ͧसèटम को ǑĚगर करेगा ǓनçपाǑदत करने के ͧलए, और ओएस तब मूल ĤͩĐया कȧ एक
सटȣक ĤǓतकृǓत बना देगा। तो, यह मूल ĤͩĐया होगी और इस ĤͩĐया कȧ सटȣक ĤǓतकृǓत को बाल/चाइãड
(child)
ĤͩĐया के Ǿप मɅ जाना जाता है। अͧभभावक ĤͩĐया और बाल/चाइãड
(child)
ĤͩĐया के बीच
एकमाğ अंतर यह है ͩक अͧभभावक ĤͩĐया मɅ पी एक मूãय है जो ͩक बÍचे /चाइãड
(child)
का
PID
है।
तो, यह मान आमतौर पर
0
से अͬधक है; हालांͩक, बाल/चाइãड
(child)
कȧ ĤͩĐया मɅ पी
(P)
का मान
0
के
बराबर है। इसͧलए, जब
OS
अपना Ǔनçपादन पूरा करता है, तो अͧभवावक/पैरɅट
(parent)
और नए गǑठत
बाल/चाइãड
(child)
दोनɉ पी
(P)
के ͪवͧभÛन मूãयɉ के साथ फोक[ ͧसèटम कॉल से वापस आ जाएंगे। मूल
ĤͩĐया मɅ, बाल/चाइãड
(child)
का
PID 0
से अͬधक है, इसͧलए अͧभवावक/पैरɅट
(parent)
कȧ ĤͩĐया
इन ͪवशेष बयानɉ पर ǓनçपाǑदत होगी। हालांͩक, बाल/चाइãड
(child)
ĤͩĐया मɅ, चूंͩक पी
(P)
के बराबर
0
के बराबर है, तो इसका Ǒहèसा यह है ͩक यह हरा कथन ǓनçपाǑदत ͩकया जाएगा। अब अगर मौके से फोक[
(fork)
ͧसèटम कॉल ͪवफल रहता है तो घट
1
का मान वापस कर Ǒदया जाएगा िजसके पǐरणामèवǾप इस
printf
मɅ èĐȧन पर ͪĤंट ͩकया जा रहा है।"
13,3,"(èलाइडसमय का संदभ[ लɅ:
02:48)","अब, देखते हɇ ͩक यह फोक[ ͧसèटम कॉल ऑपरेǑटंग ͧसèटम के अंदर कैसे काम करता है। इसͧलए, जैसा ͩक
हमने पहले उãलेख ͩकया है, Ĥ×येक ĤͩĐया मɅ कनȶल मɅ संĒहȣत तीन मेटाडेटा हɇ। तो, एक पृçठ ताͧलका है,
दूसरा कनȶल èटैक है, और तीसरा
proc
संरचना
(structure)
मɅ एक Ĥͪविçट है जो ĤͩĐया Ǔनयंğण Þलॉक
-
PCB
है। इसͧलए, जब फोक[
(fork)
ͧसèटम कॉल ǓनçपाǑदत करता है, तो
page table
कȧ एक ĤǓत बनाई
जाती है। तो, यह बनाया जा रहा है ͩक नए बÍचे /चाइãड
(child)
कȧ पेज टेबल के अनुǾप है। इसी Ĥकार,
मूल ĤͩĐया के कनȶल èटैक को बÍचे/चाइãड
(child)
के कनȶल èटैक के Ǿप मɅ डुिÜलकेट ͩकया जाता है।
इसके अलावा एक नई
PCB
Ĥͪविçट बÍचे/चाइãड
(child)
के पीसीबी Ĥͪविçट के अनुǾप बनाई गई है। ऐसा
करने के ͧलए, पहले एक अĤयुÈत
PID
ऑपरेǑटंग ͧसèटम ɮवारा पाया जाना चाǑहए। ͩफर नवगǑठत
ĤͩĐया या बाल/चाइãड
(child)
ĤͩĐया कȧ िèथǓत कȧ िèथǓत नई पर सेट कȧ जाती है। ͩफर पीसीबी
(PCB)
मɅ कई पॉइंटस[ सेट ͩकए गए हɇ जैसे ͩक पेज टेबल पॉइंटर याǓन पेज टेबल पॉइंटर इस ͪवशेष पेज
टेबल को इंͬगत करेगा, कनȶल èटैक पॉइंटर
(kernel stack pointer)
इस पर इंͬगत करेगा, इस नव Ǔनͧम[त
ĤǓतͧलͪप Ĥͪविçट मɅ और Ěैपĥेम पर पॉइंटस[ और संदभ[ जो इस कनȶल èटैक के भीतर मौजूद हɇ। अÛय
जानकारȣ जैसे खोलȣ गɃ फाइलɅ, ĤͩĐया का आकार, वत[मान काय[शील Ǔनदȶͧशका आǑद अͧभवावक/पैरɅट
(parent) PCB
से चाइãड
(child)
के
PCB
मɅ भी कॉपी कȧ गई हɇ।"
13,4,"(èलाइडसमय का संदभ[ लɅ:
04:32)","अंत मɅ लौटने से ठȤक पहले, ऑपरेǑटंग ͧसèटम नव Ǔनͧम[त बÍचे/चाइãड
(child)
कȧ िèथǓत को
READY
तैयार करने के ͧलए सेट करेगा। इसͧलए, हम देखते हɇ ͩक
fork
के Ǔनçपादन कȧ शुǽआत मɅ,
fork
के
Ǔनçपादन के अंत मɅ बÍचे चाइãड
(child)
कȧ अवèथा
NEW
हो गयी है, ओएस
(OS)
अवèथा को
READY
करने के ͧलए सेट करेगा। तो, हमɅ इस
NEW
मÚयवतȸ अवèथा कȧ आवæयकता Èयɉ है? तो,
NEW
Èया
संकेत है और
READY
Èया इंͬगत करता है। इसͧलए,
NEW
अवèथा इंͬगत करती है ͩक पीआईडी
(PID),
यहां पर चुना गया
PID
पहले से हȣ ͧलया जा चुका है, और ĤͩĐया वत[मान मɅ बनाई जा रहȣ है लेͩकन चलाने
के ͧलए तैयार नहȣं है। दूसरȣ तरफ, जब अवèथा
READY
करने के ͧलए सेट होता है तो इसका मतलब है ͩक
कनȶल के भीतर ͪवͧभÛन मेटाडेटा Ĥारंभ ͩकए गए हɇ, और ĤͩĐया को तैयार कतार/रेडी Èयू
(READY
queue)
मɅ èथानांतǐरत ͩकया जा सकता है और इसे ǓनçपाǑदत करने के ͧलए तैयार है।"
13,5,"(èलाइडसमय का संदभ[ लɅ:
05:31)","इसͧलए, तैयार कतार/रेडी Èयू
(READY
queue)के संबंध मɅ नई ĤͩĐया के ͧलए तैयार कतार/रेडी Èयू
(READY queue)
मɅ Ĥवेश होगा और जब भी सीपीयू शेɬयूल होगा शेɬयूलर ǑĚगर हो जाता है तो यह इस
ͪवशेष ĤͩĐया को उठा सकता है और अपनी अवèथा को
READY
से बदल सकता है
RUNNING
के ͧलए,
और नई ĤͩĐया Ĥोसेसर के भीतर ǓनçपाǑदत शुǾ हो जाएगी।"
13,6,"(èलाइडसमय का संदभ[ लɅ:
05:57)","अब पैरɅट ĤͩĐया और बाल/चाइãड
(child)
ĤͩĐया के बीच
fork
के संबंध मɅ एक मह×वपूण[ अंतर यह है
ͩक, पैरɅट कȧ ĤͩĐया मɅ
fork child
के
PID
को वापस देता है; जबͩक
child
कȧ ĤͩĐया मɅ,
fork
Ĥणालȣ कॉल
0
वापस/ǐरटन[(return) देगा। तो, ऑपरेǑटंग ͧसèटम इस अंतर को कैसे बनाता है? इसͧलए, अǓनवाय[ Ǿप
से फोक[ ͧसèटम कॉल से वापसी/ǐरटन[(return) कनȶल èटैक के Ǒहèसे के Ǿप मɅ संĒहȣत कȧ जाती है।
इसͧलए, जब
fork
ǓनçपाǑदत ͩकया जाता है, तो ओएस या ऑपरेǑटंग ͧसèटम बÍचे/चाइãड कȧ पीआईडी
(PID)
के Ǿप मɅ मूल ĤͩĐया के कनȶल èटैक
(kernel stack)
मɅ वापसी मान सेट करेगा। बÍचे कȧ ĤͩĐया
के कन[ल èटैक
(kernel stack)
मɅ आगे वापसी/ǐरटन[(return) मूãय
0
पर सेट ͩकया गया है; इस Ĥकार
जब ͧसèटम कॉल इन मामलɉ मɅ से Ĥ×येक मɅ लौटाता है, तो Ĥ×येक ĤͩĐया मɅ अͧभवावक/पैरɅट
(parent)
कȧ ĤͩĐया के साथ-साथ बाल/चाइãड
(child)
ĤͩĐया को ǐरटन[ Ĥकार के ͪवͧभÛन मान ͧमलɅगे।"
13,7,"(èलाइडसमय का संदभ[ लɅ:
06:59)","अब, फोक[ का आéवान करते समय Ĥाथͧमक पहलुओं मɅ से एक पृçठ ताͧलका का डुिÜलकेशंस
(duplication)
है। तो, हमारे पास यहां मूल पृçठ ताͧलका है, और जब फोक[
(fork)
का आéवान ͩकया जाता
है तो इस पृçठ ताͧलका का डुिÜलकेट बÍचे के ͧलए बनाया जाता है। तो, डुिÜलकेट पेज टेबल रखने का Èया
अथ[ है? इसͧलए, जब हम वाèतव मɅ इस ͪवशेष आंकड़े को देखते हɇ, तो हम देखते हɇ ͩक हमारे पास दो पृçठ
सारणी हɇ जो वाèतव मɅ एक दूसरे कȧ ĤǓतकृǓत हɇ और वाèतव मɅ एक हȣ Ĥͪविçटयां हɇ। तो, इसका मतलब
यह है ͩक, अͧभवावक/पैरɅट
(parent)
और बाल/चाइãड
(child)
पृçठ ताͧलका दोनɉ रैम
(RAM)
मɅ एक हȣ
पृçठ ĥेम पर इंͬगत कर रहे हɇ। तो आइए इसे अͬधक ͪवèतार से देखɅ।"
13,8,"(èलाइडसमय का संदभ[ लɅ:
07:46)","तो हमारे पास वचु[अल मेमोरȣ मैप के साथ मूल ĤͩĐया है, और संबंͬधत वचु[अल मेमोरȣ मैप के साथ
संबंͬधत बाल/चाइãड
(child)
ĤͩĐया है; और इनमɅ से Ĥ×येक ĤͩĐया मɅ अपनी èवयं कȧ पृçठ ताͧलका
होती है। इसͧलए, चाइãड Ĥोसेस पेज टेबल अͧभवावक/पैरɅट ĤͩĐया पृçठ ताͧलका कȧ एक सटȣक ĤǓतकृǓत
है। तो, इसका मतलब यह है ͩक पैरɅट मɅ Þलॉक
1
और साथ हȣ Þलॉक
1
मɅ Þलॉक
1
उसी पृçठ ĥेम पर इंͬगत
करता है जो
6
है। इसी Ĥकार, पैरɅट मɅ Þलॉक
2
और साथ हȣ चाइãड मɅ Þलॉक
2
उसी पृçठ ĥेम
13
पर इंͬगत
करता है जैसा ͩक यहां देखा गया है और साथ हȣ साथ बÍचे/चाइãड कȧ ĤͩĐया पृçठ ताͧलका मɅ यहाँ देखा
गया है। इसͧलए, अǓनवाय[ Ǿप से हम यहां जो हाͧसल कर रहे हɇ वह यह है ͩक हमारे पास दो वचु[अल मेमोरȣ
मैÜस हɇ, एक ĤͩĐया के ͧलए और एक चाइãड के ͧलए। हालांͩक,
RAM
मɅ, हमारे पास पैरɅट ĤͩĐया के
अनुǾप कोड और डेटा कȧ एक ĤǓत है, अͧभवावक/पैरɅट और बाल/चाइãड पृçठ/पेज सारणी
(page tables)
दोनɉ
RAM
मɅ एक हȣ पृçठ/पेज ĥेम
(page frame)
को इंͬगत करती हɇ।"
13,9,"(èलाइडसमय का संदभ[ लɅ:
08:58)","तो आइए इसे एक उदाहरण के साथ देखɅ। मान लȣिजए, हमने यह Ǔनàनͧलͨखत काय[Đम ͧलखा है जो
fork
लगाता है और
fork
को एक
pid
देता है; और मूल ĤͩĐया मɅ, हम कुछ समय के ͧलए ͪवĮाम/नींद/èलȣप
(sleep)
मɅ हɇ और ͩफर
printf
का आéवान करते हɇ जो
‘i’
के मान को ͪĤंट करता है। इसͧलए,
'i'
को एक
पूणाɍक के Ǿप मɅ पǐरभाͪषत ͩकया गया है िजसमɅ
23
का मान है। इसी तरह, बÍचे
(child)
कȧ ĤͩĐया मɅ जो
इस
else
भाग मɅ ǓनçपाǑदत हो जाता है, हम ͩफर से
'i'
मान को ͪĤंट करते हɇ। अब चूंͩक बÍचा/चाइãड
(child)
अͧभवावक/पैरɅट
(parent)
कȧ सटȣक ĤǓतकृǓत है और अͧभवावक/पैरɅट
(parent)
के साथ-साथ
बÍचा/चाइãड
(child)
भी वहȣ होगा। इस Ĥकार जब हम इस काय[Đम को ǓनçपाǑदत करते हɇ, तो हमɅ ऐसा
कुछ ͧमलता है; बÍचे/चाइãड
(child)
और साथ हȣ अͧभवावक/पैरɅट
(parent)
दोनɉ के मूãय
23
के Ǿप मɅ
ͪĤंट करते हɇ।"
13,10,"(èलाइडसमय का संदभ[ लɅ:
09:49)","अब, हम इस ͪवशेष उदाहरण को संशोͬधत करते हɇ और देखते हɇ ͩक जब हम यह ͪवशेष पंिÈत जोड़ते हɇ तो
Èया होता है। तो, हमने यहां Èया ͩकया है ͩक हमने वृɮͬध कȧ है,
'i'
केवल बÍचे मɅ
1
Üलस
1
के बराबर है।
Úयान दɅ ͩक मूल ĤͩĐया मɅ, एक नींद/èलȣप
(sleep)
यहां
1
है, िजसका अथ[ है ͩक हम इसके ͧलए पया[Üत
समय दे रहे हɇ,
'i'
बÍचे/चाइãड
(child)
के ɮवारा ǓनçपाǑदत करने के ͧलए
‘i’
Üलस
1
के बराबर है और
केवल तभी अͧभवावक/पैरɅट
(parent)
के इस ͪĤंटफ
(printf)
को ǓनçपाǑदत ͩकया जा सकता है। तो,
आपको Èया लगता है ͩक इस ͪवशेष काय[Đम का उ×पादन Èया होगा? इसͧलए, कोई उàमीद करेगा ͩक
बÍचा/चाइãड
(child) 24
के मूãय को ͪĤंट करेगा, Èयɉͩक हमने
‘i’
मɅ
‘i’
Üलस
1
मɅ वृɮͬध कȧ है, इसͧलए
यह
23
Üलस
1
है; और अͧभवावक/पैरɅट
(parent)
भी
24
के मूãय को ͪĤंट करɅगे। हालांͩक, जब हम इस
काय[Đम को ǓनçपाǑदत करते हɇ तो हमɅ बÍचे/चाइãड
(child)
का अɮयतन मूãय
24
होता है; हालांͩक,
अͧभवावक/पैरɅट
(parent)
के पास अभी भी
23
का पुराना मान है। अब Ǒदया गया है ͩक अͧभवावक/पैरɅट
(parent)
और बÍचे/चाइãड
(child)
दोनɉ हȣ
RAM
मɅ उसी पृçठ पर ŉेम करते हɇ। तो, यह कैसे संभव है?
तो, हम देखɅगे ͩक ऐसी घटना Èयɉ हो रहȣ है।"
13,11,"(èलाइडसमय का संदभ[ लɅ:
11:04)","तो, यह घटना ऑपरेǑटंग ͧसèटम मɅ लागू कȧ गई ĤǓतͧलͪप पर ͧलखी गई तकनीक के कारण होती है।
इसͧलए, जब ओएस मɅ एक
fork
ͧसèटम कॉल ǓनçपाǑदत ͩकया जाता है, तो सभी मूल पृçठ Ĥारंभ मɅ साझा
ͩकए जाते हɇ। साझा ǒबट अͧभवावक/पैरɅट
(parent)
और बाल/चाइãड
(child)
पृçठ दोनɉ ताͧलकाओं मɅ
मौजूद है। जब ͩकसी भी साझा पृçठ मɅ डेटा बदल जाता है, तो
OS
उस पृçठ कȧ ĤǓतͧलͪप बनाता है और
बनाता है। इस Ĥकार अͧभवावक/पैरɅट
(parent)
और बÍचे के पास उस पृçठ कȧ अलग-अलग ĤǓतयां हɉगी
और Úयान दɅ ͩक 'यह' पृçठ यहां पर Ĥकाश डाला गया है, ताͩक वह; इसका मतलब है, केवल वह पृçठ
अͧभवावक/पैरɅट
(parent)
और बाल/चाइãड
(child)
मɅ अलग होगा जबͩक अÛय सभी पृçठ अभी भी वहȣ
बने रहɅगे। आइए देखते हɇ ͩक ͧलͨखत पर ĤǓतͧलͪप हमारे उदाहरण के साथ कैसे काम करती है। आइए हम
कहɅ ͩक मेरा मान इस ͪवशेष पृçठ ĥेम मɅ संĒहȣत है, िजसे मूल पृçठ ताͧलका के साथ-साथ बाल/चाइãड
(child)
पृçठ ताͧलका ɮवारा इंͬगत ͩकया जाता है। जब बÍचा ĤͩĐया
‘i’
Üलस
1
के मूãय को ǓनçपाǑदत
करता है और बढ़ाता है, तो
23
का मान
24
तक बढ़ाया जाता है और नया मान वापस लौटाया जाता है,
OS
ͧलखने को रोक देगा और बाल/चाइãड
(child)
के ͧलए एक नया पृçठ तैयार करेगा।"
13,12,"(èलाइडसमय का संदभ[ लɅ:
12:25)","इसͧलए, बाल/चाइãड
(child)
ĤͩĐया का मɇ यहां उपिèथत होगा और इसमɅ
24
का नया अपडेटेड वैãयू
होगा जबͩक अͧभवावक/पैरɅट
(parent)
का असलȣ
‘i’
मूãय यहां मौजूद होगा, और
‘i’
का पुराना मान होगा
23
का मान जो
23
है। इसके अलावा, बाल/चाइãड
(child)
कȧ पृçठ ताͧलका मɅ संबंͬधत पृçठ Ĥͪविçट को
अपडेट ͩकया जाएगा। तो,
CLONE
का Èया फायदा है, हम बाद मɅ èलाइड मɅ देखɅगे। अब हमने देखा है ͩक
एक काय[Đम को Èलोन कैसे ͩकया जाए, अब हम एक पूरȣ तरह से नए काय[Đम को ǓनçपाǑदत करने के
तरȣके को देखɅगे।"
13,13,"(èलाइडसमय का संदभ[ लɅ:
13:05)","एक नए काय[Đम को ǓनçपाǑदत करने मɅ दो कदम शाͧमल हɇ; पहले एक फोक[ ͧसèटम कॉल को लागू करने
कȧ आवæयकता होती है िजसके पǐरणामèवǾप बाल/चाइãड
(child)
ĤͩĐया बनाई जाती है जो मूल
ĤͩĐया कȧ सटȣक ĤǓतकृǓत होती है, और उसके बाद एक Ǔनçपादन ͧसèटम कॉल को लागू करने कȧ
आवæयकता होती है जो नए ĤोĒाम को ǓनçपाǑदत करने का कारण बनती है। तो, आइए हम इस ͪवशेष छोटे
सी कोड
(‘C’ code)
को ले लɅ। तो, हम जो देखते हɇ वह है ͩक शुǽआत मɅ एक
fork
Ĥणालȣ कॉल लागू ͩकया
जाता है िजसे
PID
मूãय वापस करना चाǑहए और बाल/चाइãड
(child)
ĤͩĐया नामक मूल ĤͩĐया कȧ एक
ĤǓत बनाना चाǑहए। अब बाल/चाइãड
(child)
कȧ ĤͩĐया मɅ,
PID
का मूãय
0
है, इसͧलए Ǔनçपादन इस
और भाग मɅ Ĥवेश करेगा। अब बाल/चाइãड
(child)
ĤͩĐया मɅ, हम इस मामले मɅ एक ͧसèटम कॉल
exec
का आéवान करते हɇ, यह
exec
का एक Ǿप है िजसे
execlp
के Ǿप मɅ जाना जाता है और कई तक[ /आगु[मɅɪस
(arguments)
पाǐरत करता है, इनमɅ से सबसे मह×वपूण[ एक Ǔनçपादन योÊय फ़ाइल नाम है। हमारे मामले
मɅ, हम फ़ाइल ए डॉट आउट
(a dot out)
को ǓनçपाǑदत करने का Ĥयास कर रहे हɇ। इसͧलए, जब यह
exec
ͧसèटम कॉल ǓनçपाǑदत होता है तो यह ऑपरेǑटंग ͧसèटम काय[¢मता को ǑĚगर करता है। तो, ओएस
(OS)
Èया करता है यह हाड[ ͫडèक पर Ǔनçपादन योÊय
a dot out
के सटȣक èथान को पता करता है, ͩफर यह
a
dot out
ǓनçपाǑदत करने के ͧलए आवæयक पृçठɉ पर मांग करता है।"
13,14,"(èलाइडसमय का संदभ[ लɅ:
14:28)","तो आइए हम वाèतव मɅ इस और ͬचğकारȣ को देखɅ। तो, जब हम फोक[
(fork)
का आéवान करते हɇ तो Èया
होता है? तो, जैसा ͩक हम जानते हɇ ͩक
fork
एक बाल/चाइãड
(child)
ĤͩĐया पैदा करेगा, जो
अͧभवावक/पैरɅट
(parent)
कȧ सटȣक ĤǓतकृǓत है। तो, हमने जो देखा है वह है ͩक बाल/चाइãड
(child)
के
पास अपनी पृçठ सारणी है, लेͩकन पृçठ ताͧलका मɅ सभी Ĥͪविçटयां समान Ǿप से समान पृçठ ĥेम को
अͧभभावक के Ǿप मɅ मानͬचğ बनाती हɇ। अब देखते हɇ ͩक Èया होता है जब वह
exec
Ĥणालȣ कॉल आéवान
हो जाता है। इसͧलए, जब
exec
ͧसèटम कॉल का आéवान होता है, तो ऑपरेǑटंग ͧसèटम हाड[ ͫडèक मɅ
ĤोĒाम या Ǔनçपादन योÊय èथान और हाड[ ͫडèक से लोड Þलॉक को मांग पर पेज ĥेम मɅ लोड करेगा। इस
Ĥकार, उदाहरण के ͧलए, जब हम नई बाल/चाइãड
(child)
ĤͩĐया को ǓनçपाǑदत करना शुǾ करते हɇ, तो
यह उदाहरण के ͧलए नए बाल/चाइãड
(child)
के पहले Þलॉक को लोड करेगा; और तब मांग पर जब भी
आवæयक नए Þलॉक को
RAM
मɅ लोड ͩकया जाएगा। इसके बाद, बाल/चाइãड
(child)
कȧ ĤͩĐया कȧ पृçठ
ताͧलका भी आवæयकतानुसार अपडेट कȧ जाएगी। इसͧलए, हम दो चीजɅ देखते हɇ, सबसे पहले हम देखते हɇ
ͩक जब भी कोई नया Þलॉक या जब भी बÍचा ĤोĒाम ǓनçपाǑदत ͩकया जा रहा है, तो एक नई काय[¢मता मɅ
एक नई पेज ĥेम को बाल/चाइãड
(child)
ĤͩĐया मɅ आवंǑटत ͩकया जाता है। हालांͩक, काय[¢मता जो
अͧभवावक/पैरɅट
(parent)
और बाल/चाइãड
(child)
दोनɉ के ͧलए आम है, आम तौर पर इस तरह के
सामाÛय पृçठɉ को साझा करती है।"
13,15,"(èलाइडसमय का संदभ[ लɅ:
15:54)","तो देखते हɇ ͩक राईट
(Write)
पर कॉपी
(Copy)
का Èया फायदा है? इसͧलए, जैसा ͩक हम जानते हɇ ͩक
अͬधकांश काय[Đम बड़ी संÉया मɅ काय[¢मता के साथ ͧलखे जाते हɇ जो ͩक आम हɇ। उदाहरण के ͧलए, हम
जानते हɇ ͩक कई काय[Đमɉ मɅ
printf
या
scanf
या मानक लाइĦेरȣ फ़ंÈशन कॉल का उपयोग ͩकया जाएगा
जैसे
freadf, fscanf
और
fprintf
और इसी तरह। चूंͩक, अͧभवावक/पैरɅट
(parent)
से पहलȣ बार
अͧभवावक/पैरɅट
(parent)
को Èलोन करके और ͩफर नए काय[Đम को ǓनçपाǑदत करके एक नई ĤͩĐया
बनाई जाती है, इस Ĥकार अͧभवावक/पैरɅट
(parent)
कȧ बहुत सारȣ काय[¢मता भी बाल/चाइãड
(child)
ĤͩĐया मɅ उपिèथत होगी। अब चूंͩक पृçठɉ को केवल बाल/चाइãड
(child)
ĤͩĐया मɅ मांग पर हȣ बदला
जाता है, इसͧलए सामाÛय काय[¢मता या सामाÛय कोड जो अͧभवावक/पैरɅट
(parent)
और बाल/चाइãड
(child)
ĤͩĐया दोनɉ मɅ मौजूद है, अभी भी दो ĤͩĐयाओं के बीच साझा ͩकया जाता है। उदाहरण के ͧलए,
मूल ĤͩĐया मɅ मौजूद
printf
और बाल/चाइãड
(child)
ĤͩĐया मɅ मौजूद
printf,
अभी भी रैम मɅ या
भौǓतक èमृǓत मɅ एक हȣ पृçठ ĥेम को इंͬगत करता है। तो, इसका मतलब यह है ͩक यɮयͪप आपके ͧसèटम
पर
100
अलग-अलग ĤͩĐयाएं चल रहȣ हɇ, और ये सभी ĤͩĐयाएं
RAM
मɅ ͪĤंटफ जैसे सामाÛय फ़ंÈशन का
उपयोग कर सकती हɇ, जैसे ͪĤंटफ़
(printf)
कȧ उपिèथǓत कȧ केवल एक ĤǓत होगी। तब सभी ĤͩĐयाएं
अपने पृçठ ताͧलका को इस ͪवशेष पृçठ ĥेम पर इंͬगत करने के ͧलए उपयोग करɅगी, िजसमɅ
printf
शाͧमल
है।"
13,16,"(èलाइडसमय का संदभ[ लɅ:
17:21)","इसͧलए हमने देखा है ͩक एक नई ĤͩĐया बनाने के ͧलए पहले एक
fork
कȧ आवæयकता होती है, और उसके
बाद एक Ǔनçपादन Ĥणालȣ कॉल के बाद होता है। इसͧलए, ͧसèटम मɅ हर ĤͩĐया इस तरह से बनाई गई है।
इसͧलए हमɅ पेड़ जैसे संरचना ͧमलते हɇ जहां आपके पास Ǿट नोड होता है िजसे
init
डॉट
d
के नाम से जाना
जाता है, और Ĥ×येक बाद वाला नोड ͧसèटम मɅ चल रहȣ ĤͩĐया का ĤǓतǓनͬध×व करता है और ͪपछलȣ
ĤͩĐया से बनाया जाता है। उदाहरण के ͧलए, ĤͩĐया
compiz, gnome-session
कȧ बाल/चाइãड
(child)
ĤͩĐया है। बदले मɅ
gnome-session
एक बाल/चाइãड
(child)
कȧ ĤͩĐया है और इसी तरह। तो,
आͨखरकार हम Ǿट ĤͩĐया तक पहुंच जाते हɇ, िजसे इस मामले मɅ
inti
डॉट
d
के Ǿप मɅ जाना जाता है। यǑद
आप ǽͬच रखते हɇ, तो आप वाèतव मɅ इस ͪवशेष कमांड को देख या ǓनçपाǑदत कर सकते हɇ जो आपके
bash
prompt
से
pstree
है जो आपके ͧसèटम मɅ संरचनाओं जैसे पेड़ मɅ सभी ĤͩĐयाओं को सूचीबɮध करता है।
इसͧलए, हम देख रहे हɇ ͩक ǓनçपाǑदत करने वालȣ Ĥणालȣ मɅ Ĥ×येक ĤͩĐया मɅ अͧभवावक/पैरɅट
(parent)
कȧ ĤͩĐया होती है। तो, पहलȣ ĤͩĐया के बारे मɅ Èया? तो, यह Ĥणालȣ मɅ एकमाğ ĤͩĐया है, िजसमɅ
अͧभवावक/पैरɅट
(parent)
नहȣं हɇ। तो, इस ĤͩĐया को कौन बनाता है?"
13,17,"(èलाइडसमय का संदभ[ लɅ:
18:33)","xv6
मɅ पहलȣ ĤͩĐया, पहलȣ ĤͩĐया
initcode dot s
मɅ मौजूद है अÛय ĤͩĐयाओं के ͪवपरȣत है, Èयɉͩक यह
ͪवशेष ĤͩĐया कनȶल ɮवारा बूǑटंग ĤͩĐया के दौरान èवयं बनाई गई है। तो, यूǓनÈस
(Unix)
ऑपरेǑटंग
ͧसèटम मɅ, पहलȣ ĤͩĐया £ात है जो èलैश
sbin
èलैश
init
मɅ मौजूद है। इसͧलए, जब आप अपना ͧसèटम
चालू करते हɇ, और ऑपरेǑटंग ͧसèटम बूट करना शुǾ होता है, तो यह आपके ͧसèटम मɅ ͪवͧभÛन घटकɉ को
Ĥारंभ करता है और अंत मɅ, यह इस पहलȣ उपयोगकता[ ĤͩĐया को ǓनçपाǑदत करता है िजसे ǓनçपाǑदत
ͩकया जाता है। इसͧलए, इसे कभी-कभी सुपर पेरɅट के Ǿप मɅ जाना जाता है, और इसका मुÉय काय[ वाèतव
मɅ अÛय ĤͩĐयाओं को फोक[ करना है। आमतौर पर
LINUX
मɅ यह पहलȣ ĤͩĐया èलैश
etc
èलैश इǓनट डॉट
डी मɅ मौजूद कई िèĐÜट शुǾ करेगी।"
13,18,"(èलाइडसमय का संदभ[ लɅ:
19:29)","अब हम कोड
init dot c
देखɅ, जो
xv6
का Ǒहèसा है। इसͧलए, अǓनवाय[ Ǿप से यह ͪवशेष कोड एक ĤͩĐया
को
fork
करता है और एक
shell
(sh)बनाता है ।तो, यह ͪवशेष Ǿप से कोड का एक िèनपेट है, मɇ चाहता हूं
ͩक आप इस ͪवशेष लूप को नोǑटस करɅ, यह ͪवशेष Ǿप से लूप के ͧलए है, जो लूप के ͧलए अनंत है। तो, यह
असीम बार चलता है; इसका एकमाğ काय[ एक ĤͩĐया को
fork
करना है और
Child
ĤͩĐया को बनाना है,
यह Ǔनçपादन
sh
चलाता है जो कुछ तक[ के साथ एक
shell
है। तब यह तब तक इंतजार करता है जब तक
ͩक उस ͪवशेष
fork
ĤͩĐया पूरȣ नहȣं हो जाती है, और ͩफर यह बात हमेशा के ͧलए जारȣ रहती है।"
13,19,"(èलाइडसमय का संदभ[ लɅ:
20:16)","अब हमने देखा है ͩक ĤͩĐयाओं को कैसे Èलोन ͩकया जाता है, कैसे एक नया ĤोĒाम ǓनçपाǑदत ͩकया जाता
है। आइए देखते हɇ ͩक ĤͩĐया को कैसे समाÜत ͩकया जाए।"
13,20,"(èलाइडसमय का संदभ[ लɅ:
20:27)","एक ĤͩĐया िजससे समाÜत होती है उसको
exit
कॉल के नाम से जाना जाता है। तो, उदाहरण के ͧलए, आइए
हम अपने उदाहरण पर वापस जाएं। और
child
कȧ ĤͩĐया मɅ, हम वाèतव मɅ Ǔनçपादन योÊय ए डॉट आउट
(a dot out)
को रन या ǓनçपाǑदत करते हɇ, िजसे तब ǓनçपाǑदत ͩकया जाता है और इसके बाद
exit(0)
ǓनकलɅ ।इसͧलए, यह
exit, child
ĤͩĐया मɅ लागू ͩकया जाता है, और पैरामीटर
0
एक ऐसी िèथǓत है जो
मूल ĤͩĐया को पाǐरत कȧ जाती है। इसͧलए, ĤͩĐया को समाÜत करने का यह ͪवशेष तरȣका èवैिÍछक
समािÜत के Ǿप मɅ जाना जाता है।"
13,21,"(èलाइडसमय का संदभ[ लɅ:
21:03)","èवैिÍछक समािÜत के अलावा, कुछ भी एक अनौपचाǐरक समािÜत के Ǿप मɅ जाना जाता है। इस तरह कȧ
समािÜत मɅ, ĤͩĐया को मजबूती से समाÜत कर Ǒदया जाता है। तो, एक ͧसèटम कॉल जो वाèतव मɅ करता है
वह
Kill system
कॉल है, जो दो पैरामीटर
pid
लेता है जो ĤͩĐया कȧ
pid
है िजसे
killed
और ͧसÊनल कȧ
आवæयकता होती है। एक संकेत एक असीͧमत संदेश है जो ऑपरेǑटंग ͧसèटम से भेजा जाता है या ͧसèटम
मɅ चलने मɅ ͩकसी अÛय ĤͩĐया ɮवारा भेजा जाता है।
SIGTERM, SIGQUIT, SIGINT
और
SIGHUP
जैसे
ͪवͧभÛन Ĥकार के ͧसÊनल हɇ। जब ͩकसी ĤͩĐया को
SIGQUIT
जैसे ͧसÊनल ĤाÜत होते हɇ, तो ĤͩĐया के
दौरान Èया ĤͩĐया चल रहȣ है, इस ĤͩĐया को समाÜत करने जा रहा है।"
13,22,"(èलाइडसमय का संदभ[ लɅ:
21:48)","तो, ĤͩĐया समाÜत करने के संबंध मɅ एक और मह×वपूण[ ͧसèटम कॉल Ĥती¢ा/वेट
(Wait)
Ĥणालȣ कॉल
है।
Wait
Ĥणालȣ कॉल
parent
ɮवारा बुलाया जाता है; यह
parent
को अवǽɮध िèथǓत मɅ जाने का कारण
बनता है जब तक ͩक उसके
child
मɅ से कोई भी बाहर Ǔनकलता न हो। अगर
parent
के पास कोई
child
नहȣं चल रहा है तो एक शूÛय
1
लौटा Ǒदया जाता है। तो, आइए हम यहां हमारे उदाहरण पर वापस जाएं, जहां
parent
ने बाल/चाइãड
(child)
ĤͩĐया को फोक[ ͩकया है; और मूल ĤͩĐया मɅ, यह एक
PID
ĤाÜत करता है
जो
child
ĤͩĐया के
PID
के बराबर होता है। इसͧलए, इसके पǐरणामèवǾप
parent
वाèतव मɅ उस वÈतåय
को ǓनçपाǑदत कर सकते हɇ जो Ĥती¢ा है; और जब तक
child
कȧ ĤͩĐया समाÜत नहȣं हो जाती है तब तक
parent
को अवǽɮध कर Ǒदया जाएगा। जब
child
कȧ ĤͩĐया Ǔनकलती है, तो यह
parent
कȧ ĤͩĐया को
जागृत करने और Ĥती¢ा काय[ को
PID
के ǐरटन[ वैãयू के साथ वापस करने का कारण बनती है, जो ͩक
child
ĤͩĐया कȧ
PID
है। इसͧलए, इस ͪवशेष उदाहरण मɅ मौजूद
child
कȧ वापसी िèथǓत ĤाÜत करने के ͧलए जो
कȧ
0
है, मूल ĤͩĐया इस तरह के
Wait
के एक संèकरण का आéवान कर सकती है। इसͧलए, इस ͪवशेष
संèकरण मɅ, एक पॉइंटर उस िèथǓत मɅ पाǐरत ͩकया जाता है िजसमɅ ऑपरेǑटंग ͧसèटम बाल/चाइãड
(child)
ĤͩĐया कȧ Ǔनकास िèथǓत डाल देगा।"
13,23,"(èलाइडसमय का संदभ[ लɅ:
23:15)","जब कोई ĤͩĐया समाÜत हो जाती है, तो यह
Zombie
या ǓनिçĐय ĤͩĐया के Ǿप मɅ जाना जाता है।
Zombie
के बारे मɅ इतना खास Èया है ͩक ͪवशेष ĤͩĐया अब ǓनçपाǑदत नहȣं हो रहȣ है; हालांͩक, ऑपरेǑटंग
ͧसèटम मɅ ĤͩĐया Ǔनयंğण Þलॉक अभी भी मौजूद रहेगा। तो, हमारे पास ऑपरेǑटंग ͧसèटम मɅ
Zombie
कȧ
यह अवधारणा Èयɉ है? तो,
zombie
मौजूद हɇ, ताͩक
parent
ĤͩĐया वेट Ĥणालȣ कॉल के माÚयम से
child
कȧ Ǔनकास िèथǓत को पढ़ सकɅ । जब कोई ͪवशेष ĤोĒाम Ǔनकलता है, तो इसकȧ Ǔनकास िèथǓत ऑपरेǑटंग
ͧसèटम मɅ मौजूद
PCB
मɅ संĒहȣत होती है। इसͧलए, जब
parent
ĤͩĐया ɮवारा Ĥती¢ा Ĥणालȣ कॉल का
आéवान ͩकया जाता है, तो बाहर Ǔनकलने वालȣ बाल/चाइãड
(child)
ĤͩĐया का
PCB
पढ़ा जाएगा और
इसकȧ Ǔनकास िèथǓत वहां से लȣ जाएगी। जब वेट ͧसèटम कॉल वाèतव मɅ
parent
ɮवारा बुलाया जाता है,
और
OS
मɅ मौजूद अǓतǐरÈत
zombie
Ĥͪविçटयां हटा दȣ जाएंगी। तो, यह ĤͩĐया काटने के Ǿप मɅ जाना
जाता है। तो, Èया होता है यǑद
parent child
कȧ िèथǓत नहȣं पढ़ता है? ऐसे मामले मɅ, इसके पǐरणाम से
संसाधन ǐरसाव होगा और ऑपरेǑटंग ͧसèटम मɅ
zombie
Ĥͪविçटयां असीम Ǿप से मौजूद रहɅगी। इसͧलए,
इÛहɅ ओएस मɅ एक ͪवशेष ĤͩĐया ɮवारा हटा Ǒदया जाता है िजसे रȣपर
(Reaper)
ĤͩĐया कहा जाता है।
Reaper
ĤͩĐया समय-समय पर ओएस मɅ मौजूद ͩकसी भी
zombie
ĤͩĐया अवèथाओं को चलाती है और
ठȤक करती है।"
13,24,"(èलाइडसमय का संदभ[ लɅ:
24:45)","जब
parent
कȧ ĤͩĐया अपने
child
के सामने समाÜत हो जाती है, तो इसका पǐरणाम अनाथ/ऑफ़[ न
(orphan)
के Ǿप मɅ जाना जाता है। उदाहरण के ͧलए, आइए इसे ĤͩĐया
tree
के Ǿप मɅ देखɅ और ͪवशेष Ǿप
से यह यहां एक अͧभभावक के साथ एक ĤͩĐया है। अब मान लȣिजए ͩक जब
child
ǓनçपाǑदत करता रहता
है तो यह ͪवशेष
parent
Ǔनकलता है, तो
child
अनाथ के Ǿप मɅ जाना जाता है। ऐसे मामले मɅ,
sbin init
ĤͩĐया कȧ पहलȣ ĤͩĐया अनाथ बÍचे/चाइãड
(child)
को अपनाएगी।"
13,25,"(èलाइडसमय का संदभ[ लɅ:
25:20)","दो Ĥकार के अनाथ हɇ; एक अनजान अनाथ/अनइनटɅशनल ऑफ़[ न
(Unintentional orphan)
है जो तब
होता है जब
parent
दुघ[टनाĒèत हो जाते हɇ। दूसरा इराǑदत अनाथ/इनटɅशनल ऑफ़[ न
(Intentional
orphan)
है िजसे कभी-कभी
daemons
कहा जाता है। तो, एक जानबूझकर अनाथ या एक
daemons,
ĤͩĐयाएं हɇ जो उपयोगकता[ सğ से अलग हो जाती हɇ और
background
मɅ चलती हɇ। इसͧलए, इÛहɅ
आमतौर पर
background
सेवाओं को चलाने के ͧलए उपयोग ͩकया जाता है।"
13,26,"(èलाइडसमय का संदभ[ लɅ:
25:42)","तो अब हम एक ऑपरेǑटंग ͧसèटम पǐरĤेêय से Ǔनकास/एिÊजट
(exit)
ͧसèटम कॉल को देखते हɇ। सबसे
पहले हम देखते हɇ ͩक ͧसèटम मɅ पहलȣ ĤͩĐया है ͩक
sbin slash init
कभी बाहर नहȣं जा सकता है। अÛय
सभी ĤͩĐयाओं के ͧलए, वे बाहर Ǔनकलने वाले ͧसèटम कॉल का आéवान करके बाहर Ǔनकल सकते हɇ या
ͧसÊनल ɮवारा अनैिÍछक Ǿप से बाहर Ǔनकल सकते हɇ। इसͧलए, जब ऐसी ĤͩĐया Ǔनकलती है, तो
ऑपरेǑटंग ͧसèटम Ǔनàनͧलͨखत पǐरचालन करेगा। सबसे पहले, यह सभी खुलȣ फ़ाइलɉ कȧ उपयोग गणना
को कम करेगा। अब अगर उपयोग कȧ गणना
0
होती है, तो फ़ाइल बंद हो जाती है। ͩफर यह
parent
को
जागृत करेगा ͩक अगर
parent
वत[मान मɅ सोने कȧ िèथǓत मɅ हɇ तो
parent
को एक चलने योÊय अवèथा मɅ
बनाया जाएगा। तो, याद रखɅ ͩक चलने योÊय राÏय को तैयार राÏय के Ǿप मɅ भी जाना जाता है। तो, हमɅ
parent
को जागने कȧ ज़Ǿरत Èयɉ है? हमɅ
parent
को जागने कȧ जǾरत है, Èयɉͩक
parent
Ĥती¢ा Ĥणालȣ
कॉल के कारण बÍचे/चाइãड
(child)
कȧ Ĥती¢ा कर रहे हɇ। इसͧलए, हमɅ
parent
को जागने कȧ जǾरत है,
ताͩक
parent
चलना जारȣ रख सकɅ ͩफर उन सभी
child
। के ͧलए जो मौजूदा ĤͩĐया मɅ मौजूदा हɇ,
ऑपरेǑटंग ͧसèटम इǓनट
(init)
ĤͩĐया को सभी बÍचɉ पर अपनाएगा। और आͨखरकार, यह
zombie
state
मɅ बाहर Ǔनकलने कȧ ĤͩĐया Ǔनधा[ǐरत करेगा। इसͧलए, Úयान दɅ ͩक ĤͩĐया के कुछ पहलुओं जैसे
पृçठ Ǔनदȶͧशका/पेज डायरेÈटरȣ
(page directory)
और कनȶल èटैक
(Kernel Stack)
को बाहर Ǔनकलने
के दौरान आवंǑटत नहȣं ͩकया जाता है। ऑपरेǑटंग ͧसèटम मɅ इन मेटाडेटा को मूल ĤͩĐया ɮवारा आवंǑटत
ͩकया जाता है, िजससे
parent
को Đैश ͩकए गए बÍचɉ को डीबग करने कȧ इजाजत ͧमलती है, मान ͧलया
जाती है ͩक ͪवशेष ĤͩĐया Đैश हो गई है, पृçठ Ǔनदȶͧशका और कनȶल èटैक ऑपरेǑटंग ͧसèटम मɅ मौजूद
रहेगा। इस Ĥकार,
parent
को Đैश ͩकए गए
child
कȧ पृçठ Ǔनदȶͧशका और कनȶल èटैक कȧ सामĒी को
पढ़ने कȧ अनुमǓत देता है, इस Ĥकार
debugging
होने कȧ अनुमǓत देता है।"
13,27,"(èलाइडसमय का संदभ[ लɅ:
27:48)","अब, Ĥती¢ा/वेट
(wait)
Ĥणालȣ कॉल के आंतǐरक के बारे मɅ देखते हɇ, इसͧलए यह ͪवशेष
flowchart xv6
ऑपरेǑटंग ͧसèटम के संबंध मɅ ͩकया जाता है। जब उपयोगकता[ èथान मɅ कोई अͧभभावक ĤͩĐया Ĥती¢ा
Ĥणालȣ कॉल को आमंǒğत करती है, तो इन Ǔनàनͧलͨखत पǐरचालनɉ को हरे रंग मɅ, ऑपरेǑटंग ͧसèटम मɅ
होता है। तो, पहले एक लूप होता है जो पी ताͧलका मɅ Ĥ×येक ĤͩĐया को पुन: सͩĐय करता है और जांचता है
ͩक ĤͩĐया पी
(p)
वत[मान ĤͩĐया का
child
है या नहȣं। तो, अगर यह
child
नहȣं है, तो आप अगलȣ ĤͩĐया
पी टेबल
(p table)
मɅ लेते हɇ; हालांͩक, अगर यह एक
child
होता है, तो हम यह पता लगाने के ͧलए एक
अǓतǐरÈत जांच करते हɇ ͩक यह
zombie
है या नहȣं। तो, अगर
child, zombie
नहȣं है तो
parent
कȧ
ĤͩĐया सो/èलȣप
(sleep)
हो जाएगी; हालांͩक, अगर
child zombie
है, तो हम कनȶल èटैक को आवंǑटत
करते हɇ और पृçठ Ǔनदȶͧशका को मुÈत करते हɇ, और
wait
Ĥणालȣ कॉल पी(p) के
pid
को वापस कर देगा।
इसͧलए, इस वीͫडयो मɅ, हमने ĤͩĐया के बारे मɅ देखा था, यह कैसे बनाया गया है, यह कैसे Ǔनकलता है और
wait, fork, exec, exit
ͧसèटम कॉल जैसे ͧसèटम कॉलस
(system calls)
के बारे मɅ।
धÛयवाद।"
14,0,,"ऑपरेǑटंग ​ͧसèटम ​का ​पǐरचय
Ĥोफेसर ​चेèटर ​रेबेरो
कंÜयूटर ​ͪव£ान ​और ​इंजीǓनयǐरंग ​ͪवभाग
भारतीय ​Ĥौɮयोͬगकȧ ​संèथान
,
​मġास
सÜताह
– 03
​åयाÉयान
- 13
ͧसèटम
xv6
​मɅ ​ĤͩĐया ​Ĥबंधन ​के ​ͧलए ​कॉल
ͪपछले ​वीͫडयो ​मɅ
,
​हमने ​ĤͩĐया ​से ​संबंͬधत ​कई ​मह×वपूण[ ​ͧसèटम ​कॉलɉ ​को ​देखा ​था ​Ĥबंधन। ​इसͧलए
,
हमने ​इन ​ͧसèटम ​कॉल ​जैसे ​ͩक
fork, exec, wait​ और exit​ देखा ​था। ​तो ​इस ​वीͫडयो ​मɅ
,
​हम ​देखɅगे ​ͩक
इन ​ͧसèटम ​कॉल ​को ​ऑपरेǑटंग ​ͧसèटम ​के ​भीतर ​कैसे ​काया[िÛवत ​ͩकया ​जाता ​है।
: 00:38)
(​èलाइडसमय ​का ​संदभ[ ​लɅ
तो ​ͪवशेष ​Ǿप ​से
,
​हम ​देखɅगे ​ͩक ओएस
(OS) xv6
मɅ ​ͧसèटम ​कॉल ​कैसे ​लागू ​ͩकए ​जाते ​हɇ। ​इसͧलए
,
​हम
xv6 ,
​İोत ​कोड ​का ​िजĐ ​करɅगे ​िजसे ​इस ​ͪवशेष ​वेबसाइट ​से ​एक ​पुिèतका ​के ​Ǿप ​मɅ ​डाउनलोड ​ͩकया ​जा
सकता ​है। ​कृपया ​संशोधन ​संÉया
8
​डाउनलोड ​करɅ
,
​ताͩक ​यह ​ͪवशेष ​वीͫडयो ​से ​मेल ​खा ​सके।
: 01:00)
(​èलाइडसमय ​का ​संदभ[ ​लɅ
तो ​चͧलए ​फोक[ ​ͧसèटम ​कॉल ​से ​शुǾ ​करते ​हɇ। ​ͪपछले ​वीͫडयो ​मɅ
,
​हमने ​देखा ​था ​ͩक ​जब ​फोक[ ​ͧसèटम ​कॉल
का ​आéवान ​ͩकया ​जाता ​है ​तो ​यह ​एक ​बाल ​ĤͩĐया ​बनाता ​है। ​यहां ​पर फोक[ (fork​)​ जो
pid
है का ​वापसी
0 ; , child
मूãय ​बÍचे ​कȧ ​ĤͩĐया ​मɅ ​का ​मूãय ​होगा ​नतीजतन ​ये ​हरȣ ​रेखाएं ​ͪवशेष ​Ǿप ​से ​ĤͩĐया ​ɮवारा
ǓनçपाǑदत ​कȧ ​जाती ​हɇ। ​मूल ​ĤͩĐया ​मɅ
,
​फोक[ ​ɮवारा ​लौटाया ​गया ​मूãय
0
​से ​अͬधक ​होगा ​अǓनवाय[ ​Ǿप ​से
फोक[ ​ɮवारा ​लौटाया ​गया ​मूãय
child
​ĤͩĐया ​के
pid value
​होगा
,
​इस ​Ĥकार ​ये ​बɇगनी ​रेखाएं ​मूल ​ĤͩĐया
ɮवारा ​ǓनçपाǑदत ​कȧ ​जा ​रहȣ ​हɇ।
: 01:42)
(​èलाइडसमय ​का ​संदभ[ ​लɅ
ऑपरेǑटंग ​ͧसèटम ​के ​अंदर
, fork
​अǓनवाय[ ​Ǿप ​से ​एक ​नया ​ĤͩĐया ​Ǔनयंğण ​Þलॉक ​बनाता ​है ​और ​इसे
भरता ​है। ​याद ​रखɅ ​ͩक
xv6
​मɅ
,
​ĤͩĐया ​Ǔनयंğण ​Þलॉक ​या
PCB
​को ​यहां ​एक
struct proc
​ɮवारा ​पǐरभाͪषत
ͩकया ​गया ​है ​जैसा ​ͩक ​यहां ​Ǒदखाया ​गया ​है। ​तो
,
​अǓनवाय[ ​Ǿप ​से ​फोक[ ​Èया ​करता ​है ​ͩक ​यह ​बनाई ​गई ​नई
बाल ​ĤͩĐया ​के ​अनुǾप
struct proc
​के ​ͪवͧभÛन ​त×वɉ ​को ​भरने ​जा ​रहा ​है। ​यह ​भी ​याद ​रखɅ ​ͩक ​एक
ptable
है ​िजसे
xv6
​ऑपरेǑटंग ​ͧसèटम ​मɅ ​पǐरभाͪषत ​ͩकया ​गया ​है।
Ptable
​अǓनवाय[ ​Ǿप ​से
procs
​कȧ ​एक ​सरणी
है
,
​सरणी ​का ​आकार
NPROC
​है ​जो ​ĤͩĐयाओं ​कȧ ​कुल ​संÉया ​है ​ͩक
, xv6
ओएस
(OS)
मɅ ​एक ​हȣ ​समय ​मɅ
चला ​सकते ​हɇ। ​इसͧलए
,
​इस ​ĤͩĐया ​को ​इस ​ͪवशेष ptable​ मɅ ​एक ​Ĥͪविçट ​आवंǑटत ​कȧ ​जाती ​है।
: 02:34)
(​èलाइडसमय ​का ​संदभ[ ​लɅ
xv6 fork , 2554
​मɅ ​का ​काया[Ûवयन ​यहां ​Ǒदखाया ​गया ​है। ​इसͧलए ​यह ​लाइन ​नंबर ​मɅ ​İोत ​कोड ​सूची ​मɅ
देखा ​जा ​सकता ​है। ​तो ​पहलȣ ​बात ​यह ​है ​ͩक ​आप ​यहां ​पर ​Úयान ​दɅगे ​ͩक ​हम '​एनपी
' (‘np’)
​नामक ​एक
पॉइंटर ​घोͪषत ​कर ​रहे ​हɇ ​िजसे ​èĚÈचर ​Ĥो ​पॉइंटर
(struct proc
pointer)​के ​Ǿप ​मɅ ​पǐरभाͪषत ​ͩकया ​गया
है। ​तो
,
​यह ​नई ​ĤͩĐया ​के ​अनुǾप ​एक ​सूचक/पॉइंटर ( pointer​)​ ​है ​िजसे ​बनाया ​गया ​है ​या ​बिãक ​नई ​बाल
ĤͩĐया ​है। ​अब ​पहला ​कदम ​है ​ͩक
fork allocproc
​का ​आéवान ​करना ​है। ​तो
,
​यह ​आवंटन ​Èया ​करता ​है ​यह
है ​ͩक ​यह ​काय[ ​करता ​है ​ͩक ​यह
ptable
​के ​माÚयम ​से ​पास[
(parse)
​करने ​जा ​रहा ​है ​और ​एक
proc
​संरचना
है ​जो ​अĤयुÈत ​है
;
​एक ​बार ​यह
proc
​संरचना ​ͧमल ​जाती ​है
,
​तो ​यह ​अवèथा ​को
EMBRYO
​के ​Ǿप ​मɅ
èथाͪपत ​करने ​जा ​रहा ​है। ​तो
,
​याद ​रखɅ ​ͩक
xv6 EMBRYO
​मɅ ​एक ​नई ​ĤͩĐया ​है ​जो ​अभी ​तक ​ǓनçपाǑदत
करने ​के ​ͧलए ​तैयार ​नहȣं ​है
,
​जो ​भी ​सेट ​है
,
​नई ​बाल ​ĤͩĐया ​के ​ͧलए
PID
​है। ​अÛय ​चीजɅ ​जो ​आवंटन ​मɅ ​कȧ
जाती ​हɇ
,
कनȶल èटैक
(kernel stack)
का ​आवंटन ​होता ​है ​और ​नए
child
​कȧ ​ĤͩĐया ​के कनȶल èटैक
(kernel stack)
​को ​Ěैपĥेम ​पॉइंटर (
trapframe
pointer​)​,
trapret
​और ​संदभ[ ​के ​भरने ​के ​साथ ​भरता ​है।
: 03:52)
(​èलाइडसमय ​का ​संदभ[ ​लɅ
फोक[ (
fork)
​काया[Ûवयन ​मɅ ​अगला ​कदम ​यह ​है ​ͩक
, copyuvm
​नामक ​इस ​फ़ंÈशन ​पर ​कॉल ​करɅ। ​तो
,
अǓनवाय[ ​Ǿप ​से
copyuvm
​फ़ंÈशन ​Èया ​करता ​है ​ͩक ​यह ​पृçठ Ǔनदȶͧशका/पेज डायरेÈटरȣ (
page
directory) copyuvm ;
​को ​मूल ​ĤͩĐया ​से ​बाल ​ĤͩĐया ​मɅ ​कॉपी ​करता ​है। ​यह ​दो ​पैरामीटर ​लेता ​है ​यह ​मूल
पृçठ Ǔनदȶͧशका/पेज डायरेÈटरȣ (
page directory)
​लेता ​है ​िजसे
proc point pgdir
​ɮवारा ​दशा[या ​जाता
है
;
​और ​मूल ​आकार ​िजसे
'sz'
​ɮवारा ​दशा[या ​गया ​है
,
​और ​इस ​फ़ंÈशन ​ɮवारा ​जो ​ͩकया ​जाता ​है ​वह ​नई
ĤͩĐयाओं ​पृçठ Ǔनदȶͧशका/पेज डायरेÈटरȣ (
page directory)
​के ​ͧलए ​एक ​सूचक ​है। ​अब ​हम ​बाद ​मɅ
èलाइड ​मɅ ​इस ​ͪवशेष ​काय[ ​को ​ͪवèतार ​से ​देखɅगे
,
​लेͩकन ​अब ​Úयान ​दɅ ​ͩक ​यǑद ​यह ​फ़ंÈशन ​ͪवफल ​रहता ​है
तो ​सब ​कुछ ​वापस ​कर ​Ǒदया ​जाता ​है। ​सबसे ​पहले
,
कनȶल èटैक
(kernel stack)
जो ​पहले ​आवंटन ​मɅ
आवंǑटत ​ͩकया ​गया ​है
,
​मुÈत ​हो ​जाता ​है
,
​और ​एनपी ​केèटैक
(np kstack)
​का ​मान
0
​पर ​सेट ​हो ​जाता ​है
और ​अवèथा ​को ​ͩफर ​से
UNUSED
​पर ​सेट ​ͩकया ​जाता ​है। ​याद ​रखɅ ​ͩक
Allocproc
​ने ​अवèथा ​को
EMBRYO , fork 1
​पर ​सेट ​कर ​Ǒदया ​था ​अब ​यहां ​अवèथा ​अĤयुÈत ​करने ​के ​ͧलए ​सेट ​है। ​ͩफर ​कम ​से ​कम
के ​साथ ​वापस ​जा ​रहा ​है। ​तो
,
​यह ​शूÛय
1
​उपयोगकता[ ​ĤͩĐया ​मɅ ​वापस ​भेजा ​गया ​है
,
​जो ​ĤͩĐया ​को ​फोक[
ͩकया ​गया ​था।
: 05:15)
(​èलाइडसमय ​का ​संदभ[ ​लɅ
फोक[ (
fork)
​काया[Ûवयन ​मɅ ​अगला ​कदम
parent
​के ​कुछ ​पैरामीटर ​को
child
​पर ​कॉपी ​करना ​है
;
​इन
चरणɉ ​मɅ ​सबसे ​मह×वपूण[ ​एक ​तीसरा ​åयिÈत ​है ​जहां
parent
​कȧ ​ĤͩĐया ​के ​पूरे
trapframe
​मɅ
child
ĤͩĐया ​के
trapframe
​पर ​कॉपी ​ͩकया ​जाता ​है। ​अब ​याद ​रखɅ ​ͩक
trapframe
​का ​उपयोग ​ͩकया ​जाता ​है ​या
बिãक ͩफर ​याद ​करɅ ​ͩक ​जब ​भी ​कोई ​हाड[वेयर ​बाधा ​उ×पÛन ​होती ​है ​या ​ͧसèटम ​कॉल ​आती ​है ​तो ​एक
trapframe
​बनाया ​जाता ​है।
: 05:46)
(​èलाइडसमय ​का ​संदभ[ ​लɅ
अगर ​हम ​यहां ​पर ​वापस ​जाते ​हɇ ​जब ​फोक[ ​ͧसèटम ​कॉल ​का ​आéवान ​ͩकया ​जाता ​है
,
​तो ​यह ​ऑपरेǑटंग
ͧसèटम ​को ​ǓनçपाǑदत ​करने ​के ​साथ -​साथ कनȶल èटैक
(kernel stack)
मɅ ​इस ​ĤͩĐया ​के ​ͧलए ​एक
trapframe trapframe , fork
​बनाने ​के ​ͧलए ​ǑĚगर ​करता ​है। ​अब ​का ​उपयोग ​ͩकया ​जाता ​है ​ताͩक ​जब
ͧसèटम ​कॉल ​ऑपरेǑटंग ​ͧसèटम ​मɅ ​ǓनçपाǑदत ​हो ​जाए ​तो ​यह ​इस ​ǒबंदु ​पर ​वापस ​आ ​जाएगा। ​अब
parent
कȧ ​ĤͩĐया ​के ​पूरे
trapframe
​को
child
​ĤͩĐया ​मɅ ​कॉपी ​करके
,
​यह ​अनुमǓत ​देगा ​ͩक
child
​कȧ ​ĤͩĐया ​भी
इस
point
​से ​ǓनçपाǑदत ​हो ​रहȣ ​है
;
​इस ​Ĥकार ​जब
child
​कȧ ​ĤͩĐया ​मɅ
fork
​लौटाता ​है
,
​तो
child
​कȧ ​ĤͩĐया
इस
point
​से ​ǓनçपाǑदत ​होगी। ​साथ ​हȣ
,
​याद ​रखɅ ​ͩक ​मूल ​ĤͩĐया ​के ​साथ -​साथ ​बाल ​ĤͩĐया ​के ​ǐरटन[ ​Ĥकारɉ
के ​बीच ​का ​अंतर ​यह ​है ​ͩक
child
​ĤͩĐया ​मɅ
pid value 0
​है
;
​जबͩक ​मूल ​ĤͩĐया ​मɅ
,
​यह ​एक ​मान ​है ​जो
0
​से
अͬधक ​है। ​तो
,
​हम ​आगे ​देखɅगे ​ͩक ​यह ​कैसे ​ĤाÜत ​ͩकया ​जाता ​है।
: 06:49)
(​èलाइडसमय ​का ​संदभ[ ​लɅ
इसͧलए ​अǓनवाय[ ​Ǿप ​से ​फोक[ (
fork)
​काया[Ûवयन ​मɅ
,
​हम ​देखते ​हɇ ​ͩक ​नई ​ĤͩĐया ​के ​जाल ​मɅ
""eax""
​का
मान
0
​पर ​सेट ​ͩकया ​गया ​है। ​इसͧलए
,
​यह ​सुǓनिæचत ​करेगा ​ͩक
child
​कȧ ​ĤͩĐया ​मɅ
,
​वापसी
fork
​का ​मूãय
0 child pid
​पर ​सेट ​ͩकया ​गया ​है। ​हम ​बाद ​मɅ ​देखɅगे ​ͩक ​मूल ​ĤͩĐया ​मɅ ​वापसी ​मूãय ​के ​पर ​कैसे ​सेट ​ͩकया
जाता ​है।
: 07:17)
(​èलाइडसमय ​का ​संदभ[ ​लɅ
fork , child
​काया[Ûवयन ​के ​इस ​Ǒहèसे ​मɅ ​अÛय ​चीजɉ ​को ​मूल ​ĤͩĐया ​से ​ĤͩĐया ​पर ​कॉपी ​ͩकया ​जाता ​है।
अÛय ​चीजɉ ​मɅ ​Ǔनçपादन ​योÊय ​नाम
, cwd
​शाͧमल ​है ​जो ​वत[मान ​काय[शील ​Ǔनदȶͧशका/ĤेजɅट वͩकɍ ग
डायरेÈटरȣ (present working directory) ​है ​और
parent
​से ​फ़ाइल पॉइंटस[ (
file pointers)
​कȧ ​ĤǓत
है।
: 07:33)"
14,1,"(​èलाइडसमय ​का ​संदभ[ ​लɅ
अब ​जब
child
​कȧ ​ĤͩĐया ​के ​ͧलए ​Ĥो ​èĚÈचर ​पूरȣ ​तरह ​से ​भर ​जाती ​है
,
​तो ​अवèथा ​को
EMBRYO
​से
मɅ
RUNNABLE​ ​बदल ​Ǒदया ​जाता ​है। ​इसͧलए , ​अवèथा ​को ​चलाने ​योÊय ​बनाने ​के ​ͧलए ​यह ​इंͬगत ​करेगा
ͩक ​एक ​शेɬयूलर ​वाèतव ​मɅ ​इस
child
​कȧ ​ĤͩĐया ​का ​चयन ​कर ​सकता ​है ​और ​इसे
CPU
​मɅ ​आवंǑटत ​कर
सकता ​है। ​इस ​Ĥकार
child
​ĤͩĐया
CPU
​पर ​कोड ​चलाने ​और ​ǓनçपाǑदत ​करने ​मɅ ​स¢म ​होगी।
: 07:58)","(​èलाइडसमय ​का ​संदभ[ ​लɅ
फोक[ (
fork)
​काया[Ûवयन ​से ​वापसी
PID
​है
, pid
​का ​मूãय ​यहां ​पर ​सेट ​है। ​तो
,
​अǓनवाय[ ​Ǿप ​से
pid
​एनपी
PID pid value pid value parent fork
​है ​ͩक ​यह ​बाल ​ĤͩĐया ​का ​है। ​और ​यह ​ĤͩĐया ​मɅ ​कȧ ​वापसी ​के ​Ǿप
मɅ ​जाता ​है। ​इस ​Ĥकार
,
​उपयोगकता[ ​कȧ ​जगह ​मɅ ​मूल ​ĤͩĐया ​मɅ
, fork
​बाल ​ĤͩĐया ​के
pid value
​के ​साथ
वापस ​आ ​जाएगा
,
​जबͩक ​हमने ​इस ​ĤͩĐया ​मɅ
child
​कȧ ​ĤͩĐया ​मɅ ​यहां ​देखा ​है
, fork 0
​के ​मान ​के ​साथ
वापस ​आ ​जाएगा
: 08:35)
(​èलाइडदेखɅ ​समय
जब
CPU
​रिजèटरɉ ​कȧ ​बात ​आती ​है
,
​तो
child
​कȧ ​ĤͩĐया ​मɅ ​सभी ​रिजèटर ​मूãय ​दो ​रिजèटरɉ ​को ​छोड़कर
, eax , child
मूल ​ĤͩĐया ​के ​समान ​होते ​हɇ। ​जैसा ​ͩक ​हमने ​पहले ​देखा ​है ​एक ​रिजèटर ​है। ​इसͧलए ​कȧ ​ĤͩĐया
मɅ
eax
​रिजèटर
0
​पर ​सेट ​ͩकया ​जाता ​है ​ताͩक ​जब
fork
​लौटाता ​है
,
​तो ​यह
child
​कȧ ​ĤͩĐया ​मɅ
0
​के ​मान
के ​साथ ​आता ​है। ​और ​अÛय ​चीज ​जो
child
​ĤͩĐया ​मɅ ​बदल ​जाती ​है ​वह
eip
​या Ǔनदȶश सूचक/इंèĚÈशन
पॉइंटर
(instruction pointer)
है। ​तो Ǔनदȶश सूचक/इंèĚÈशन पॉइंटर
(instruction pointer) forkret
पर ​सेट ​है ​जो ​एक ​ऐसा ​काय[ ​है ​िजसे ​ͪवशेष ​Ǿप ​से
child
​ĤͩĐया ​ɮवारा ​ǓनçपाǑदत ​ͩकया ​जाता ​है
,
​न ​ͩक
parent , forkret, xv6
​ɮवारा। ​तो ​कोड ​मɅ ​एक ​फ़ंÈशन ​है ​जैसा ​आप ​देख ​सकते ​हɇ।
: 09:25)
(​èलाइडसमय ​का ​संदभ[ ​लɅ
अब
,
​हम ​एिÊजट ​ͧसèटम ​कॉल
(exit system call)
के आंतǐरक ​को ​याद ​करɅगे। ​इसͧलए
,
​जब ​एक
exit
ͧसèटम ​कॉल ​ǓनçपाǑदत ​हो ​जाता ​है
,
​तो ​ये ​छह ​चीजɅ ​हɇ ​जो ​ऑपरेǑटंग ​ͧसèटम ​के ​अंदर ​होती ​हɇ। ​अǓनवाय[
Ǿप ​से
,
​सभी ​खुलȣ ​फ़ाइलɉ ​कȧ ​उपयोग ​गणना ​मɅ ​कमी ​होगी। ​इसके ​अलावा
,
​यǑद ​उपयोग ​कȧ ​गणना
0
​पर
जाती ​है ​तो ​फ़ाइल ​बंद ​हो ​जाती ​है। ​दूसरा
,
​सभी ​इन -​मेमोरȣ
inodes
​के ​संदभ[ ​मɅ ​एक ​बूंद ​है। ​तीसरा
, parent
कȧ ​ĤͩĐया ​मɅ ​एक ​जागǾकता ​संकेत ​भेजा ​गया ​है
;
​अǓनवाय[ ​Ǿप ​से
,
​यǑद
parent
​कȧ ​िèथǓत ​सो
रहȣ/èलȣͪपंग ( sleeping​)​ ​है ​तो
parent
​को ​चलाने ​योÊय ​बनाया ​जाता ​है। ​इसकȧ ​आवæयकता ​Èयɉ ​है
?
अǓनवाय[ ​Ǿप ​से ​इसकȧ ​आवæयकता ​है ​Èयɉͩक ​एक ​अͧभभावक ​Ĥणालȣ, ​Ĥती¢ा ​कॉल ​के ​कारण ​सो ​रहा ​है
और ​इसͧलए
,
​इसे ​चलाने ​योÊय ​यह ​सुǓनिæचत ​करेगा ​ͩक वेट ͧसèटम कॉल
(wait system call)
अनÞलॉक
हो ​जाए। ​चौथा ​मुɮदा ​यह ​है ​ͩक ​बाहर ​Ǔनकलने ​कȧ ​ĤͩĐया ​मɅ ​कमी ​आएगी
,
​याद ​रखɅ ​ͩक ओएस
(OS)
ɮवारा
बनाई ​गई ​पहलȣ ​ĤͩĐया
init
​है। ​इसͧलए ​बाहर ​Ǔनकलने ​कȧ ​ĤͩĐया ​बाहरȣ ​ĤͩĐया ​के ​सभी
child
​को
अपनाने ​के ​ͧलए ​बनाई ​जाती ​है
,
​और ​बाहर ​Ǔनकलने ​कȧ ​ĤͩĐया ​को
ZOMBIE state
​नामक ​अवèथा ​मɅ
èथाͪपत ​ͩकया ​जा ​रहा ​है।
ZOMBIE
​को ​अवèथा ​कȧ ​यह ​सेǑटंग ​का ​उपयोग ​ͩकया ​जाता ​है
,
​ताͩक
parent
​कȧ
ĤͩĐया ​तब ​Ǔनधा[ǐरत ​करेगी ​ͩक ​इसकȧ
child
​ĤͩĐयाओं ​मɅ ​से ​एक ​बाहर ​Ǔनकल ​रहा ​है। ​इसͧलए
,
​हम ​Ĥती¢ा
Ĥणालȣ ​कॉल ​मɅ ​इस ​पर ​और ​अͬधक ​देखɅगे। ​और ​आͨखरकार ​यह ​शेɬयूलर ​मɅ ​एक ​संदभ[ ​िèवच ​को ​मजबूर
करने ​जा ​रहा ​है।
: 11:00)"
14,2,"(​èलाइडसमय ​का ​संदभ[ ​लɅ
हम ​अगलȣ ​Ĥती¢ा ​Ĥणालȣ ​कॉल ​देखɅगे। ​याद ​रखɅ ​ͩक ​जब
parent
​मɅ ​Ĥती¢ा ​Ĥणालȣ ​कॉल ​लागू ​कȧ ​जाती ​है
,
तब ​तक ​इसे ​अवǽɮध ​ͩकया ​जा ​रहा ​है ​जब ​तक ​ͩक ​उसके ​ͩकसी
child
​कȧ ​ĤͩĐया ​समाÜत ​न ​हो ​जाए।
इसͧलए
,
​यǑद ​कोई
child
​Ǔनकलता ​है ​तो ​उसे ​अवǽɮध ​करना ​जारȣ ​रहेगा। ​दूसरȣ ​तरफ
,
​यǑद
parent
​कȧ
ĤͩĐया ​मɅ ​कोई
child
​नहȣं ​है
,
​तो ​यह ​शूÛय ​से
1
​के ​साथ ​वापस ​आ ​जाएगा। ​अब ​हम ​Ĥती¢ा ​Ĥणालȣ ​कॉल ​के
आंतǐरक को देखɅगे।
: 11:30)","(​èलाइडसमय ​का ​संदभ[ ​लɅ
तो ​यह
xv6
​ऑपरेǑटंग ​ͧसèटम ​मɅ ​Ĥती¢ा ​Ĥणालȣ ​कॉल ​का ​काया[Ûवयन ​है। ​इसͧलए
,
​यह ​ͧलिèटंग
xv6
​İोत
कोड ​कȧ
proc dot c
​फ़ाइल ​से ​ĤाÜत ​कȧ ​जाती ​है। ​अǓनवाय[ ​Ǿप ​से
,
​आप ​देखɅगे ​ͩक ​इसमɅ ​एक ​अनंत ​लूप ​है
जो ​अध[ͪवराम ​अध[ͪवराम
(: : /semicolon semicolon)
​के ​ͧलए ​है ​जो ​इस ​ǒबंदु ​पर ​शुǾ ​होता ​है ​और
समाÜत ​होता ​है। ​तो
,
​इस ​ͪवशेष ​अनंत ​लूप ​के ​भीतर
,
​लूप ​के ​ͧलए ​एक ​भीतरȣ ​है ​जो ​यहां ​से ​यहां ​है। ​तो
,
अǓनवाय[ ​Ǿप ​से ​लूप ​के ​ͧलए ​यह ​भीतरȣ
ptable
​के ​माÚयम ​से ​पारदशȸ ​है। ​तो
,
​याद ​रखɅ ​ͩक
ptable procs
कȧ ​एक ​सरणी ​है
;
​और
xv6
ओएस
(OS)
मɅ ​कुछ अवèथाओं
(states)
मɅ ​मौजूद ​Ĥ×येक ​ĤͩĐया ​मɅ
ptable
​मɅ
एक ​Ĥͪविçट ​है। ​तो
, ptable
​के ​सभी ​त×वɉ ​के ​माÚयम ​से ​पास[ ​करके
,
​यह ​ͪवशेष ​लूप ​इस ​ͪवशेष ​त×काल ​मɅ
xv6
ओएस
(OS)
मɅ ​मौजूद ​Ĥ×येक ​ĤͩĐया ​को ​जांचने ​मɅ ​स¢म ​होगा। ​तो ​पहलȣ ​जांच ​यह ​है ​ͩक ​यह ​पता
लगाने ​के ​ͧलए ​है ​ͩक ​वत[मान
proc ptable
​मɅ ​इस ​ͪवशेष ​Ĥͪविçट ​का ​अͧभभावक ​है
,
​जो ​पी (p) ​है। ​तो
,
​यह
पता ​चल ​जाएगा ​ͩक ​वत[मान
proc
​िजसने ​Ĥती¢ा ​कȧ ​है
,
​वह
p
​का
parent
​है। ​यǑद ​यह
parent
​नहȣं ​है ​तो
यह ​अभी ​भी ​जारȣ ​है
;
​अÛयथा ​यह ​यहां ​आता ​है। ​इसͧलए
,
​इस ​ͪवशेष ​ǒबंदु ​पर
,
​काया[Ûवयन ​मɅ
,
​हम ​यह
सुǓनिæचत ​कर ​रहे ​हɇ ​ͩक
p
उस ĤͩĐया ​का ​एक ​बÍचा/चाइãड (child) ​है ​िजसने
fork
​लगाया ​है। ​अगलȣ
जांच
p
​कȧ ​िèथǓत ​Ǔनधा[ǐरत ​करने ​के ​ͧलए ​है। ​इसͧलए
,
​यǑद ​अवèथा
ZOMBIE
​होने ​लगता ​है
,
​तो ​यह ​इंͬगत
करता ​है ​ͩक
child
​ĤͩĐया ​समाÜत ​हो ​गई ​है
,
​और ​इसͧलए
,
​यǑद ​यह ​िèथǓत ​हो ​तो ​यह ​ͪवशेष ​Ǿप ​से ​Ĥवेश
करेगी ​और ​यह ​ͪवͧभÛन
freeing
​करेगी ​जैसे ​ͩक ​यह कनȶल èटैक
(kernel stack)
को ​मुÈत ​करने ​जा ​रहा
है
,
​अवèथा ​को ​सेट ​करɅ ​अĤयुÈत
, 0
​को
pid
​सेट ​करɅ
,
​और ​इसी ​तरह। ​वापसी ​यह ​है ​ͩक ​इस ​ǒबंदु
,
​तो ​इसके
पǐरणामèवǾप ​अनंत ​लूप ​का ​Ħेक ​होगा ​और ​इसके ​पǐरणामèवǾप ​बाहर ​Ǔनकलने ​का ​इंतजार ​होगा ​और
वापसी
pid
​होगी
;
​अǓनवाय[ ​Ǿप ​से
pid child
​ĤͩĐया ​के
pid value
​है।
: 14:00)
(​èलाइडसमय ​का ​संदभ[ ​लɅ
तो
,
​आपने ​दो ​चीजɅ ​देखी ​हɉगी
;
​सबसे ​पहले ​बाहर ​Ǔनकलने ​वाले
child
​का ​कनȶल ​ढेर/èटैक
(kernel stack)
साफ़ ​हो ​जाता ​है ​या ​इस ​ͪवशेष ​ǒबंदु ​पर ​मुÈत ​ͩकया ​जाता ​है
,
​दूसरे ​बÍचे/चाइãड (child) ​से ​संबंͬधत ​पृçठ
Ǔनदȶͧशका/पेज डायरेÈटरȣ (
page directory)
​इस ​ͪवशेष ​कथन ​पर ​मुÈत ​होती ​है। ​इसͧलए
,
​इस ​बÍचे ​को
èटैक ​के ​साथ -​साथ ​पेज ​Ǔनदȶͧशका ​को ​मुÈत ​करने ​से
parent
​कȧ ​ĤͩĐया ​को ​बाहर ​Ǔनकलने ​वाले
child
​कȧ
ĤͩĐया ​मɅ ​देखने ​कȧ ​अनुमǓत ​ͧमल ​जाएगी। ​इसͧलए
,
​यह
child
​ĤͩĐया ​कȧ ​बेहतर ​डीबͬगंग ​सुͪवधाओं ​को
स¢म ​बनाता ​है। ​उदाहरण ​के ​ͧलए
,
​यǑद
child
​दुघ[टनाĒèत ​हो ​जाता ​है ​तो
parent
​कȧ ​ĤͩĐया ​ढेर ​के
साथ -​साथ ​पृçठ ​Ǔनदȶͧशका
,
​और ​इसͧलए
child
​ĤͩĐया ​के ​भौǓतक ​पृçठɉ ​मɅ ​देख ​सकती ​है ​और ​हम
child
​कȧ
ĤͩĐया ​के ​बारे ​मɅ ​जानकारȣ ​ĤाÜत ​करने ​मɅ ​स¢म ​हɉगे ​दुघ[टनाĒèत ​हो ​गया।
: 14:54)
(​èलाइडसमय ​का ​संदभ[ ​लɅ
आगे के ͧलए ​पूरे ​लूप ​के ​दौरान
,
​अगर ​हमɅ ​ͩकसी ​ͪवशेष ​ĤͩĐया ​के ​ͧलए ​कोई
child
​नहȣं ​ͧमला ​है ​तो ​हम
केवल ​शूÛय
1
​लौटाएंगे। ​तो
,
​wait​ ​ͩफर ​से ​उपयोगकता[ ​ĤͩĐया ​पर ​वापस ​आ ​जाएगी
,
​लेͩकन ​माइनस एक
(-1) .
​के ​मूãय ​के ​साथ
: 15:10)"
14,3,"(​èलाइडसमय ​का ​संदभ[ ​लɅ
तो
,
​Ǔनçपादन ​इस ​ͪवशेष ​पंिÈत ​मɅ ​आता ​है ​जो
sleep
​है
,
​जब ​हमारे ​पास ​एक ​बाल ​ĤͩĐया ​है ​जो
ZOMBIE
state
​मɅ ​नहȣं ​है। ​तो
,
​इस ​तरह ​के ​मामले ​मɅ ​यह ​Ĥती¢ा ​कथन ​तब ​तक ​èलȣप मɅ है ​जब ​तक ​ͩक ​यह ​बाहर
Ǔनकलने ​वाले
child
​ɮवारा ​जागृत ​न ​हो ​जाए।
: 15:28)","(​èलाइडसमय ​का ​संदभ[ ​लɅ
तो ​अब ​हम
exec
​ͧसèटम ​कॉल ​के ​आंतǐरक को देखɅगे। ​याद ​रखɅ ​ͩक
exec
​ͧसèटम ​कॉल ​एक ​ĤोĒाम ​को
,
èमृǓत ​मɅ ​लोड ​करेगा ​और ​ͩफर ​इसे ​ǓनçपाǑदत ​करेगा। ​इस ​ͪवशेष ​कोड ​मɅ ​ͪवͧशçट ​मूल ​ĤͩĐया ​फोक[
ͧसèटम ​कॉल ​का ​आéवान ​करेगी ​िजसके ​पǐरणामèवǾप
child
​ĤͩĐया ​बनाई ​जायेगी। ​इस ​ͪवशेष ​उदाहरण
मɅ
child
​ĤͩĐया ​Ǔनçपादन ​Ĥणालȣ ​कॉल ​ǓनçपाǑदत ​करेगी
;
​और ​नतीजतन
,
​यह ​ͧसèटम ​मɅ ​एक ​नया
काय[Đम ​ǓनçपाǑदत ​ͩकया ​जाएगा। ​इस ​ͪवशेष ​उदाहरण ​मɅ
,
​नया ​ĤोĒाम
'ls'
​ĤोĒाम ​है
,
​जो ​वत[मान
Ǔनदȶͧशका ​मɅ ​सभी ​फाइलɉ ​को ​सूचीबɮध ​करता ​है। ​अब
, 'ls'
​एक ​Ǔनçपादन ​योÊय ​है। ​इसमɅ ​एक ​वत[मान
ĤाǾप ​है ​जो
ELF
​ĤाǾप ​या ​Ǔनçपादन -​योÊय ​ͧलंकर ​ĤाǾप
(Executable Linker Format)
​के ​Ǿप ​मɅ ​जाना
जाता ​है। ​इसͧलए
,
​यह ​ͪवशेष ​ĤाǾप ​ऑपरेǑटंग ​ͧसèटम ​के ​भीतर ​Ǔनçपादन ​ͧसèटम ​कॉल ​ɮवारा ​आंतǐरक
Ǿप ​से ​åयाÉया ​ͩकया ​गया ​है ​और ​यह ​ĤाǾप ​अǓनवाय[ ​Ǿप ​से ​समझा ​जाता ​है ​और
load ‘ls’
को हाड[ ​ͫडèक से
RAM
​मɅ लोड ​करने ​के ​ͧलए ​उपयोग ​ͩकया ​जाता ​है।
: 16:41)
(​èलाइडसमय ​का ​संदभ[ ​लɅ
तो ​देखते ​हɇ ​ͩक
ELF
​ĤाǾप ​मɅ ​वाèतव ​मɅ ​Èया ​मौजूद ​है। ​इसͧलए
,
​हर ​बार ​जब ​हम ​वाèतव ​मɅ ​ͩकसी ​ĤोĒाम
को ​संकͧलत ​या ​ͧलंक ​करते ​हɇ
,
​तो ​यह ​एक
ELF
​Ǔनçपादन -​योÊय/एÈसेÈयुटेबल ( executable​)​ ​या
ELF
ऑÞजेÈट ​बनाता ​है। ​उदाहरण ​के ​ͧलए
,
​उदाहरण ​के ​साथ ​हमने ​यह ​ͧलया
-
​èलैश ​ǒबन ​èलैश ​एलएस
,
​यह
एक
ELF
​Ǔनçपादन ​योÊय ​है। ​इसͧलए
,
​यहां ​एक ​ĤाǾप ​Ǒदखाया ​गया ​है
,
​इसͧलए ​कम ​से ​कम ​यह ​ĤाǾप ​का
Ǒहèसा ​है
,
​और ​ĤाǾप ​के ​बारे ​मɅ ​अͬधक ​जानकारȣ ​इन ​ͪवशेष ​संदभɟ ​से ​ĤाÜत ​कȧ ​जा ​सकती ​है। ​अब ​हम ​Èया
करɅगे
,
​हम ​इस ​ईएलएफ
(ELF)
​Ǔनçपादन ​योÊय ​के ​कुछ ​मह×वपूण[ ​घटकɉ ​से ​गुज़रɅगे
,
​और ​देखɅ ​ͩक ओएस
(OS)
​पǐरĤेêय ​से ​यह ​हमारे ​ͧलए ​उपयोगी ​कैसे ​होगा।
: 17:19)"
14,4,"(​èलाइडसमय ​का ​संदभ[ ​लɅ
तो
,
​हम
ELF
​हेडर ​से ​शुǾ ​करɅगे।
ELF
​हेडर ​मɅ ​ͪवͧभÛन ​पैरामीटर ​होते ​हɇ ​और ​ये ​मौजूद ​कुछ ​पैरामीटर ​हɇ। ​तो
ELF ,
​हेडर ​पहचानकता[ ​के ​साथ ​शुǾ ​होता ​है। ​तो ​यह ​पहचानकता[ ​अǓनवाय[ ​Ǿप ​से ​एक ​जादू ​संÉया ​है
िजसका ​उपयोग ​यह ​पहचानने ​के ​ͧलए ​ͩकया ​जाता ​है ​ͩक ​यह ​फ़ाइल ​वाèतव ​मɅ ​एक
ELF
​फ़ाइल ​है ​या ​नहȣं।
, ELF ,
दूसरा ​ऐसा ​Ĥकार ​है ​िजससे ​एक ​Ĥकार ​यह ​फ़ाइल ​का ​Ĥकार ​बताएगा ​इसͧलए ​इस ​Ĥकार ​का ​Ǔनçपादन
योÊय ​या ​èथानांतǐरत ​करने ​योÊय ​ऑÞजेÈट ​या ​साझा ​ऑÞजेÈट ​या ​कोर ​फ़ाइल ​का ​मूãय ​होगा ​और ​इसी
तरह। ​एक ​और ​मह×वपूण[ ​Ĥͪविçट ​मशीन ​ͪववरण ​है। ​तो ​यह ​इस ​बारे ​मɅ ​जानकारȣ ​बताएगा ​ͩक ​यह
ELF
Ǔनçपादन ​योÊय ​है ​या
ELF
​ऑÞजेÈट ​ͩकसी ​Ǔनिæचत ​मशीन ​पर ​चल ​सकता ​है ​या ​नहȣं। ​उदाहरण ​के ​ͧलए
,
ELF i386, x86_64, ARM, MIPS
​इस ​मशीन ​के ​ͪववरण ​मɅ ​आǑद ​जैसे ​मूãय ​हो ​सकते ​हɇ। ​ͩफर ​हमारे ​पास
ELF ,
​हेडर ​मɅ ​एंĚȣ ​वैãयू ​है ​यह ​एंĚȣ ​वैãयू ​उस ​वचु[अल ​एĜेस ​को ​बताएगा ​िजस ​पर ​ĤोĒाम ​को ​ǓनçपाǑदत
करना ​शुǾ ​करना ​चाǑहए। ​तो
,
​इसके ​अलावा ​हमारे ​पास ​ĤोĒाम ​हेडर ​के ​ͧलए ​एक ​पॉइंटर ​है
,
​ĤोĒाम ​हेडर ​कȧ
संÉया ​मौजूद ​है
,
​सेÈशन ​हेडर ​पर ​पॉइंटर ​और ​सेÈशन ​हेडर ​कȧ ​संÉया ​मौजूद ​है। ​तो
,
​हम ​बाद ​मɅ ​èलाइड ​मɅ
इसके ​बारे ​मɅ ​और ​अͬधक ​देखɅगे।
: 18:44)","(​èलाइडसमय ​का ​संदभ[ ​लɅ
तो ​आइए ​पहले ​हम ​एक ​उदाहरण ​के ​साथ ​शुǾ ​करɅ। ​तो ​चͧलए ​सी
(‘C’)
​मɅ ​ͧलखे ​गए ​हमारे ​हैलो ​वãड[ ​ĤोĒाम
का ​यह ​ͪवशेष ​उदाहरण ​लɅ
,
​और ​हम ​इसे ​कम ​से ​कम सी
(‘C’)
ͪवकãप ​के ​साथ ​संकͧलत ​करते ​हɇ। ​तो
,
​जब
आप
gcc hello dot c minus c
​कहते ​हɇ
,
​तो ​यह ​ऑÞजेÈट ​फ़ाइल ​हैलो ​डॉट ​ओ ​बनाता ​है। ​तो
,
​यह ​एक
ईएलएफ ​ऑÞजेÈट ​है
,
​ͩफर ​हम ​ऑÞजेÈट ​फ़ाइल ​हैलो ​डॉट ​ओ ​के ​साथ ​एक ​ͪवकãप
minus h
​के ​साथ ​एक
उपयोͬगता ​को ​èवयं ​पढ़ते ​हɇ। ​तो ​माइनस ​एच ​ͪवकãप
ELF
​हेडर ​ͪĤंट ​करेगा। ​तो
,
​यह
ELF
​हेडर ​है
,
​इसͧलए
इसमɅ ​एक ​जादू ​संÉया ​है ​जो ​अǓनवाय[ ​Ǿप ​से ​पहचानकता[ ​है ​और ​इसका ​उपयोग ​इस ​ͪवशेष ​ऑÞजेÈट ​फ़ाइल
को ​ͩकसी ​अÛय ​फ़ाइल ​से ​अलग ​करने ​के ​ͧलए ​ͩकया ​जाता ​है। ​इसͧलए
,
​यह ​कहने ​के ​ͧलए ​Ĥयोग ​ͩकया ​जाता
है ​ͩक ​यह ​ͪवशेष ​ऑÞजेÈट ​फ़ाइल ​वाèतव ​मɅ ​एक
ELF
​फ़ाइल ​है। ​ͩफर ​एक ​और ​चीज ​िजसे ​हमने ​देखा ​है ​वह
ELF ,
​हेडर ​का ​Ĥकार ​है ​जो ​उदाहरण ​के ​ͧलए ​एक ​èथानापÛन ​वèतु ​हो ​सकता ​है ​और ​इसी ​तरह। ​तो ​यह ​इस
ͪवशेष ​उदाहरण ​मɅ
,
​चूंͩक ​हमने ​एक ​हैलो ​डॉट ​ओ ​का ​उपयोग ​करके ​एक ​डॉट ​का ​उपयोग ​ͩकया ​है
,
​जो ​एक
ऑÞजेÈट ​फ़ाइल ​है
,
​यह ​एक ​èथानापÛन ​ऑÞजेÈट ​फ़ाइल ​है ​और ​आप ​इसे ​वाèतव ​मɅ
REL
​पर ​देख ​सकते ​हɇ
जो ​एक ​èथानापÛन ​ऑÞजेÈट ​फ़ाइल ​है। ​और ​एक ​और ​चीज ​मशीन ​ͪववरण ​है
,
​जो ​यहां ​इस ​मामले ​मɅ ​मशीन
के ​Ǿप ​मɅ ​ǓनǑद[çट ​है
,
​यह
AMD x86-64
​है। ​तो
,
​जो ​इंͬगत ​करता ​है ​ͩक ​यह ​ऑÞजेÈट ​फ़ाइल
x86-64
​ǒबट
मशीनɉ ​के ​ͧलए ​है
,
​तो ​हमने ​देखा ​है ​ͩक ​इस ​मामले ​मɅ ​एंĚȣ ​पॉइंट
0
​है। ​इसͧलए
,
​हमने ​जो ​अÛय ​चीजɅ ​देखी ​हɇ
वह ​ĤोĒाम ​हेडर ​कȧ ​शुǽआत ​है ​जो
0
​है (​फ़ाइल के बाइɪस
),
​यह ​ĤोĒाम ​हेडर ​के ​ͧलए ​एक सूचक/पॉइंटर
(pointer) 0
​है। ​और ​हमने ​देखा ​है ​ͩक ​इस ​ͪवशेष ​ऑÞजेÈट ​फ़ाइल ​मɅ ​ĤोĒाम ​हेडर ​कȧ ​संÉया ​है। ​अÛय ​दो
पहलुओं ​मɅ ​सेÈशन ​हेडर ​और ​सेÈशन ​हेडर ​कȧ ​संÉया ​है। ​तो ​सेÈशन ​हेडर ​का ​पॉइंटर ​सेÈशन ​हेडर ​का ​Ĥारंभ
है यह
368
है
,
​और ​सेÈशन ​हेडर ​कȧ ​संÉया
13
​है। ​इसͧलए
,
​इस ​तरह
,
​हम ​वाèतव ​मɅ
ELF
​हेडर ​कȧ ​ͪवͧभÛन
सामĒी ​देख ​सकते ​हɇ।
: 20:49)
(​èलाइडसमय ​का ​संदभ[ ​लɅ
अब
,
​हम ​सेÈशन ​हेडर ​के ​बारे ​मɅ ​ͪवèतार ​से ​देखɅगे
,
​इसͧलए ​सेÈशन ​हेडर ​कȧ ​सूची ​ĤाÜत ​करने ​के ​ͧलए ​आप
रȣडइलफ ​माइनस ​एस ​हैलो ​डॉट ​ओ
(readelf minus S hello dot o)
​का ​उपयोग ​कर ​सकते ​हɇ
,
​जो ​सभी
सेÈशन ​हेडर ​ͪĤंट ​करेगा ​èथानापÛन ​वèतु ​मɅ ​मौजूद ​हैलो ​डॉट ​ओ (
hello dot
o​)। ​तो
,
​यह ​वाèतव ​मɅ ​यहां
Ǒदखाया ​गया ​है। ​इसͧलए
,
​हम ​इसके ​बारे ​मɅ ​बहुत ​अͬधक ​जानकारȣ ​नहȣं ​दɅगे ​Èयɉͩक ​हमारे ​ͧलए ​बहुत ​कुछ
, ,
लागू ​नहȣं ​है ​लेͩकन ​केवल ​ͪवͧभÛन ​कॉलम ​के ​बारे ​मɅ ​èपçटȣकरण ​दɅ। ​तो ​यह ​ͪवशेष ​èतंभ ​जो ​यहां ​पर ​दूसरा
èतंभ ​है
,
​अनुभागɉ ​का ​नाम ​है
,
​जबͩक ​तीसरा ​कॉलम ​आपको ​अनुभागɉ ​का ​Ĥकार ​देता ​है। ​तो ​यह ​Ĥकार ​इनमɅ
से ​एक ​हो ​सकता ​है
,
​ये
PROGBITS
​हɇ ​जो ​ĤोĒाम ​ɮवारा ​पǐरभाͪषत ​सूचना ​है
, SYMTAB
​जो ​एक ​Ĥतीक
ताͧलका ​है
, NULL
​या
NOBITS
​अǓनवाय[ ​Ǿप ​से ​वह ​अनुभाग ​है ​िजसमɅ ​कोई ​ǒबɪस ​नहȣं ​है
,
​और
RELA
​जो
एक ​èथानापÛन ​ताͧलका ​है। ​ͩफर ​हमारे ​पास ​यह ​पता ​है ​जो ​अनुभाग ​को ​लोड ​ͩकया ​जाना ​चाǑहए
,
​जहां
, 0 (a dot o) ,
वचु[अल ​पता ​है। ​इस ​ͪवशेष ​मामले ​मɅ ​यह ​सभी ​है ​Èयɉͩक ​यह ​एक ​डॉट ​ओ ​फ़ाइल ​है ​यह ​एक
ऑÞजेÈट ​फ़ाइल ​है ​और ​इसे ​èथानांतǐरत ​ͩकया ​जा ​सकता ​है। ​ͩफर ​यहां ​आपके ​पास ​ऑफ़सेट ​और ​अनुभागɉ
का ​आकार ​है
,
​जबͩक ​यहां ​टेबल ​होने ​पर ​आपके ​पास ​टेबल ​आकार ​है ​तो ​आपके ​पास ​शूÛय -​शूÛय ​मान ​है
;
हालांͩक
,
​यǑद ​कोई ​ताͧलका ​मौजूद ​नहȣं ​है ​तो ​आपके ​पास
0
​मान ​है।
: 22:11)
(​èलाइडसमय ​का ​संदभ[ ​लɅ
इसके ​बाद
,
​हम ​ĤोĒाम ​हेडर ​सामĒी ​को ​देखɅगे
,
​इसͧलए ​ĤोĒाम ​हेडर ​मɅ ​कई ​पैरामीटर ​भी ​हɇ ​जैसे ​ĤोĒाम ​हेडर
के ​Ĥकार
,
​ऑफ़सेट
,
​आभासी ​पता ​अǓनवाय[ ​Ǿप ​से ​वचु[अल ​एĜेस ​जहां ​सेगमɅट ​कȧ ​ज़Ǿरत ​है ​लोड ​होने ​के
ͧलए
,
​और ​आपके ​पास ​एपी ​एĜेस ​ऑफ़सेट
(a p address offset)
​है ​िजसे ​अǓनवाय[ ​Ǿप ​से ​अनदेखा ​ͩकया
जाता ​है।
: 22:34)
(​èलाइडसमय ​का ​संदभ[ ​लɅ
तो
,
​हमारे ​हैलो ​वãड[ ​ĤोĒाम ​के ​ͧलए ​ĤोĒाम ​हेडर ​ĤाÜत ​करने ​के ​ͧलए
,
​इसͧलए ​हम
readelf
​ऋण ​एल ​हैलो
(​readelf
minus l
hello​)​ ​का ​उपयोग ​करते ​हɇ। ​तो ​Úयान ​दɅ ​ͩक
,
​हम ​यहां ​पर ​Ǔनçपादन ​योÊय ​दे ​रहे ​हɇ
,
​न ​ͩक
ऑÞजेÈट। ​तो ​ये ​वे ​पैरामीटर ​हɇ ​जो ​ĤोĒाम ​हेडर ​से ​संबंͬधत ​मुǑġत ​हɇ। ​इसͧलए
,
​अǓनवाय[ ​Ǿप ​से ​हमारे ​पास
हेडर
,
​ऑफ़सेट
,
​वचु[अल ​एĜेस ​का ​Ĥकार ​है ​जहां ​इसे ​लोड ​ͩकया ​जाना ​चाǑहए
,
​भौǓतक ​पता
,
​मेमोरȣ ​आकार
और flags​ ।
: 23:05)
(​èलाइडसमय ​का ​संदभ[ ​लɅ
अब ​जब ​हमɅ
ELF
​Ǔनçपादन ​योÊय ​फाइलɉ ​और ​Ǔनçपादन
elf
​ऑÞजेÈɪस ​के ​बारे ​मɅ ​कुछ
पता ​है। ​अǓनवाय[ ​Ǿप ​से ​वे ​कैसे ​संĒहȣत ​ͩकए ​जाते ​हɇ ​और
elf
​छͪवयɉ ​के ​ͪवͧभÛन ​घटक
,
हम ​यह ​देखने ​के ​ͧलए ​सुसिÏजत ​हɇ ​ͩक xv6​ ओएस (
OS)
​मɅ ​Ǔनçपादन ​ͧसèटम ​कॉल ​कैसे
काया[िÛवत ​ͩकया ​जाता ​है। ​तो
,
​यह ​वाèतव ​मɅ ​यहां ​पर ​सूचीबɮध ​है। ​और ​आप ​इसे ​इस
ͪवशेष ​फ़ाइल ​मɅ
xv6
​İोत ​कोड ​मɅ ​भी ​देख ​सकते ​हɇ
,
​जो
exec dot
c​। ​तो
,
​èलाइड ​मɅ ​भी
Ǒदखाया ​गया ​वचु[अल ​मेमोरȣ ​मैप ​है। ​तो
,
​याद ​रखɅ ​ͩक ​Ǔनçपादन ​ͧसèटम ​कॉल ​को ​बाल/चाइãड
(child) ,
​ĤͩĐया ​ɮवारा ​बुलाया ​जाता ​है। ​तो ​सबसे ​पहले ​एक ​मूल ​ĤͩĐया ​है ​जो ​फोक[ ​और
बाल ​ĤͩĐया ​मɅ
,
​ǓनçपाǑदत ​ͧसèटम ​कॉल ​िजसे ​बुलाया ​जाता ​है। ​इसͧलए
,
​जब
child
​कȧ
ĤͩĐया ​फोͩकɍ ग ​ɮवारा ​बनाई ​जाती ​है
,
​तो ​वचु[अल ​मेमोरȣ ​मैप ​होता ​है ​जो ​ͩक
child
​कȧ
ĤͩĐया ​के ​ͧलए ​बनाया ​जाता ​है। ​और ​जैसा ​ͩक ​हमने ​देखा ​है ​ͩक ​इस ​वचु[अल ​मेमोरȣ ​मैप ​के
शीष[ ​आधा ​या ​शीष[ ​¢ेğ ​¢ेğɉ ​मɅ ​कनȶल ​कोड ​शाͧमल ​है
,
​जबͩक ​सबसे ​कम ​आधा ​उपयोगकता[
कोड ​और ​डेटा ​शाͧमल ​है। ​हमने ​यह ​भी ​देखा ​है ​ͩक
,
​फोͩकɍ ग ​कȧ ​ĤͩĐया ​के ​दौरान कनȶल
èटैक (
kernel stack)
​बनाया ​जाता ​है ​जो ​बनाया ​जाता ​है। ​तो
,
​यह कनȶल èटैक (
kernel
stack) ,
​इस ​बÍचे ​कȧ ​ĤͩĐया ​के ​ͧलए ​ͪवͧशçट ​है। ​अब ​हम ​देखɅगे ​ͩक ​Ǔनçपादन ​फ़ंÈशन ​इस
,
वचु[अल ​मेमोरȣ ​मैप ​पǐरवत[नɉ ​को ​कैसे ​ǓनçपाǑदत ​करता ​है। ​तो ​शुǾ ​करने ​के ​ͧलए ​हमɅ
ǓनçपाǑदत ​पैरामीटर ​को ​देखɅ। ​इसͧलए
,
​इस ​मामले ​मɅ ​दो ​पैरामीटर ​हɇ ​जो ​ͩक
path
​और
argv , path ,
​हɇ ​इसͧलए ​Ǔनçपादन ​योÊय ​के ​ͧलए ​पथ ​ǓनǑद[çट ​करता ​है। ​तो ​हमारे ​उदाहरण
मɅ ​हमने ​èलैश ​ǒबन ​èलैश ​एलएस
(slash bin slash ls)
​का ​उपयोग ​ͩकया ​है। ​इसͧलए
,
यह ​पथ ​मɅ ​ǓनǑद[çट ​ͩकया ​जाएगा ​जबͩक
argv
​वह ​पैरामीटर ​है ​िजसे ​आप ​ͩकसी ​ͪवशेष
ĤोĒाम ​मɅ ​भेज ​रहे ​हɇ। ​इसͧलए
,
​उदाहरण ​के ​ͧलए ​यǑद ​आप ​ले ​रहे ​हɇ ​तो ​एलएस ​ऋण एल
(ls minus l)
​या ​एलएस ​ऋण टȣ
(ls minus t)
​जैसे ​तक[ /पैरामीटर ​हो ​सकते ​हɇ। ​तो
ऋण एल
(minus l)
​और ​ऋण टȣ
(minus t)
​तक[ ​हɇ ​जो ​यहां ​पाǐरत ​ͩकए ​गए ​हɇ।
: 25:16)
(​èलाइडसमय ​का ​संदभ[ ​लɅ
तो ​पहलȣ ​चीज ​जो ​ͩकया ​जाता ​है ​वह ​यह ​है ​ͩक ​हमɅ ​Ǔनçपादन ​योÊय ​के आई नोड
(inode)
​मɅ ​पॉइंटर ​ͧमलता
है। ​अब ​आईनोड (
inode)
​एक ​मेटाडेटा ​है ​िजसमɅ ​इस ​बारे ​मɅ ​जानकारȣ ​है ​ͩक ​ͪवशेष ​Ǔनçपादन ​योÊय
माÚयͧमक ​èटोरेज ​ͫडवाइस ​जैसे ​हाड[ ​ͫडèक ​पर ​संĒहȣत ​ͩकया ​जाता ​है। ​तो
,
​उदाहरण ​के ​ͧलए
,
​हमारे ​ͪवशेष
मामले ​मɅ
,
​जहां ​हम ​èलैश ​ǒबन ​èलैश ​एलएस
(slash bin slash ls)
​का ​उपयोग ​कर ​रहे ​हɇ
,
​इसͧलए ​यह
ͪवशेष ​फ़ंÈशन
namei
​एलएस
(ls)
​Ǔनçपादन ​योÊय ​के ​ͧलए ​आईनोड (
inode)
को वापस ​कर ​देगा। ​इसके
बाद
,
​हम ​Èया ​कर ​रहे ​हɇ ​हम readi​ नामक ​इस ​फ़ंÈशन ​का ​उपयोग ​कर ​रहे ​हɇ
,
​जो ​उस ​आईनोड (
inode)
​से
पढ़ता ​है ​जो ​ɮͪवतीयक/सेकɅ डरȣ ​èटोरेज ​ͫडवाइस
,
​ईएलएफ
(ELF)
​हेडर ​से ​है। ​तो
,
​हम ​इस ​ͪवशेष ​आईनोड
(​inode) ​से ​ईएलएफ हेडर
(ELF header)
​पढ़ ​रहे ​हɇ। ​तो
,
​ईएलएफ हेडर
(ELF header)
​या ​यहां ​पर
ईएलएफ
(ELF)
​के ​Ǿप ​मɅ ​उãलेख ​करɅ ​यहां ​ईएलएफ हेडर
(ELF header)
​के ​Ǿप ​मɅ ​पǐरभाͪषत ​ͩकया ​गया
है। ​तो
,
​हम ​ͩफर ​इस ​ईएलएफ हेडर
(ELF header)
​मɅ ​देख ​रहे ​हɇ ​और ​पहचानकता[ ​कȧ ​जांच ​कर ​रहे ​हɇ
,
​हम
जादू ​संÉया/मैिजक नंबर
(magic number)
​कȧ ​जांच ​कर ​रहे ​हɇ ​और ​हम ​यह ​स×याͪपत ​कर ​रहे ​हɇ ​ͩक ​यह
जादू ​संÉया/मैिजक नंबर
(magic number)
​वाèतव ​मɅ ​सहȣ ​है ​या ​नहȣं।
: 26:23)
(​èलाइडसमय ​का ​संदभ[ ​लɅ
तो
,
​यह ​अǓनवाय[ ​Ǿप ​से ​एक ​सैǓनटȣ ​चेक
(sanity check)
​है ​और
elf
​के ​ͧलए ​इस ​जादू ​संÉया ​मɅ ​यह ​ͪवशेष
, x7fELF , 7f , elf
मूãय ​होना ​चाǑहए ​यह ​होना ​चाǑहए। ​तो ​यह ​हेÈसाडेͧसमल ​मान ​है ​जबͩक ​वण[माला ​है।
: 26:46)"
14,5,"(​èलाइडसमय ​का ​संदभ[ ​लɅ
अगला ​चरण
setupkvm
​पर ​एक ​कॉल ​है
,
​जहां ​हम ​कनȶल ​साइड ​पेज ​टेबल ​को ​दोबारा ​सेट ​करते ​हɇ। ​तो ​यह
अǓनवाय[ ​Ǿप ​से ​आवæयक ​नहȣं ​हो ​सकता ​है
,
​लेͩकन ​यह
xv6
​मɅ ​ͩकया ​जाता ​है
,
​हालांͩक ​यह ​एक
आवæयकता ​नहȣं ​है
,
​हम ​पहले ​हȣ ​इसे
fork
​ĤͩĐया ​के ​दौरान ​कर ​चुके ​हɇ।
: 27:07)","(​èलाइडसमय ​का ​संदभ[ ​लɅ
तो ​यह ​ͪवशेष ​èलाइड
exec
​काया[Ûवयन ​कȧ ​Ǔनरंतरता ​Ǒदखाती ​है। ​तो ​अगलȣ ​बात ​यह ​है ​ͩक ​हम
inode
​से
पढ़ना ​जारȣ ​रखते ​हɇ। ​हमने ​ĤोĒाम ​हेडर ​जैसी ​ͪवͧभÛन ​चीजɅ ​पढ़ȣ ​हɇ ​और ​हम
elf
​छͪव ​से ​कोड ​और ​डेटा ​लोड
करना ​शुǾ ​करते ​हɇ ​जो ​हाड[ ​ͫडèक ​पर ​रैम ​मɅ ​मौजूद ​है
,
​और ​इसके ​पǐरणामèवǾप ​हम ​वाèतव ​मɅ ​कोड ​और
डेटा ​से ​संबंͬधत ​वचु[अल ​एĜेस ​èपेस ​भर ​रहे ​हɇ। ​तो
,
​यह ​यहाँ ​पर ​ͩकया ​जाता ​है। ​इसͧलए ​मɇ ​इस ​बारे ​मɅ ​अͬधक
जानकारȣ ​नहȣं ​दूंगा ​ͩक ​ͪवͧभÛन ​कायɟ ​का ​उपयोग ​कैसे ​ͩकया ​जाता ​है। ​लेͩकन ​बुǓनयादȣ ​ͪवचार ​यह ​है ​ͩक
,
हम ​उस ​ͪवशेष ​Ǔनçपादन ​योÊय ​के ​अनुǾप ​आईनोड (
inode)
​मɅ ​देखकर ​हाड[ ​ͫडèक ​पर ​जा ​रहे ​हɇ ​और ​कोड
लोड ​कर ​रहे ​हɇ ​और ​केवल ​भौǓतक ​मेमोरȣ ​मैप ​मɅ ​डेटा ​पढ़ते ​हɇ ​और ​हम ​पेज ​टेबल ​और ​पेज ​Ǔनदȶͧशका
Ĥͪविçटयɉ ​को ​भी ​बना ​रहे ​हɇ ​वह ​कोड ​और ​डेटा। ​तो
,
​यह ​वाèतव ​मɅ ​मौजूद ​है
,
​इसͧलए
,
​आप ​यहां ​इस
मानͬचğण ​को ​Ĥèतुत ​करते ​हɇ।
: 28:12)
(​èलाइडसमय ​का ​संदभ[ ​लɅ
exec
​काया[Ûवयन ​मɅ ​अगला ​चरण ​उपयोगकता[ ​ĤͩĐया ​के ​ͧलए ​ढेर/èटैक ( stack​)​ ​बनाना ​है। ​इसͧलए
,
कनȶल èटैक
(kernel stack)
के ​बजाय, ​यह ​ढेर ​èथानीय ​चर ​के ​साथ -​साथ ​फ़ंÈशन ​कॉल ​के ​संĒह ​के ​ͧलए
कोड ​ɮवारा ​उपयोग ​ͩकया ​जाता ​है। ​इसͧलए
,
​इस ​èटैक को ​बनाने ​के ​ͧलए
,
​हम
exec
​काया[Ûवयन ​दो ​संगत
पृçठɉ को आवंǑटत ​करते ​हɇ। ​इसͧलए
,
​इसका ​उपयोग ​èटैक ​के ​ͧलए ​ͩकया ​जाता ​है ​जबͩक ​दूसरा ​एक ​गाड[
(guard) ;
​पेज ​के ​Ǿप ​मɅ ​उपयोग ​ͩकया ​जाता ​है। ​तो ​गाड[ ​पेज ​को ​पहुंच ​योÊय ​नहȣं ​बनाया ​गया ​है ​अǓनवाय[
Ǿप ​से ​इसका ​उपयोग ​èटैक ​ओवरÝलो ​के ​ͨखलाफ ​सुर¢ा ​के ​ͧलए ​ͩकया ​जाता ​है। ​तो
,
​इसका ​मतलब ​यह ​है
ͩक ​जब ​हम ​èटैक ​का ​उपयोग ​करते ​रहते ​हɇ
,
​तो ​ढेर ​का ​आकार ​बढ़ता ​रहता ​है ​और ​अंत ​मɅ ​यह
guard
​पेज ​पर
आ ​जाएगा
;
​और ​नतीजतन
,
​हम ​जानते ​हɉगे ​ͩक ​èटैक ​ओवरāलो ​हुआ ​है।
: 2 9: 3)
(​èलाइडसमय ​का ​संदभ[ ​लɅ
exec ,
​काया[Ûवयन ​मɅ ​अगला ​चरण ​उपयोगकता[ ​èटैक ​को ​भरना ​है। ​इसͧलए ​अǓनवाय[ ​Ǿप ​से ​हमने ​यहां ​पर
èटैक ​बनाया ​है ​और ​अब ​हम ​वाèतव ​मɅ ​èटैक ​भर ​रहे ​हɇ। ​तो ​हम ​कमांड ​लाइन ​तक[ ​के ​साथ ​èटैक ​भरɅ।
इसͧलए
,
​हम ​जानते ​हɇ ​ͩक ​जो ​भी ​ĤोĒाम ​हम ​ͧलखते ​हɇ ​वह ​कमांड ​लाइन ​तक[ ​ले ​सकता ​है ​और ​ये ​तक[
वाèतव ​मɅ ​èटैक ​मɅ ​भरे ​हुए ​हɇ। ​तो
,
​हमारे ​पास ​कमांड ​लाइन ​तक[
0
से
N
है
,
​िजसके ​बाद ​null समािÜत ​िèĚंग
है ​और ​ͩफर ​हमारे ​पास ​इन ​तकɟ ​के ​पॉइंटस[ ​हɇ ​जैसे ​तक[
0
का पॉइंटर
,
​तक[
1
का पॉइंटर
,
​और ​इसी ​तरह। ​तो
तक[ ​के ​ͧलए ​ये ​पॉइंटर
,
​आपके ​काय[Đम ​के
argv
को बनाता ​है। ​तो
,
​आप ​जानते ​हɇ ​ͩक ​एक ​मुÉय ​काय[
argc
और
argv
​लेता ​है
,
​इसͧलए ​आपके ​ĤोĒाम ​इनपुट ​के
argv
​से ​ये ​पॉइंटस[ ​और ​इन
argv
​के ​बाद
argc
​है
,
​जो
ऐसे ​पैरामीटर ​कȧ ​संÉया ​है ​और ​इसके ​बाद
,
​main के ͧलए एक ​डमी ​ǐरटन[ ​èथान ​है ​। ​अब
,
​हमने ​देखा ​है ​ͩक
हमने ​वाèतव ​मɅ ​उपयोगकता[ ​ĤͩĐया ​के ​ͧलए ​कोड ​बनाया ​है
,
​हमारे ​पास ​उपयोगकता[ ​ĤͩĐया ​के ​ͧलए ​डेटा ​है
और ​इन ​दोनɉ ​को ​वाèतव ​मɅ ​माÚयͧमक ​èटोरेज ​ͫडवाइस ​से ​ͧलया ​गया ​है ​और ​भौǓतक
RAM
​मɅ ​लोड ​ͩकया
गया ​है। ​और ​एक ​पृçठ Ǔनदȶͧशका/पेज डायरेÈटरȣ (
page directory)
​और ​पृçठ ताͧलका/पेज टेबल
(​page
table)
​Ĥͪविçटयां ​भी ​बनाई ​गई ​हɇ
,
​इस ​Ĥकार ​हम ​इसे ​आभासी ​मुÉय ​मेमोरȣ ​मानͬचğ ​मɅ ​देख ​पाएंगे।
और ​हमने ​इस ​उपयोगकता[ ​ĤͩĐया ​के ​ͧलए ​एक ​èटैक ​बनाया ​है ​और ​हमने ​कमांड ​लाइन ​तकɟ ​के ​साथ ​èटैक
भर ​Ǒदया ​है
,
​सहȣ ​ढंग ​से
argc
​और
argv
​बना ​रहा ​है। अब करने ​के ​ͧलए ​एकमाğ ​चीज ​वाèतव ​मɅ ​ĤͩĐया ​को
ǓनçपाǑदत ​करना ​शुǾ ​करना ​है।
: 30:42)
(​èलाइडसमय ​का ​संदभ[ ​लɅ
तो ​यह
elf
​Ĥͪविçट ​के ​साथ ​इस ​वत[मान ​ĤͩĐया ​के ​ͧलए
trapframe
​भरकर ​ͩकया ​जाता ​है। ​इसͧलए
,
अǓनवाय[ ​Ǿप ​से
tf eip
​जो ​ͩक ​Ěैपĥेम (
trapframe)
​मɅ Ǔनदȶश सूचक/इंèĚÈशन पॉइंटर
(instruction
pointer)
​है
, elf dot
​एंĚȣ ​के ​साथ ​संĒहȣत ​है
,
​जो ​अǓनवाय[ ​Ǿप ​से ​उपयोगकता[ के
main
ĤोĒाम ​या
उपयोगकता[ ​ĤोĒाम ​के ​main​ ​फंÈशन ​के ​ͧलए ​एक ​सूचक ​है। ​इसी ​तरह
,
​èटैक ​पॉइंटर sp​ पर ​सेट ​है
,
​इसͧलए
हम
trapframe
​बना ​रहे ​हɇ
esp sp
​पर ​सेट ​है। ​अब ​जब ​यह ​ͪवशेष
exec
​ͧसèटम ​कॉल ​उपयोगकता[ ​ĤͩĐया
मɅ ​लौटाता ​है
,
​तो
trapframe
​रिजèटरɉ ​मɅ ​बहाल ​हो ​जाता ​है ​िजसके ​पǐरणामèवǾप
eip
​को ​मुÉय ​पते ​का
esp
मूãय ​ͧमलता ​है ​जबͩक ​èटैक ​पॉइंटर ​को ​उपयोगकता[ ​èपेस ​èटैक ​का ​मान ​ͧमलता ​है ​और ​इसͧलए
Ǔनçपादन ​मुÉय ​काय[Đम ​से ​शुǾ ​होगा। ​èटैक ​पॉइंटर ​के ​पास
argc
​और
argv
​के ​ͧलए ​ͪवͧभÛन ​तकɟ ​के
, ,
सूचक ​हɉगे ​िजसका ​उपयोग ​मुÉय ​काय[Đम ​मɅ ​ͩकया ​जाएगा। ​तो ​इसके ​साथ ​हम ​इस ​वीͫडयो ​åयाÉयान ​के
अंत ​मɅ ​आते ​हɇ। ​हमने
xv6
​ऑपरेǑटंग ​ͧसèटम ​ĤͩĐया ​Ĥबंधन ​से ​संबंͬधत ​ͪवͧभÛन ​ͧसèटम ​कॉल ​जैसे ​ͩक
fork, wait, exec exit system , exec
​और ​कॉल ​के ​बारे ​मɅ ​काफȧ ​ͪवèतार ​से ​देखा ​था। ​इसͧलए ​ͪवशेष ​Ǿप ​से
Ĥणालȣ/ͧसèटम ​कॉल ​के ​साथ
,
​हमने ​देखा ​था ​ͩक ​कोड
,
​डेटा ​और ​èटैक ​जैसे ​ͪवͧभÛन ​उपयोगकता[ ​èथान
अनुभाग ​कैसे ​बनाए ​जाते ​हɇ
,
​और ​कैसे ​èटैक, ​कमांड ​लाइन ​तकɟ/आगु[मɅɪस (arguments) ​से ​भरा ​जाता ​है
,
और ​उपयोगकता[ ​èथान ​ĤͩĐया ​का ​Ǔनçपादन ​कैसे ​होता ​है ​शुǾ ​ͩकया ​जाता ​है।
धÛयवाद।"
15,0,,"ऑपरेǑटंग ͧसèटम का पǐरचय
Ĥोफेसर चेèटर रेबेरो
कंÜयूटर ͪव£ान और इंजीǓनयǐरंग ͪवभाग
भारतीय Ĥौɮयोͬगकȧ संèथान, मġास
सÜताह - 04 åयाÉयान - 14
इंटरÜɪस (INTERRUPTS)
नमèकार और इस वीͫडयो मɅ आपका èवागत है। आज के वीͫडयो मɅ हम इंटरÜɪस देखɅगे, जो
सभी आधुǓनक Ǒदन के ऑपरेǑटंग ͧसèटम मɅ एक मह×वपूण[ भूͧमका Ǔनभाते हɇ। इसͧलए,
सामाÛय सॉāटवेयर या सामाÛय ĤोĒाम जो हम ͧलखते हɇ, के ͪवपरȣत, ऑपरेǑटंग ͧसèटम ईवɅट
आधाǐरत होते हɇ, जब भी कोई ईवɅट होता है तो ऑपरेǑटंग ͧसèटम ǓनçपाǑदत होता है। इसका
अथ[ यह देखने के ͧलए, èलाइɬस को देखɅ।"
15,1,(èलाइडसमय का संदभ[ लɅ: 00:43),"तो मान लȣिजए ͩक आपके पास एक उपयोगकता[ ĤͩĐया है जो चल रहȣ है, इसͧलए जैसा ͩक
हमने उपयोगकता[ कȧ िèथǓत मɅ उपयोगकता[ ĤͩĐया मɅ चलाने से पहले देखा है और इंटेल
नामकरण मɅ यह ǐरंग 3 मɅ है। अब यह उपयोगकता[ ĤͩĐया Ĥोसेसर पर ǓनçपाǑदत होती है एक
घटना होने तक। इसͧलए, जब यह घटना होती है तो यह ऑपरेǑटंग ͧसèटम को ǓनçपाǑदत करने
के ͧलए ǑĚगर करेगा। इसͧलए, ऑपरेǑटंग ͧसèटम के इस ǑĚगǐरंग के पǐरणामèवǾप
ͪवशेषाͬधकार èतर मɅ बदलाव आएगा। तो ͧसèटम अब उपयोगकता[ èथान पर ǓनçपाǑदत नहȣं
होगा, बिãक यह ͪवशेषाͬधकार èतर 0 मɅ होगा या कनȶल èपेस मɅ ǓनçपाǑदत हो रहा है। तो
ऑपरेǑटंग ͧसèटम अǓनवाय[ Ǿप से ǓनçपाǑदत करेगा और इस ͪवशेष घटना कȧ सेवा करेगा और
उस Ǔनçपादन के अंत मɅ, Ǔनयंğण उपयोगकता[ èथान पर वापस ͨखलाया जाएगा और ĤͩĐया
ǓनçपाǑदत जारȣ रहेगी। तो ओएस पूण[ होने के बाद ǓनçपाǑदत उपयोगकता[ èपेस ĤͩĐया एक हȣ
ĤͩĐया हो सकती है जो उपयोगकता[ ĤͩĐया 1 या कुछ अÛय उपयोगकता[ ĤͩĐया है, इस
उदाहरण मɅ यह उपयोगकता[ ĤͩĐया 2 है"
15,2,(èलाइडसमय का संदभ[ लɅ: 02:01),"आइए देखɅ घटनाओं को वगȸकृत कैसे ͩकया जाता है। इसͧलए, ͪवͧभÛन साǑह×य ͪवͧभÛन तरȣकɉ
से घटनाओं को वगȸकृत करते हɇ, लेͩकन हम Èया करɅगे, हम इस ͪवशेष पुèतक के आधार पर
घटनाओं के वगȸकरण का पालन करɅगे, िजसे आट[ ऑफ़ असɅबलȣ भाषा ĤोĒाͧमंग कहा जाता है
िजसे इस वेबसाइट से डाउनलोड ͩकया जा सकता है। इसͧलए, इस पुèतक मɅ घटनाओं को 3
अलग-अलग Ĥकारɉ मɅ वगȸकृत ͩकया जाता है; ये हाड[वेयर इंटरÜɪस, जाल (Traps) और
अपवाद/एÈसेपसंस (Exception) हɇ। तो हाड[वेयर इंटरÜɪस या कभी-कभी इंटरÜɪस के Ǿप मɅ
बुलाया जाता है बाहरȣ हाड[वेयर उपकरणɉ ɮवारा उठाया जाता है। उदाहरण के ͧलए, नेटवक[ काड[
जब इसे एक पैकेट ĤाÜत होता है तो संभवतः एक बाधा उ×पÛन कर सकता है या कȧबोड[, माउस
या यूएसबी ͫडवाइस जैसे अÛय ͫडवाइसɉ को Üलग इन ͩकया जा सकता है जब हाड[वेयर इंटरÜट
मɅ उठाया जा सकता है। इसͧलए, ये हाड[वेयर इंटरÜɪस असीͧमत हɇ और ͩकसी भी समय हो
सकते हɇ। हाड[वेयर इंटरÜɪस के अलावा जाल (Traps) और अपवाद/एÈसेपसंस (Exceptions)
भी हɇ। जाल (Trap) को कभी-कभी सॉÝटवेयर इंटरÜट के Ǿप मɅ जाना जाता है, वे कुछ
ऑपरेǑटंग ͧसèटम काय[¢मता का आéवान करने के ͧलए उपयोगकता[ ĤोĒाम ɮवारा उठाए जाते
हɇ। उदाहरण के ͧलए, यǑद कोई उपयोगकता[ ĤोĒाम मॉǓनटर पर कुछ ͪĤंट करना चाहता है तो
यह एक जाल (Trap) का आéवान करेगा, जो अǓनवाय[ Ǿप से ऑपरेǑटंग ͧसèटम के ͧलए एक
ͧसèटम कॉल होगा और ओएस तब ͪवशेष टेÈèट ͧलखने या ͪवशेष डेटा ͧलखने का Éयाल
रखेगा èĐȧन। तीसरे Ĥकार कȧ घटना को अपवाद/एÈसेपसंस (Exceptions) के Ǿप मɅ जाना
जाता है। अवैध घटनाओं के पǐरणामèवǾप ये घटनाएं èवचाͧलत Ǿप से Ĥोसेसर ɮवारा उ×पÛन
होती हɇ। तो,
Faults
​और Aborts​ के 2 Ĥकार के अपवाद/एÈसेपसंस (Exceptions) हɇ। गलती का
एक बहुत हȣ आम उदाहरण एक पेज गलती है। इसͧलए, दोष अǓनवाय[ Ǿप से
अपवाद/एÈसेपसंस (Exceptions) हɇ िजनसे Ĥोसेसर ठȤक हो सकता है। उदाहरण के ͧलए, जब
कोई पृçठ गलती होती है जो तब होती है जब कोई ĤͩĐया ǓनçपाǑदत होती है, तो
पǐरणामèवǾप ओएस या ऑपरेǑटंग ͧसèटम मɅ èवैप èपेस से आवæयक पृçठ को RAM मɅ
ǓनçपाǑदत और लोड करना होगा। दूसरȣ ओर,
form abort
​का एक अपवाद/एÈसेपसंस
(Exception) पुनĤा[Üत करना बहुत कǑठन होगा, जैसे ͩक 0 अपवाद/एÈसेपसंन (Exception)
ɮवारा ͪवभािजत करना।"
15,3,(èलाइडसमय का संदभ[ लɅ: 04:38),"तो जब ͩकसी ĤोĒाम मɅ 0 ɮवारा ͪवभािजत अपवाद/एÈसेपसंन (Exception) होता है, तो
आमतौर पर ĤोĒाम समाÜत कर Ǒदया जाएगा। अǓनवाय[ Ǿप से ऑपरेǑटंग ͧसèटम को 0 ɮवारा
ͪवभािजत अपवाद/एÈसेपसंन (Exception) ɮवारा से पुनĤा[Üत करने का कोई तरȣका नहȣं है। यह
ͪवशेष èलाइड घटनाओं के ͪवͧभÛन वगȸकरण को अपवाद/एÈसेपसंस (Exception) , जाल
(Trap) और इंटरÜɪस मɅ Ǒदखाती है। अपवादɉ को आगे
Faults
​और Aborts​ मɅ वगȸकृत ͩकया
जाता है। तो, अब हम इंटरÜɪस का एक ͪवͧशçट मामला हाड[वेयर इंटरÜɪस को लɅगे।"
15,4,(èलाइडसमय का संदभ[ लɅ: 04:58),"तो, चͧलए हाड[वेयर इंटरÜɪस देखɅ। आम तौर पर, Ĥोसेसर के पास IC पर इंटरÜट ͪपन के Ǿप
मɅ जाना जाने वाला एक समͪप[त ͪपन होता है। इसͧलए, इस ͪपन को अÈसर छोटा ͩकया जाता
है या केवल INT ͪपन या कुछ Ĥोसेसर मɅ INTR ͪपन के Ǿप मɅ बुलाया जाता है। इसͧलए,
कȧबोड[ जैसे ͫडवाइस INT ͪपन के माÚयम से Ĥोसेसर से जुड़े हɉगे। जब कुंजीपटल पर एक
ͪवशेष कुंजी दबाया जाता है तो इसके पǐरणामèवǾप Ĥोसेसर मɅ बाधा उ×पÛन होती है। अब,
देखते हɇ ͩक यह ͪवशेष बाधा कैसे होती है और Ĥोसेसर मɅ Èया होता है। इसͧलए, Ĥोसेसर
आमतौर पर एक ĤोĒाम ǓनçपाǑदत करेगा और कुछ Ǔनदȶश ǓनçपाǑदत करेगा। अब, जब एक
कुंजी दबाई जाती है, Ĥोसेसर को एक बाधा उ×पÛन होती है और िजसके पǐरणामèवǾप Ĥोसेसर
मɅ एक इंटरÜट हɇडलर Ǿटȣन के Ǿप मɅ जाना जाता है।"
15,5,(èलाइडसमय का संदभ[ लɅ: 05:58),"तो, इस ͪवशेष मामले मɅ जब यह कुंजीपटल है िजसके पǐरणामèवǾप बाधा उ×पÛन हुई है, तो
कुंजीपटल हèत¢ेप करने वाले कȧबोड[ मɅ हèत¢ेप ͩकया जाएगा। तब Ĥोसेसर इस कȧबोड[ हɇडलर
Ǿटȣन को तब तक ǓनçपाǑदत करना शुǾ कर देगा जब तक IRET जैसे Ǔनदȶश ĤाÜत नहȣं हो
जाते। जब IERT Ǔनदȶश ǓनçपाǑदत हो जाता है, तो संदभ[ उस काय[Đम पर वापस िèवच ͩकया
जाता है िजसे मूल Ǿप से चलाया जा रहा था। इसͧलए, इस तरह हम देखते हɇ ͩक काय[Đम
Ǔनçपादन के दौरान हèत¢ेप ͩकसी भी समय हो सकता है, इसके पǐरणामèवǾप एक नया संदभ[
ǓनçपाǑदत ͩकया जा रहा है और उस Ǔनçपादन के अंत मɅ Ĥोसेसर मूल संदभ[ पर वापस चला
जाता है।"
15,6,(èलाइडसमय का संदभ[ लɅ: 06:41),"इसͧलए आम तौर पर ͧसèटम मɅ Ĥोसेसर से कनेÈट एक ͫडवाइस नहȣं होता है, कई ͫडवाइस हो
सकते हɇ। उदाहरण के ͧलए ͧसèटम मɅ टाइमर, यूएसबी Ĝाइव, कȧबोड[, माउस, नेटवक[ काड[ आǑद
हो सकते हɇ। हालांͩक, जैसा ͩक हमने पहले देखा है Ĥोसेसर मɅ केवल एक इंटरÜट ͪपन है। तो
यह कैसे संभव है ͩक कई ͫडवाइस एकल इंटरÜट ͪपन साझा करते हɇ? इसे ĤाÜत करने के ͧलए,
ͧसèटम मɅ एक ͪवशेष हाड[वेयर का उपयोग ͩकया जाता है। इसͧलए, इसे इंटरÜट कंĚोलर के Ǿप
मɅ जाना जाता है। इंटरÜट कंĚोलर का काम यह सुǓनिæचत करना है ͩक कई उपकरणɉ के बीच
इंटरÜट का एकल ͪपन साझा ͩकया जाए। इसͧलए, इंटरÜट Ǔनयंğक इन उपकरणɉ मɅ से Ĥ×येक
से इंटरÜट ĤाÜत करेगा और उसके बाद Ĥोसेसर के INT ͪपन मɅ बाधा डालेगा। Ĥोसेसर तब
इंटरÜट Ǔनयंğक के साथ संवाद करेगा यह Ǔनधा[ǐरत करने के ͧलए ͩक इनमɅ से कौन से ͫडवाइस
वाèतव मɅ बाधा उ×पÛन कर चुके हɇ। नतीजतन, Ĥोसेसर तब संबंͬधत इंटरÜट हɇडलर Ǿटȣन
ǓनçपाǑदत करेगा। उदाहरण के ͧलए, यǑद टाइमर ने बाधा उ×पÛन कȧ है तो टाइमर इंटरÜट
हɇडलर Ǿटȣन का आéवान ͩकया जाएगा। दूसरȣ ओर, यǑद एक यूएसबी ͫडवाइस के
पǐरणामèवǾप बाधा उ×पÛन हुई, तो USB इंटरÜट हɇडलर Ǿटȣन का आéवान ͩकया जाएगा और
इसी तरह। इस Ĥकार, हèत¢ेप हɇडलर Ǿटȣन का आéवान उस ͫडवाइस के ͧलए बहुत ͪवͧशçट
होगा जो बाधा उ×पÛन करता है।"
15,7,(èलाइडसमय का संदभ[ लɅ: 08:15),"इसͧलए, एक आम तौर पर इèतेमाल ͩकए गए इंटरÜट Ǔनयंğक को ĤोĒामेबल इंटरÜट कंĚोलर
के Ǿप मɅ जाना जाता है। इसͧलए, इसे 8259 के Ǿप मɅ ͬगना जाता है और ͬचğमय Ǿप से यह
जुड़ा हुआ है। तो, 8259 के दो प¢ हɇ, यह इनपुट प¢ और आउटपुट प¢ है। आउटपुट CPU
के INT ͪपन से जुड़ा हुआ है, एक INTA ͪपन भी है जो एक इंटरÜट èवीकृǓत ͪपन है। दूसरȣ
तरफ हमारे पास 8 IRQ लाइनɅ हɇ। IRQ इंटरÜट अनुरोधɉ के ͧलए यहां खड़ा है। इसͧलए, इनपुट
प¢ पर 8 ͫडवाइस तक कनेÈट ͩकए जा सकते हɇ िजÛहɅ 8259 से जोड़ा जा सकता है। इन
उपकरणɉ को ͫडवाइस 0 से ͫडवाइस 7 तक लेबल ͩकया गया है, ये सभी ͫडवाइस èवतंğ Ǿप से
CPU से बाधा का अनुरोध कर सकते हɇ। 8259 तब सीपीयू के आईएनटȣ ( INT)​ ͪपन के
माÚयम से इंटरÜट को चैनल करेगा। CPU तब INTA ͪपन के माÚयम से बाधा को èवीकार
करेगा और यह भी Ǔनधा[ǐरत करेगा ͩक इनमɅ से ͩकस 8 ͫडवाइस ने बाधा का अनुरोध ͩकया
था। अब, Èया होगा यǑद दो ͫडवाइस एक हȣ समय मɅ बाधा का अनुरोध करते हɇ? ऐसे मामले
मɅ, 8259 कुछ Ĥाथͧमकता एÛकोͫडंग एãगोǐरदम का उपयोग यह Ǔनधा[ǐरत करने के ͧलए करेगा
ͩक इनमɅ से ͩकन ͫडवाइस को पहले बाधा के ͧलए अनुरोध करने का ͪवशेषाͬधकार Ǒदया जाना
चाǑहए। 8259 कȧ एक और ͪवशेषता यह है ͩक इसे 8 से अͬधक उपकरणɉ का समथ[न करने के
ͧलए कैèकेड ͩकया जा सकता है, इस Ĥकार 8 से अͬधक ͫडवाइस CPU पर बाधा उ×पÛन कर
सकते हɇ।"
15,8,(èलाइडसमय का संदभ[ लɅ: 09:52),"तो ͪवरासत कंÜयूटर मɅ आम तौर पर दो 8259 Ǔनयंğक मौजूद होते हɇ - एक माèटर के Ǿप मɅ
कॉिÛफ़गर ͩकया जाता है, जबͩक दूसरा slave​ के Ǿप मɅ कॉिÛफ़गर ͩकया जाता है। slave​ 8259
Ǔनयंğक माèटर 8259 के इनपुट चैनलɉ मɅ से एक से जुड़ा हुआ है। इसͧलए, यǑद इनमɅ से कोई
भी ͫडवाइस दास 8259 से जुड़ा हुआ है, तो एक बाधा का अनुरोध करɅ, इस बाधा को माèटर
8259 मɅ चैनल ͩकया गया है और माèटर 8259 ͩफर इसे चैनल करेगा CPU मɅ बाधा डालɅ।
इसͧलए, 8259 के इस ͪवरासत ͪवÛयास कȧ एक सीमा सीͧमत IRQ है। इसͧलए, Ĥ×येक
ͫडवाइस जैसे हȣ हम ͧसंक और केवल 8 ͫडवाइस का समथ[न कर सकते हɇ और इसͧलए, यǑद
आपके ͧसèटम मɅ बड़ी संÉया मɅ ͫडवाइस हɇ तो आपको उपिèथत होने के ͧलए कई 8259
Ǔनयंğक कȧ आवæयकता होगी। इस कॉिÛफ़गरेशन कȧ एक और Ĥमुख सीमा यह है ͩक,
बहु-Ĥोसेसर और बहु-कोर Üलेटफामɟ का समथ[न मुिæकल है। अǓनवाय[ Ǿप से जैसा ͩक हमने
यहां देखा है, केवल एक सीपीयू है जो माèटर 8259 ĤोĒाम करने योÊय इंटरÜट Ǔनयंğक से
जुड़ा हुआ है। यह ͪवशेष INT ͪपन ͩकसी अÛय सीपीयू को नहȣं भेजा जा सकता है, िजसके
पǐरणामèवǾप कुछ समèयाएं हो सकती हɇ।"
15,9,(èलाइडसमय का संदभ[ लɅ: 11:14),"वत[मान ͧसèटम मɅ, 8259 ĤोĒाम करने योÊय इंटरÜट Ǔनयंğक को APIC या उÛनत ĤोĒामेबल
इंटरÜट कंĚोलर के नाम से जाना जाता है। आधुǓनक Ĥणाͧलयɉ मɅ APIC के ͧलए कॉिÛफ़गरेशन
जैसा ͩक यहां Ǒदखाया गया है। इसͧलए, Ĥ×येक सीपीयू मɅ बहु-कोर या मãटȣĤोसेसर ͧसèटम मɅ
èथानीय APIC होगा जैसा ͩक यहां Ǒदखाया गया है। इसͧलए, Ĥोसेसर 1 मɅ एक èथानीय APIC
है, Ĥोसेसर 2 का अपना APIC है, Ĥोसेसर 3 का अपना èथानीय एपीआईसी है और इसी तरह।
इसके अलावा, कुछ I/O एपीआईसी (APIC) के Ǿप मɅ जाना जाता है जो ͧसèटम ͬचप सेट मɅ
मौजूद है। अब, कȧबोड[, माउस, नेटवक[ काड[ आǑद जैसे बाहरȣ ͫडवाइस, I/O APIC के माÚयम
से इंटरÜɪस का अनुरोध करɅगे, िजसे Ĥ×येक CPU मɅ èथानीय APIC मɅ से एक मɅ चैनल ͩकया
जाता है। इस Ĥकार इंटरÜट को CPU के बीच ͪवतǐरत और Ĥाथͧमकता दȣ जा सकती है। इसके
अलावा èथानीय APIC के साथ-साथ I/O APIC इंटरÜट Ĥोसेसर इंटरÜɪस इंटरÜट संदेश और
IPI के माÚयम से संवाद करते हɇ।"
15,10,(èलाइडसमय का संदभ[ लɅ: 12:24),"तो èथानीय APIC, I/O APIC से इंटरÜट ĤाÜत करता है और इसे संबंͬधत èथानीय सीपीयू मɅ
Ǿट करता है। èथानीय APIC कुछ èथानीय इंटरÜट भी ĤाÜत कर सकता है जैसे थम[ल सɅसर से
इंटरÜɪस जो सीपीयू, एक आंतǐरक टाइमर आǑद पर मौजूद है। इसͧलए, èथानीय APIC
आईपीआई (IPI) भी भेज और ĤाÜत कर सकता है जो इंटर Ĥोसेसर इंटरÜɪस (
Inter Processor
Interrupts​) है, जो Ĥोसेसर के बीच इंटरÜɪस कȧ अनुमǓत देता है जो Ĥोसेसर को बूǑटंग, लोड
ͪवतरण आǑद जैसे ͧसèटम के åयापक कायɟ को करने कȧ अनुमǓत देता है। I/O APIC ͧसèटम
ͬचप सेट मɅ मौजूद है िजसे कभी-कभी नॉथ[ ǒĦज के नाम से भी जाना जाता है। यह ͪवशेष
APIC, èथानीय APIC मɅ बाहरȣ इंटरÜट को Ǿट करने के ͧलए Ĥयोग ͩकया जाता है।"
15,11,(èलाइडसमय का संदभ[ लɅ: 13:12),"इसͧलए, हमने अब तक देखा है ͩक हमारे पास कई ͫडवाइस हɇ जो एक इंटरÜट Ǔनयंğक से जुड़े
हुए हɇ जो 8259 Ǔनयंğक के आधार पर या तो APIC या लȣगेसी ͧसèटम मɅ हो सकता है। जब
इनमɅ से कोई भी ͫडवाइस ͩकसी बाधा का अनुरोध करता है, तो इंटरÜट को Ĥोसेसर को चैनल
ͩकया जाता है और इसके पǐरणामèवǾप इसी इंटरÜट हɇडलर Ǿटȣन को लागू ͩकया जाएगा।
Ĥोसेसर इंटरÜट हɇडलर Ǿटȣन के èथान को कैसे जानता है? तो, इंटरÜट हɇडलर Ǿटȣन, बस अÛय
सभी सॉāटवेयर कोड या अÛय सभी कोडɉ कȧ तरह, इसͧलए मह×वपूण[ सवाल यह है ͩक ͩकसी
को यहां पूछने कȧ आवæयकता है ͩक Ĥोसेसर इंटरÜट हɇडलर Ǿटȣन के èथान को कैसे जानता है।
तो, इंटरÜट हɇडलर Ǿटȣन ͩकसी भी अÛय सॉāटवेयर कोड कȧ तरह हȣ रैम से ǓनçपाǑदत ͩकया
जाता है। तो, सवाल यह है ͩक हम यहां Ĥèतुत कर रहे हɇ ͩक Ĥोसेसर Ĥारंͧभक èथान या
इंटरÜट हɇडलर Ǿटȣन के पते को कैसे जानता है?"
15,12,(èलाइडसमय का संदभ[ लɅ: 14:13),"तो इसे ĤाÜत करने के ͧलए, Ǔनàनͧलͨखत Èया होता है; इसͧलए इंटरÜट Ǔनयंğक से जुड़े Ĥ×येक
ͫडवाइस मɅ एक समͪप[त नंबर भी है जो आईआरÈयू (IRQ) संÉया के Ǿप मɅ जाना जाता है।
इसͧलए, जब कोई ͫडवाइस, एक बाधा का अनुरोध करता है और Ĥोसेसर मɅ INT ͪपन जोर देता
है, तो Ĥोसेसर तब इंटरÜट Ǔनयंğक से आईआरÈयू (IRQ) नंबर ĤाÜत करेगा। इस तरह Ĥोसेसर
अब Ǔनधा[ǐरत करता है ͩक इनमɅ से ͩकन ͫडवाइसɉ ने बाधा के ͧलए अनुरोध ͩकया है।"
15,13,(èलाइडसमय का संदभ[ लɅ: 14:43),"अब हम देखɅगे ͩक Ĥोसेसर आईआरÈयू (IRQ) नंबर का उपयोग कैसे करता है। ͧसèटम कȧ याद
मɅ, इंटरÜट ͫडिèĐÜटर टेबल या आईडीटȣ (IDT) के Ǿप मɅ जाना जाने वाला एक टेबल संĒहȣत
ͩकया जाता है। इसͧलए इस आईडीटȣ (IDT) ताͧलका को Ĥोटȣसर मɅ संĒहȣत एक रिजèटर
ɮवारा इंͬगत ͩकया जाता है िजसे आईडीटȣआर (IDTR) कहा जाता है। यह ͫडिèĐÜटर टेबल
रिजèटर इंटरÜट है। इसͧलए, इस वण[नकता[ ताͧलका मɅ Ĥ×येक Ĥͪविçट मɅ ऐसी जानकारȣ होती
है जहां संबंͬधत इंटरÜट हɇडलर Ǿटȣन मौजूद है। इसͧलए, Ĥोसेसर इंटरÜट ͫडिèĐÜटर टेबल को
देखने के ͧलए आईआरÈयू संÉया का उपयोग करेगा, इस वण[नकता[ से इंटरÜट हɇडलर Ǿटȣन का
संबंͬधत èथान ĤाÜत ͩकया जाता है और Ĥोसेसर इस हɇडलर Ǿटȣन से Ǔनदȶश ǓनçपाǑदत करने के
बाद वहां होता है।"
15,14,(èलाइडसमय का संदभ[ लɅ: 15:36),"तो, इंटरÜट ͫडिèĐÜटर टेबल कȧ सामĒी Èया है? X86 ͧसèटम मɅ, Èयɉͩक इसमɅ सेगमɅटेशन भी
है। इसͧलए, Ĥ×येक इंटरÜट ͫडिèĐÜटर मɅ सेगमɅट चयनकता[ के साथ-साथ ऑफसेट भी होगा।
जैसा से हमने देखा है सेगमɅट चयनकता[ 16 ǒबɪस है और ऑफ़सेट 32 ǒबɪस है। तो, 0 से 15
ǒबɪस यहां हɇ और यहां 16 से 31 ǒबɪस मौजूद हɇ। इंटरÜट ǒबट और ͫडिèĐÜटर ͪवशेषाͬधकार
èतर जैसे इंटरÜट ͫडिèĐÜटर मɅ अÛय पहलू हɇ।"
15,15,(èलाइडसमय का संदभ[ लɅ: 16:11),"तो देखते हɇ ͩक वाèतͪवकता मɅ इस इंटरÜɪस ͫडिèĐÜटर का उपयोग कैसे ͩकया जाता है।
इसͧलए, Ĥोसेसर ĤोĒाम करने योÊय इंटरÜट Ǔनयंğक या एपीआईसी से आईआरÈयू नंबर या
इंटरÜट वेÈटर ĤाÜत करेगा, और जैसा ͩक हमने देखा है ͩक इस इंटरÜट वेÈटर का उपयोग
आईडीटȣ ताͧलका मɅ इंडेÈस करने के ͧलए ͩकया जाता है, और संबंͬधत इंटरÜट या Ěैप गेट मɅ
सेगमɅट चयनकता[ होता है साथ हȣ ऑफसेट भी। सेगमɅट चयनकता[ को तब जीडी ( GD​) या
एलडीटȣ ( LDT​) ताͧलका मɅ अनुĐͧमत करने के ͧलए उपयोग ͩकया जाता है, िजससे कोड
सेगमɅट का मूल पता ĤाÜत होता है। तब ऑफसेट भाग को अंǓतम पता ĤाÜत करने के ͧलए
आधार पते पर ͧलया जाता है और जहां इंटरÜट ĤͩĐया मौजूद होती है।"
15,16,(èलाइडसमय का संदभ[ लɅ: 17:01),"तो इंटेल x86 ͧसèटम 56 ͪवͧभÛन Ĥकार कȧ घटनाओं का समथ[न करता है। इन घटनाओं मɅ
से कुछ का उपयोग दोषɉ और åयवधानɉ/अबोɪ[स (aborts) के ͧलए आंतǐरक Ǿप से ͩकया जाता
है, जबͩक अÛय हाड[वेयर इंटरÜɪस के साथ-साथ सॉāटवेयर इंटरÜɪस के ͧलए कॉिÛफ़गर ͩकया
जा सकता है। इसͧलए, यह ͪवशेष ताͧलका इन इंटरÜɪस और अपवादɉ मɅ से कुछ देता है जो
इंटेल x86 ͧसèटम ɮवारा समͬथ[त हɇ। ͪवशेष Ǿप से हम देखना चाहते हɇ ͩक वेÈटर संÉया 0 से
31 के साथ बाधा Ĥोसेसर के ͧलए आंतǐरक हɇ, इनमɅ से वेÈटर संÉया 0 से 20 ͪवͧभÛन दोषɉ
या aborts के ͧलए उपयोग कȧ जाती है। 32 से 255 तक इंटरÜट वेÈटर संÉया उपयोगकता[
पǐरभाͪषत कȧ जा सकती है। इसͧलए, इनमɅ से कुछ उपयोगकता[ पǐरभाͪषत इंटरÜɪस को
हाड[वेयर इंटरÜɪस के Ǿप मɅ कॉिÛफ़गर ͩकया गया है, जबͩक अÛय सॉāटवेयर इंटरÜɪस के Ǿप
मɅ उपयोग ͩकए जाते हɇ। तो अगले वीͫडयो मɅ, हम देखɅगे ͩक सीपीयू के साथ-साथ ऑपरेǑटंग
ͧसèटम मɅ इंटरÜट कैसे Ĥबंͬधत ͩकए जाते हɇ। धÛयवाद।"
16,0,,"ऑपरेǑटंग ͧसèटम के ͧलए पǐरचय
Ĥोफेसर चेèटर रेबेरो
कंÜयूटर ͪव£ान और इंजीǓनयǐरंग ͪवभाग
भारतीय Ĥौɮयोͬगकȧ संèथान, मġास
सÜताह - 4
åयाÉयान - 15 इंटरÜट हɇडͧलंग
नमèकार। ͪपछले वीͫडयो मɅ हमने देखा था ͩक ͩकसी बाहरȣ ͫडवाइस से इंटरÜɪस से कैसे
अनुरोध ͩकया जा सकता है और इसके पǐरणामèवǾप एक इंटरÜट सेवा Ǿटȣन ǓनçपाǑदत कȧ
जाएगी। इसͧलए, इस वीͫडयो मɅ हम ͪवèतार से देखɅगे ͩक इंटरÜट कैसे Ĥबंͬधत ͩकए जाते हɇ।
तो इंटरÜट हɇडͧलंग एक सुंदर शाͧमल ĤͩĐया है िजसमɅ सीपीयू के साथ-साथ ऑपरेǑटंग ͧसèटम
दोनɉ शाͧमल हɇ। तो, हम कदम से कदम उठाएंगे और देखɅगे ͩक हèत¢ेप मɅ ͪवͧभÛन चरणɉ
Èया हɇ।"
16,1,(èलाइडसमय का संदभ[ लɅ: 00:50),"तो आइए पहले से शुǾ करɅ। आइए हम कहɅ ͩक ͫडवाइस एक इंटरÜट लाइन पर जोर देता है,
और जैसा ͩक हम जानते हɇ ͩक पǐरणामèवǾप इंटरÜट Ǔनयंğक Ĥोसेसर के INT ͪपन मɅ उस
अनुरोध को चैनͧलंग कर रहा है। तो, आगे Èया होता है? तो यहां पर सीपीयू नामक Ĥोसेसर मɅ,
सीपीयू यह समझ जाएगा ͩक इंटरÜट लाइन या INT लाइन पर जोर Ǒदया गया है, और यह
PIC से IRQ नंबर ĤाÜत करेगा जो ĤोĒामेबल इंटरÜट कंĚोलर है। ͩफर, Ĥोसेसर कनȶल èटैक पर
िèवच करेगा और यǑद आवæयक हो तो ͪवशेषाͬधकार èतर भी िèवच करेगा।"
16,2,(èलाइडसमय का संदभ[ लɅ: 01:31),"तीसरा चरण ĤोĒाम का वत[मान Ǔनçपादन रोक Ǒदया गया है और ĤोĒाम िèथǓत सहेजी गई है।
इसͧलए, x86 मɅ ĤोĒाम अवèथा मɅ एसएस (SS) रिजèटर जैसे कई रिजèटर शाͧमल हɇ जो
èटैक सेगमɅट, èटैक पॉइंटर, Ýलैग रिजèटर, कोड सेगमɅट और Ǔनदȶश पॉइंटर हɇ। तो ये सभी ढेर
पर सहेजे गए हɇ और ͩफर Ĥोसेसर इंटरÜट हɇडलर पर कूद जाएगा। तो हèत¢ेप हɇडलर मɅ, हमारे
पास इंटरÜट हɇडलर कȧ मह×वपूण[ चीजɅ हɇ जो बाधाओं का जवाब देती हɇ, ĤोĒाम िèथǓत का
अͬधक भंडारण, इंटरÜट हɇडलर के Ǔनचले Ǒहèसे के Ǿप मɅ जाना जाने वाला कुछ शेɬयूͧलंग
ͩकया जाता है, और उसके बाद IRET जो बाधा से वापसी है। सीपीयू ͩफर अंतराल से वापसी
ǓनçपाǑदत करता है और कुछ समय बाद इंटरÜट हɇडलर का Ǔनचला आधा भाग चलता है। तो,
अंतराल हɇडलर का यह आधा Ǒहèसा अǓनवाय[ Ǿप से बाधा के काय[ घोड़े के Ǿप मɅ जाना जाता
है और यह कǑठन या समय लेने वालȣ नौकǐरयɉ मɅ से अͬधकांश करता है। इसͧलए, Úयान देने
योÊय एक बात यह है ͩक इनमɅ से Ĥ×येक चरण सीपीयू ɮवारा èवचाͧलत Ǿप से ͩकया जा
सकता है ͩक Ĥोसेसर हाड[वेयर èवयं हȣ यह करता है, इसͧलए ये काले रंग के बÈसे हɇ, जबͩक
पीले रंग के बÈसे सॉāटवेयर मɅ ͩकए जाते हɇ, अǓनवाय[ Ǿप से ऑपरेǑटंग ɮवारा Ĥणालȣ।
इसͧलए, आप देखते हɇ ͩक इनमɅ से कुछ कदम èवचाͧलत Ǿप से सीपीयू ɮवारा ͩकए जाते हɇ,
जबͩक इंटरÜट हɇडलर जैसे अÛय ऑपरेǑटंग ͧसèटम ɮवारा सॉāटवेयर मɅ ͩकए जाते हɇ। तो, हम
आगे Èया देखɅगे इन चरणɉ मɅ से Ĥ×येक चरण अͬधक ͪवèतार से है।"
16,3,(èलाइडसमय का संदभ[ लɅ: 03:18),"इसͧलए, वत[मान Ǔनदȶश ǓनçपाǑदत करने के बाद, सीपीयू INT लाइन को समझता है और ͩफर
जब यह Ǔनधा[ǐरत करता है ͩक एक ͪवशेष बाधा का अनुरोध ͩकया गया है, तो यह PIC से उस
इंटरÜट कȧ IRQ संÉया ĤाÜत करता है।"
16,4,(èलाइडसमय का संदभ[ लɅ: 03:37),"ͩफर यह आवæयक होने पर कनȶल èटैक पर िèवच करेगा, और ͪवशेषाͬधकार èतर को ǐरंग 0 मɅ
भी बदल देगा, िजससे यह कनȶल कोड को ǓनçपाǑदत करने कȧ अनुमǓत देगा।"
16,5,(èलाइडसमय का संदभ[ लɅ: 03:46),"तो, हम इसे देखɅगे, इसͧलए हम पहले èटैÈस ( stacks​) को देखते हɇ। इसͧलए, जैसा ͩक हमने
देखा है ͩक Ĥ×येक ĤͩĐया मɅ दो èटैक (stack) हɇ। इसͧलए, उपयोगकता[ èटैक के Ǿप मɅ जाना
जाने वाला एक èटैक उपयोगकता[ èथान मɅ Ǒदखाई देता है और आमतौर पर उपयोगकता[ ĤोĒाम
मɅ Ǔनदȶशɉ के ͧलए ͪवͧभÛन ऑटो वेǐरएबãस (
auto
variables​) और फ़ंÈशन कॉल के ͧलए
उपयोग ͩकया जाता है। दूसरȣ तरफ, Ĥ×येक ĤͩĐया के अनुǾप एक Ǔछपी हुई कनȶल èटैक है।
इसͧलए, जब Ĥोसेसर बाधा का पता लगाता है, तो संदभ[ उपयोगकता[ èटैक से कनȶल èटैक मɅ
बदल जाता है। अब, इसͧलए आगे कनȶल èटैक को ऑटो वेǐरएबल (
auto
variable​) के साथ-साथ
कनȶल मɅ ǓनçपाǑदत कोड कȧ फ़ंÈशन कॉल के ͧलए उपयोग करने के ͧलए उपयोग ͩकया जा रहा
है।"
16,6,(èलाइडसमय का संदभ[ लɅ: 04:33),"तो, हम èटैक Èयɉ िèवच करते हɇ? अǓनवाय[ Ǿप से ढेर िèवच ͩकए जाते हɇ Èयɉͩक ओएस
उपयोगकता[ ĤͩĐया के ढेर पर भरोसा नहȣं कर सकता है। उपयोगकता[ ĤͩĐया èटैक दूͪषत हो
सकते हɇ और नतीजतन हम नहȣं चाहते हɇ ͩक इस कारण से कनȶल भी दूͪषत हो जाए। एक
अÛय कारण यह है ͩक उपयोगकता[ ĤͩĐया कनȶल èटैक तक नहȣं पहुंच सकती है, इसͧलए
उदाहरण के ͧलए यǑद उपयोगकता[ ĤͩĐया उदाहरण के ͧलए एक दुभा[वनापूण[ वायरस है, तो
उसके पास कनȶल èटैक तक कोई पहुंच नहȣं है और इसͧलए, कनȶल मɅ कुछ भी संशोͬधत या
पǐरवǓत[त नहȣं कर सकता है। दूसरȣ बात यह है ͩक èटैक वाèतव मɅ उपयोगकता[ èटैक से कनȶल
èटैक मɅ कैसे िèवच ͩकया जाता है? इसͧलए, यह काय[ खंड ͫडिèĐÜटर के Ǿप मɅ जाना जाता है
और अǓनवाय[ Ǿप से यह करता है ͩक यह èटैक सेगमɅट और Ĥोसेसर के èटैक पॉइंटर को
बदलता है। इसͧलए नए èटैक सेगमɅट और èटैक पॉइंटर कȧ जानकारȣ èटैक सेगमɅट रिजèटर मɅ
मौजूद है। तो, एक और चीज जो िèवͬचंग èटैक कȧ ĤͩĐया के दौरान होती है वह यह है ͩक
ͪवशेषाͬधकार èतर Ǔनàन से उÍच तक बदलता है जो ͩक ǐरंग 3 से होता है, जहां उपयोगकता[
ĤͩĐया करता है 0 कनȶल ǐरंग करता है जहां कनȶल चलता है। तो, इन सभी चीजɉ को सीपीयू
ɮवारा èवचाͧलत Ǿप से ͩकया जाता है।"
16,7,(èलाइडसमय का संदभ[ लɅ: 05:54),"तो, èटैक बदलने और ͪवशेषाͬधकार èतर बढ़ाने के बाद, मूल ĤोĒाम िèथǓत सहेजी जाती है।"
16,8,(èलाइडसमय का संदभ[ लɅ: 06:04),"तो, इसका मतलब यह है ͩक, मान लɅ ͩक हमारे पास एक ऐसा ĤोĒाम है िजसे उपयोगकता[
èथान मɅ ǓनçपाǑदत ͩकया जा रहा है और एक बाधा उ×पÛन होती है, तो उस ĤͩĐया कȧ िèथǓत
सहेजी जाती है। हमɅ उस ĤͩĐया कȧ िèथǓत को बचाने कȧ आवæयकता Èयɉ है? यह आवæयक है
ताͩक इंटरÜट सͪव[ͧसंग पूरा होने के बाद ĤͩĐया ͩफर से शुǾ हो सके।"
16,9,(èलाइडसमय का संदभ[ लɅ: 06:27),"ĤोĒाम िèथǓत कैसे सहेजी जाती है? ĤोĒाम िèथǓत को सहेजने के ͧलए, हम कनȶल èटैक का
उपयोग करɅगे िजसे हमने अभी बताया है जब इंटरÜट हुआ था। तो कनȶल èटैक मɅ हम
SS, ESP,
EFLAGS, CS, EIP
​और यǑद आवæयक हो तो एक Error कोड जैसे ͪवͧभÛन रिजèटर सहेजɅगे।"
16,10,(èलाइडसमय का संदभ[ लɅ: 06:50),"अगला, हम देखɅगे ͩक Ĥोसेसर इंटरÜट हɇडलर पर कैसे कूदता है।"
16,11,(èलाइडसमय का संदभ[ लɅ: 06:54),"इसͧलए, हमने इसे पहले देखा है ͩक Ĥोसेसर IRQ नंबर या IDT टेबल मɅ इंडेÈस करने के ͧलए
इंटरÜट वेÈटर का उपयोग करेगा, जहां से हम सेगमɅट चयनकता[ के साथ-साथ ऑफ़सेट ĤाÜत
करɅगे। सेगमɅट चयनकता[ का उपयोग कोड सेगमɅट का मूल पता ĤाÜत करने के ͧलए ͩकया जाता
है, जबͩक ऑफसेट को इस बेस पते मɅ इंटरÜट ĤͩĐया के èथान को ĤाÜत करने के ͧलए जोड़ा
जाता है। तो Ĥोसेसर तब इस इंटरÜट ĤͩĐया को ǓनçपाǑदत करना शुǾ कर सकता था।"
16,12,(èलाइडसमय का संदभ[ लɅ: 07:25),"अगला चरण वाèतव मɅ इंटरÜट हɇडलर ǓनçपाǑदत करना है। बाधा/इंटरÜट ( interrupt​) से वापस
आएं और इंटरÜट हɇडलर के Ǔनचले Ǒहèसे को भी ǓनçपाǑदत करɅ।"
16,13,(èलाइडसमय का संदभ[ लɅ: 07:34),"तो देखते हɇ ͩक एक सामाÛय इंटरÜट हɇडलर Èया करता है। इसͧलए, एक ठेठ इंटरÜट हɇडलर के
पास 3 भाग हɉगे - एक यह ĤͩĐया को लागू करने के बारे मɅ कुछ अǓतǐरÈत जानकारȣ
बचाएगा। ͩफर, यह बाधा को संसाͬधत करेगा जो बाधा के Ĥकार के ͧलए बहुत ͪवͧशçट होगा।
उदाहरण के ͧलए, यǑद यह एक कȧबोड[ इंटरÜट है तो यहां पर ǓनçपाǑदत कोड कȧबोड[ के ͧलए
बहुत ͪवͧशçट होगा। दूसरȣ तरफ, यǑद यह एक टाइमर बाधा है तो बाधा टाइमर के ͧलए बहुत
ͪवͧशçट होगी। बाधा कȧ Ĥसंèकरण के बाद, सीपीयू मूल संदभ[ को पुनèथा[ͪपत करता है और
उपयोगकता[ ĤͩĐया पर वापस लौटाता है। इसͧलए, हमारे पास असɅबलȣ भाषा मɅ ͧलखा गया
पहला और तीसरा Ǒहèसा है जो आम तौर पर असɅबलȣ भाषा मɅ ͧलखा जाता है, जो इस भाग के
साथ-साथ इस Ǒहèसे के Ǿप मɅ होता है जबͩक अंतराल कȧ Ĥसंèकरण आम तौर पर उÍच èतर
कȧ भाषा सी (‘C’) मɅ होती है"
16,14,(èलाइडसमय का संदभ[ लɅ : 08:27),"तो चͧलए अǓतǐरÈत जानकारȣ के बारे मɅ देखते हɇ जो संĒहȣत है। इसͧलए, हमने पहले कȧ
èलाइड मɅ देखा है ͩक कनȶल èटैक पर ĤोĒाम िèथǓत कȧ बचत है और Úयान दɅ ͩक यह
èवचाͧलत Ǿप से सीपीयू ɮवारा ͩकया जाता है, और दूसरा कुछ
SS, ESP, EFLAGS, CS, EIP
​और
एक ğुǑट कोड सहेजा जा सकता है। इसͧलए, जब इंटरÜट हɇडलर ǓनçपाǑदत करना शुǾ होता है,
तो कनȶल èटैक पर अǓतǐरÈत जानकारȣ भी संĒहȣत होती है। इसͧलए, हमारे पास इसका एक
Ǒहèसा है जो हाड[वेयर ɮवारा संĒहȣत ͩकया जाता है या जो सीपीयू ɮवारा èवचाͧलत Ǿप से और
शेष भाग होता है जो ऑपरेǑटंग ͧसèटम मɅ सॉāटवेयर मɅ ͩकया जाता है। तो ऑपरेǑटंग ͧसèटम
ɮवारा ͩकए गए इस अǓतǐरÈत भाग मɅ अͬधक रिजèĚार हɉगे जो सहेजे गए हɇ। उदाहरण के
ͧलए, सेगमɅट रिजèटर जैसे ͩक
DS, ES,
​और इसी तरह, और सामाÛय Ĥयोजन रिजèटर जैसे
EAX,
आǑद। इसी Ĥकार, ईएसआई, ईडीआई और ईएसपी (
ESI, EDI and
ECX​ ESP​) जैसे अÛय
रिजèटरɉ को संĒहȣत ͩकया जाता है। या कनȶल èटैक पर संĒहȣत रिजèटरɉ का यह पैटन[
Ěैपĥेम के Ǿप मɅ जाना जाता है, और बाधा से वापसी के दौरान एक मह×वपूण[ भूͧमका Ǔनभाता
है, ताͩक उपयोगकता[ ĤͩĐया जो पहले ǓनçपाǑदत कȧ जा रहȣ थी, वहां से ǓनçपाǑदत हो सके
जहाँ से रोका हुआ था।"
16,15,(èलाइडसमय का संदभ[ लɅ: 09:48),"एक इंटरÜट हɇडलर ͧलखते समय एक मह×वपूण[ पहलू इंटरÜट लेटɅसी है। तो, यह अंतराल लेटɅसी
Èया है? तो आइए हम कहɅ ͩक हमारे पास एक Ĥोसेसर है जो उपयोगकता[ ĤͩĐया को ǓनçपाǑदत
कर रहा है जो उपयोगकता[ ĤͩĐया 1 है और कुछ समय बाद कोई बाधा उ×पÛन होती है।
इसͧलए, जब यह बाधा उ×पÛन होती है तो हम जानते हɇ ͩक सीपीयू के साथ-साथ ऑपरेǑटंग
ͧसèटम के बीच होने वालȣ कई Įृंखलाएं होती हɇ। सबसे पहले, पीआईसी (PIC) ɮवारा बाधा का
पता लगाया जाना चाǑहए और ͩफर सीपीयू को अĒेͪषत ͩकया जाना चाǑहए, ͩफर सीपीयू बाधा
का पता लगाता है और ͩफर इसे ͪवͧभÛन जगहɉ जैसे उपयोगकता[ èथान से कनȶल èपेस मɅ
पǐरवत[न संदभ[, और ͩफर उपयोगकता[ èथान ĤोĒाम के ͪवͧभÛन रिजèटरɉ को सहेजना पड़ता है
और केवल तभी, यह बाधा हɇडलर चलाने मɅ स¢म होगा। इसͧलए, इस बार अंतर, जब अंतराल
को वाèतव मɅ तब तक ǑĚगर ͩकया गया है जब इंटरÜट हɇडलर Ǔनçपादन को इंटरÜट लेटɅसी
(​Interrupt Latency​) के Ǿप मɅ जाना जाता है। इसͧलए, यह इंटरÜट लेटɅसी मह×वपूण[ Ǿप से
मह×वपूण[ हो सकती है, खासकर रȣयल टाइम ͧसèटम जैसे ͧसèटम मɅ मह×वपूण[ हो सकती है।
उदाहरण के ͧलए, यǑद आप कार मɅ इèतेमाल होने वालȣ ऑपरेǑटंग ͧसèटम जैसे ͧसèटम देखते
हɇ, तो आप बड़ी ͪवलंबता नहȣं चाहते हɇ, उदाहरण के ͧलए जब कुछ आधुǓनक कारɉ मɅ मौजूद
एयर बैग को ǐरलȣज़ करने के ͧलए कोई बाधा उ×पÛन होती है। इसͧलए, उदाहरण के ͧलए जब
एक दुघ[टना होती है तो आपको तुरंत हवा कȧ थैलȣ कȧ आवæयकता होती है और बेहद जãदȣ
खुल जाता है। इसͧलए, इस तरह के मामले मɅ आपको िजतना संभव हो उतना छोटा अंतराल
ͪवलंबता कȧ आवæयकता होगी। इस इंटरÜट लेटɅसी को Èया Ĥभाͪवत करता है?"
16,16,(èलाइडसमय का संदभ[ लɅ: 11:25),"तो इंटरÜट लेटɅसी ͧसèटम मɅ Ûयूनतम और अͬधकतम के बीच ͧभÛन हो सकती है। Ûयूनतम
इंटरÜट लेटɅसी इंटरÜट Ǔनयंğक के भीतर देरȣ के कारण है। तो ͧसèटम आमतौर पर अंतराल
ͪवलंबता ĤाÜत करने मɅ स¢म नहȣं होगा जो Ǔनयंğक ɮवारा ǓनǑद[çट Ûयूनतम ͪवलंबता से कम
है। दूसरȣ तरफ, अͬधकतम इंटरÜट लेटɅसी, ऑपरेǑटंग ͧसèटम के तरȣके के कारण है। उदाहरण
के ͧलए कुछ ऑपरेǑटंग ͧसèटम अÛय बाधाओं को संभालने या कुछ परमाणु संचालन करने जैसी
मह×वपूण[ कायɟ के दौरान इंटरÜट अ¢म कर दɅगे। इसͧलए, इस ĤͩĐया के दौरान यǑद कोई नया
बाधा उ×पÛन होती है, तो उस बाधा को तब तक इंतजार करना पड़ेगा जब तक ͩक ͪपछले बाधा
पूण[ नहȣं हो जाती है या परमाणु संचालन पूरा हो जाता है। इसͧलए, पǐरणामèवǾप आप
अंतराल ͪवलंबता मɅ वृɮͬध ĤाÜत करɅगे।"
16,17,(èलाइडसमय का संदभ[ लɅ: 12:20),"तो, इंटरÜट ͪवलंब को कम करने का एक तरȣका इंटरÜट को अ¢म नहȣं कर रहा है। हालांͩक,
इसका पǐरणाम नेèटेड इंटरÜɪस के Ǿप मɅ जाना जाता है और इस ͪवशेष आकृǓत मɅ ͬचǒğत
ͩकया गया है। तो आइए हम कहɅ ͩक कनȶल कोड सीपीयू मɅ ǓनçपाǑदत हो रहा है और कुछ
समय बाद एक बाधा उ×पÛन होती है िजसके कारण इंटरÜट हɇडलर ǓनçपाǑदत करना शुǾ कर
देता है। इसͧलए, जब हèत¢ेप हɇडलर ǓनçपाǑदत करता है, तो उÍच Ĥाथͧमकता का दूसरा बाधा
होता है और इससे दूसरे इंटरÜट हɇडलर को ǓनçपाǑदत ͩकया जा सकता है। दूसरे इंटरÜट हɇडलर
पूरा होने के बाद, पहला इंटरÜट हɇडलर तब भी जारȣ है जहां से यह बाधा से पहले हȣ ǽक गया
था, यह इस ͪवशेष ǒबंदु पर बंद हो गया था और अब यह इस ͪवशेष ǒबंदु से ǓनçपाǑदत करना
जारȣ रखेगा। इसͧलए, इस इंटरÜट हɇडलर ǓनçपाǑदत करने के बाद, मूल कनȶल कोड ǓनçपाǑदत
करना जारȣ रहेगा। इसͧलए, जैसा ͩक हम देखते हɇ ͩक Ĥणालȣ अͬधक ĤǓतͩĐयाशील हो जाती
है, इस अथ[ मɅ ͩक जब उÍच Ĥाथͧमकता का एक नया बाधा आता है तो ͪवलंबता बहुत कम
होती है। हालांͩक, सीमा यह है ͩक यह नेèटेड इंटरÜɪस ऑपरेǑटंग ͧसèटम ͫडजाईन को और
अͬधक कǑठन कर देता है, यह ͪवशेष ऑपरेǑटंग ͧसèटम को माÛय करना भी अͬधक कǑठन
होगा। इसͧलए, जहां तक संभव हो हम हèत¢ेप हɇडलरɉ को बेहद छोटा बनाने के ͧलए ͫडज़ाइन
करना चाहते हɇ ताͩक ऐसे घɉसले वाले इंटरÜट अ×यͬधक संभावना न हɉ। ͧमसाल के तौर पर,
अगर हम इस इंटरÜट हɇडलर 1 को इस तरह से ͫडजाइन करते हɇ ͩक इस ǒबंदु पर यह अपना
Ǔनçपादन पूरा कर लेगा, तो वाèतव मɅ दूसरे बाधा को नेèट (nest) करने कȧ आवæयकता नहȣं
होगी।"
16,18,(èलाइडसमय का संदभ[ लɅ: 14:10),"वाèतव मɅ छोटे इंटरÜट हɇडलर को ĤाÜत करने का एक तरȣका यह है ͩक इसे इस तरह से
ͫडजाइन ͩकया जाए ͩक केवल आवæयक मह×वपूण[ और मह×वपूण[ संचालन इंटरÜट हɇडलर मɅ
ͩकए जाते हɇ। अÛय सभी पǐरचालन बाद मɅ èथͬगत कर Ǒदए गए हɇ, अÛय सभी गैर-मह×वपूण[
कार[वाइयां बाद मɅ èथͬगत हɇ।"
16,19,(èलाइडसमय का संदभ[ लɅ: 14:29),"ͧलनÈस मɅ, यह शीष[ आधे इंटरÜट हɇडलर और नीचे आधा इंटरÜट हɇडलर ĤाÜत करके हाͧसल
ͩकया जाता है। शीष[ आधा इंटरÜट हɇडलर पहले ǓनçपाǑदत हो जाता है, और Ûयूनतम काम
करता है जो मह×वपूण[ है और ͩफर इंटरÜट से वापस आता है। इसͧलए इसमɅ शाͧमल मह×वपूण[
काय[ रिजèटरɉ कȧ बचत, अÛय बाधाओं का खुलासा करना, रिजèटरɉ को ǓनçपाǑदत करने और
पुनèथा[ͪपत करने और ͪपछले संदभ[ मɅ लौटने के ͧलए इंटरÜट हɇडलर के Ǔनचले Ǒहèसे को ǑĚगर
करना है। तो, कुछ समय बाद नीचे आधा हèत¢ेप हɇडलर ǓनçपाǑदत करता है। Ǔनचला आधा
इंटरÜट हɇडलर आम तौर पर कुछ डेटा ĤाÜत करेगा जो शीष[ आधे इंटरÜट हɇडलर ने इसे एक
कतार के ͧलए कहकर भेजा है और यह उस ͪवशेष डेटा को संसाͬधत करेगा। तो, शीष[ आधा
बाधा हɇडलर के ͪवपरȣत, नीचे आधा बाधा हɇडलर बाͬधत ͩकया जा सकता है।"
16,20,(èलाइडसमय का संदभ[ लɅ: 15:21),"तो चͧलए xv6 मɅ इंटरÜट हɇडͧलंग का उदाहरण लɅ। ͪवशेष Ǿप से हम कȧबोड[ के संबंध मɅ
हèत¢ेप के बारे मɅ देखɅगे। इसͧलए, हमने पहले इस ͪवशेष आंकड़े को देखा है और हमने देखा है
ͩक कȧबोड[ माèटर 8259 के आईआरÈयू 1 (IRQ 1) से जुड़ा हुआ है। इसͧलए, जब एक कुंजी
दबाई जाती है तो इसके पǐरणामèवǾप इस ͪवशेष पंिÈत 1 पर जोर Ǒदया जाता है और माèटर
8259 तब हèतांतरण करेगा आईएनटȣ (INT) ͪपन के माÚयम से सीपीयू मɅ इंटरÜट। सीपीयू तब
पता लगाएगा ͩक एक कȧèĚोक दबाया गया है, और इसी इंटरÜट वेÈटर को Ǔनधा[ǐरत करता है
िजसके पǐरणामèवǾप यह फ़ंÈशन
consoleintr
​ǓनçपाǑदत ͩकया जाएगा।"
16,21,(èलाइडसमय का संदभ[ लɅ: 16:08),"अब,
consoleintr
​मɅ जो xv6 कोड मɅ कंसोल डॉट सी मɅ मौजूद है, पहले Èया ͩकया जाता है यह
है ͩक यह काय[ कुंजीपटल के साथ kbd dot c मɅ मौजूद कुंजीपटल Ĝाइवर का उपयोग करके
कुंजीपटल के साथ संवाद करेगा कौन सी कुंजी दबा दȣ गई है। अब, यǑद यह एक ͪवशेष कुंजी
थी तो कुंजीपटल मɅ दबाए गए ͪवशेष वणɟ के ͧलए एक ͪवशेष सͪव[ͧसंग ͩकया जाता है और
ͩफर डेटा को गोलाकार बफर मɅ धकेल Ǒदया जाता है। तो सकु[ लर बफर जैसा ͩक यहां Ǒदखाया
गया है - इसमɅ एक
read
​पॉइंटर और एक write​ पॉइंटर ͧमला है। तो
consoleintr
​ͧलखने वाले
पॉइंटर ɮवारा इंͬगत मेमोरȣ पर डेटा को धÈका देगा और उसके बाद डÞãयू (W) को बढ़ाएगा।
इसͧलए, बाद के ǒबंदु पर ऑपरेǑटंग ͧसèटम मɅ अÛय फ़ंÈशंस पढ़ने वाले पॉइंटर का उपयोग
करके डेटा पढ़Ʌगे और इसͧलए, यह Ǔनधा[ǐरत करने मɅ स¢म हɉगे ͩक Èया हɇ दबाए गए
कȧèĚोक। तो, यह इंटरÜɪस के बारे मɅ संͯ¢Üत पǐरचय था और कैसे इंटरÜट ͩकए जाते हɇ और
सीपीयू और ऑपरेǑटंग ͧसèटम ɮवारा उÛहɅ कैसे Ĥबंͬधत ͩकया जाता है। अगले वीͫडयो मɅ हम
सॉÝटवेयर इंटरÜɪस देखɅगे और ऑपरेǑटंग ͧसèटम मɅ ͧसèटम कॉल को लागू करने के ͧलए
उनका उपयोग कैसे ͩकया जाएगा।"
17,0,,"ऑपरेǑटंग ͧसèटम का पǐरचय
Ĥोफेसर चेèटर रेबेरो
कंÜयूटर ͪव£ान और इंजीǓनयǐरंग ͪवभाग
भारतीय Ĥौɮयोͬगकȧ संèथान, मġास
वीक - 04
åयाÉयान - 16
सॉÝटवेयर इंटरÜɪस और ͧसèटम कॉलस (
Software Interrupts and System
calls​)
इस वीͫडयो मɅ, हम एक मह×वपूण[ Ĥकार के इंटरÜɪस िजÛहɅ सॉÝटवेयर इंटरÜɪस के नाम से
जाना जाता है, और ͧसèटम कॉल मɅ उनके अनुĤयोग को देखते हɇ ।"
17,1,(èलाइडसमय का संदभ[ लɅ: 00:28),"ͪपछले वीͫडयो मɅ, हमने हाड[वेयर इंटरÜɪस को देखा था। हमने देखा था ͩक कȧबोड[ या नेटवक[
काड[ जैसे ͫडवाइस सीपीयू मɅ एक ͪवशेष ͧसÊनल कैसे लगा सकते हɇ और इससे सीपीयू को
असीͧमत Ǿप से ͫडवाइस से संबंͬधत एक इंटरÜट हɇडलर ǓनçपाǑदत करने का कारण बनता है।
इसͧलए, जैसा ͩक हमने ͪपछले वीͫडयो मɅ देखा है, यह ͫडवाइस आमतौर पर एक पीआईसी
(PIC) या ĤोĒाम करने योÊय इंटरÜट Ǔनयंğक जैसे इंटरमीͫडएट ͫडवाइस के माÚयम से सीपीयू
को ͧसÊनल भेज देगा। इसी तरह, हमारे पास सॉāटवेयर इंटरÜट के Ǿप मɅ जाना जाता है।
हालांͩक, बाहरȣ ͫडवाइस होने के ͪवपरȣत जो बाधा उ×पÛन करता है, यहां ĤोĒाम मɅ एक Ǔनदȶश
बाधा उ×पÛन करेगा। इस ͪवशेष मामले मɅ, उदाहरण के ͧलए, आईएनटȣ जैसे Ǔनदȶश मɅ बाधा
उ×पÛन होगी और ऑपरेǑटंग ͧसèटम ǓनçपाǑदत होगा। तो, यहां Ǔनदȶश INT x है, इसͧलए x
यहां इंटरÜट नंबर है। यह आमतौर पर 256 से कम मान है, और इसका उपयोग सॉāटवेयर
इंटरÜɪस के बीच ǓनǑद[çट या अंतर करने के ͧलए ͩकया जाता है।"
17,2,(èलाइडसमय का संदभ[ लɅ: 01:54),"तो, सॉÝटवेयर इंटरÜट कहां इèतेमाल ͩकया जाता है? इसͧलए, सॉāटवेयर कॉल को लागू करने
के ͧलए सॉāटवेयर इंटरÜट का उपयोग ͩकया जाता है। इसͧलए, जैसा ͩक हम जानते हɇ ͩक
उपयोगकता[ ĤͩĐया कुछ कनȶल ऑपरेशन करने के ͧलए ͧसèटम कॉल का आéवान कर सकती
है। उदाहरण के ͧलए, यह ͩकसी फ़ाइल को पढ़ने या फ़ाइल ͧलखने, मॉनीटर पर कुछ ͪĤंट करने
के ͧलए, या नेटवक[ के माÚयम से एक पैकेट भेजने के ͧलए हो सकता है। अͬधक ͪवशेष Ǿप
से, सभी ऑपरेǑटंग ͧसèटम एक ͪवशेष सॉÝटवेयर बाधा के माÚयम से ͧसèटम कॉल लागू करते
हɇ। उदाहरण के ͧलए, ͧलनÈस ऑपरेǑटंग ͧसèटम मɅ, सॉÝटवेयर इंटरÜट 128 का उपयोग
ͧसèटम कॉल ǓनǑद[çट करने के ͧलए ͩकया जाता है। इसͧलए, एक ͧलनÈस ओएस मɅ, यǑद मेरे
पास एक INT 128 है जो उपयोगकता[ ĤͩĐया मɅ ǓनçपाǑदत ͩकया गया है, तो यह एक बाधा
उ×पÛन करेगा जो कनȶल या ऑपरेǑटंग ͧसèटम को ǓनçपाǑदत करने का कारण बनता है, और
इसके बाद ओएस कोड के आधार पर कोड ǓनçपाǑदत करेगा बीच मɅ। Xv6 मɅ, ͧसèटम कॉल को
लागू करने के ͧलए उपयोग ͩकए जाने वाले सॉāटवेयर बाधा 64 या उपयोगकता[ ĤͩĐया मɅ INT
64 जैसे Ǔनदȶश ͧसèटम कॉल को लागू करने के ͧलए हɉगे।"
17,3,(èलाइडसमय का संदभ[ लɅ: 03:19),"तो उदाहरण लेने के ͧलए, आइए मान लɅ ͩक हमारे एिÜलकेशन मɅ एक ͪĤंटफ èटेटमɅट मौजूद है।
तो, printf इस िèĚंग को मानक आउटपुट पर ͪĤंट करेगा, जो आमतौर पर मॉनीटर होता है।
अब printf लाइĦेरȣ libc मɅ मौजूद एक फ़ंÈशन है और यह libc फ़ंÈशन को लागू करने का
कारण बनता है। अब libc फ़ंÈशन मɅ ͪवǓनदȶशक STDOUT के साथ लेखन Ĥणालȣ कॉल पर
एक कॉल है। तो, यहां STDOUT फ़ाइल वण[नकता[ है; और यह एक ͪवशेष फ़ाइल वण[नकता[ है
जो मानक आउटपुट या मॉǓनटर के ͧलए है। तो
write
function​ मɅ, यह ͧलनÈस मɅ xv6 या
INT 128 मɅ INT 64 का आéवान करेगा और सॉāटवेयर मɅ बाधा उ×पÛन होगी। इसͧलए,
सॉāटवेयर बाͬधत होने के कारण हम जानते हɇ ͩक उपयोगकता[ èथान से कनȶल èपेस मɅ
पǐरवत[न होगा और इसके पǐरणामèवǾप ऑपरेǑटंग ͧसèटम ǓनçपाǑदत होगा। ओएस तब यह
Ǔनधा[ǐरत करेगा ͩक अंतराल वाèतव मɅ ͧसèटम कॉल के कारण था और ͩफर यह Ǔनधा[ǐरत
करेगा ͩक यह ͩकस ͧसèटम कॉल से था; इस मामले मɅ, यह एक लेखन Ĥणालȣ कॉल (
write
system
call​) से था और यह मानक आउटपुट - STDOUT के ͧलए एक ͧलखना ( write​) था।
तो ऑपरेǑटंग ͧसèटम तब ͧलखने वाले ͧसèटम कॉल के ͧलए हɇडलर का आéवान करेगा, और
यह हɇडलर मॉǓनटर पर िèĚंग को Ĥदͧश[त करने के ͧलए वीͫडयो काड[ जैसे ͪवͧभÛन उपकरणɉ के
साथ संचार करने का Éयाल रखेगा। इसͧलए, इस हɇडलर Ǔनçपादन को पूरा करने के बाद, IRET
Ǔनदȶश ǓनçपाǑदत ͩकया जाता है िजसके पǐरणामèवǾप कनȶल èपेस से उपयोगकता[ èथान पर
एक पǐरवत[न वापस आ जाएगा और काय[Đम ǓनçपाǑदत रहेगा।"
17,4,(èलाइडसमय का संदभ[ लɅ: 05:31),"अब, आमतौर पर ऑपरेǑटंग ͧसèटम कई अलग-अलग Ĥकार कȧ ͧसèटम कॉल का समथ[न करते
हɇ। तो, यहां पर यह ͪवशेष ताͧलका xv6 ɮवारा समͬथ[त ͪवͧभÛन ͧसèटम कॉल Ǒदखाती है। तो,
ͪपछले वीͫडयो मɅ हमने उनमɅ से कुछ को देखा था। उदाहरण के ͧलए, हमने फोक[ (fork) देखा
था, बाहर ǓनकलɅ, इस तरह इंतजार करɅ। और आप कई Ĥकार कȧ ͧसèटम कॉल से भी पǐरͬचत
हɇ जैसे खुले, पढ़ना, ͧलखना, बंद करना, Ǔनदȶͧशका बदलना, Ǔनदȶͧशका बनाना आǑद। इसͧलए,
इन ͧसèटम कॉलɉ मɅ से Ĥ×येक को आईएनटȣ 64 जैसे सॉÝटवेयर इंटरÜट होने पर ǓनçपाǑदत
ͩकया जाएगा, Èयɉͩक यह xv6 है, इसͧलए यह 64 है। इसͧलए, Ĥ×येक बार जब इनमɅ से कोई
भी ͧसèटम कॉल उपयोगकता[ ĤͩĐया ɮवारा लागू कȧ जाती है, तो यह ǑĚगर होगी ǓनçपाǑदत
करने के ͧलए ऑपरेǑटंग ͧसèटम। अब, अगला èपçट सवाल है ͩक कोई पूछेगा ओएस पǐरĤेêय
से, ओएस ͪवͧभÛन ͧसèटम कॉल के बीच अंतर कैसे करता है? इसͧलए, हम उãलेख करते हɇ
ͩक सभी ͧसèटम कॉल xv6 और INT 128 के ͧलए ͧलनÈस के ͧलए INT 64 का उपयोग
करɅगे। तो ओएस कैसे Ǔनधा[ǐरत करता है ͩक ͧसèटम कॉल फोक[ (fork), wait, sleep, exit के
संबंध मɅ था या नहȣं। अǓनवाय[ Ǿप से यह अंतरकता[ उपयोगकता[ ĤͩĐया से आता है।"
17,5,(èलाइडसमय का संदभ[ लɅ: 07:09),"Èया होता है ͩक, आईएनटȣ 64 Ǔनदȶश से पहले, उपयोगकता[ ĤͩĐया एक ͧसèटम कॉल नंबर को
eax रिजèटर मɅ ले जायेगी। इसͧलए, उदाहरण के ͧलए, यह Ǔनदȶश mov x, eax ͧसèटम कॉल
नंबर को ईएÈस रिजèटर मɅ ले जायेगा। अब ऑपरेǑटंग ͧसèटम मɅ Ĥ×येक ͧसèटम कॉल मɅ एक
अɮͪवतीय संÉया, ͧसèटम कॉल नंबर होगा। अब INT Ǔनदȶश ɮवारा ǑĚगर होने पर ऑपरेǑटंग
ͧसèटम eax रिजèटर देखेगा, और ͩफर यह Ǔनधा[ǐरत करेगा ͩक कौन सी ͧसèटम कॉल लागू
कȧ गई थी। उदाहरण के ͧलए, xv6 मɅ, यǑद हम इन ͪवशेष शीष[लेख फ़ाइलɉ को देखते हɇ, तो
हम पǐरभाͪषत ͪवͧभÛन ͧसèटम कॉल नंबर देखɅगे। उदाहरण के ͧलए, यहां पर, हमारे पास
Ĥ×येक ͧसèटम कॉल को एक ͪवͧशçट संÉया दȣ गई है, उदाहरण के ͧलए SYS अंडरèकोर fork
1 Ǒदया गया है, SYS अंडरèकोर exit वाला 2 और इसी तरह से। अब जब INT 64 Ǔनदȶश
ǓनçपाǑदत होने के कारण ओएस ǑĚगर हो जाता है, तो ओएस इस ͧसèटम कॉल नंबर का
उपयोग कर ͧसèटम कॉल Ǔनधा[ǐरत करेगा और उसके बाद संबंͬधत ͧसèटम कॉल हɇडलर का
आéवान करेगा। इसͧलए, Ĥ×येक ͧसèटम कॉल मɅ एक संबंͬधत ͧसèटम कॉल हɇडलर भी होता है।
यह यहां Ǒदखाया गया है, Ĥ×येक ͧसèटम कॉल नंबर के अनुǾप SYS अंडरèकोर fork 1 है,
SYS अंडरèकोर exit यह 2 है और इसी तरह। इसͧलए, ये ऑपरेǑटंग ͧसèटम मɅ मौजूद
ͧसèटम कॉल फ़ंÈशंस हɇ जो ͧसèटम कॉल के Ĥकार के आधार पर ǑĚगर हो जाते हɇ। उदाहरण
के ͧलए, यǑद eax का मूãय 11 था, तो ऑपरेǑटंग ͧसèटम eax रिजèटर मɅ देखेगा और यह
Ǔनधा[ǐरत करेगा ͩक यह getpid ͧसèटम कॉल के साथ जुड़ा हुआ है। और ͩफर यह इस ͪवशेष
ताͧलका मɅ Ǒदखेगा और देखɅ ͩक getpid ͧसèटम कॉल इस फ़ंÈशन sys underscore getpid
ɮवारा संभाला जाता है, और इसͧलए यह इस sys underscore getpid फ़ंÈशन को आवेदक
करेगा।"
17,6,(èलाइडसमय का संदभ[ लɅ: 09:36),"अब, हम ͧसèटम कॉल के ठेठ Ĥोटोटाइप को देखते हɇ। तो, एक सामाÛय ͧसèटम कॉल जैसा
Ǒदखाया गया है। तो, ज़ाǑहर है, इसमɅ एक ͧसèटम कॉल नाम है जो एक फ़ंÈशन नाम है और
ͩफर इसे कुछ संसाधन वण[नकता[ और पैरामीटर पाǐरत ͩकया जाता है और आमतौर पर एक
पूणाɍक लौटाता है। इसͧलए, संसाधन वण[नकता[ ǓनǑद[çट करता है ͩक ऑपरेǑटंग ͧसèटम संसाधन
यहां लêय है। उदाहरण के ͧलए, यह एक फ़ाइल या ͫडवाइस हो सकता है; और जैसा ͩक हमने
ͪपछलȣ èलाइड मɅ देखा है, यह उदाहरण के ͧलए एक ͪवशेष मॉǓनटर भी ǓनǑद[çट कर सकता है,
यǑद संसाधन ͫडिèĐÜटर STDOUT है तो यहां उपयोग मɅ संसाधन मॉǓनटर है। इसͧलए, कुछ
ͧसèटम कॉल भी इस संसाधन वण[नकता[ को ǓनǑद[çट नहȣं करते हɇ; ऐसे मामले मɅ, ͧसèटम
कॉल उस संसाधन के ͧलए हȣ है। उदाहरण के ͧलए, यǑद हम sleep Ĥणालȣ कॉल का उपयोग
करते हɇ, तो हम केवल समय और कोई ͪवͧशçट वण[नकता[ जैसे फाइल, ͫडवाइस और अÛय
ǓनǑद[çट नहȣं करते हɇ। इसका मतलब है ͩक वत[मान ĤͩĐया उस अंतराल के समय के ͧलए
sleep चाहती है। अगला भाग पैरामीटर है। इसͧलए, ये पैरामीटर ͧसèटम कॉल के ͧलए ͪवͧशçट
हɇ। उदाहरण के ͧलए, अगर हम
read, write, open
या
close
लगाते हɇ या ͩकसी अÛय ͧसèटम
कॉल का आéवान करते हɇ, तो यहां ǓनǑद[çट पैरामीटर इन ͧसèटम कॉलɉ मɅ से Ĥ×येक के ͧलए
बहुत ͪवͧशçट हɉगे। उदाहरण के ͧलए, write​ Ĥणालȣ कॉल मɅ पैरामीटर
buf
​होता है जो एक
वोयड पॉइंटर और count है। इसͧलए, खुले या बंद या ͩकसी अÛय ͧसèटम कॉल मɅ पैरामीटर
के अलग-अलग सेट हɉगे। इसͧलए, अǓनवाय[ Ǿप से ये पैरामीटर ͧसèटम कॉल के Ĥकार के ͧलए
बहुत ͪवͧशçट हɇ। ǐरटन[ Ĥकार आमतौर पर int या पूणाɍक होता है, और कभी-कभी यह एक
void​ है। इसͧलए, 'int' आमतौर पर उपयोग ͩकया जाता है Èयɉͩक इस तरह से ऑपरेǑटंग
ͧसèटम ͧसèटम कॉल कȧ समापन िèथǓत भेजने मɅ स¢म होगा, चाहे वह सफलतापूव[क
ǓनçपाǑदत हो या यह ͪवफल हो गया था। इसͧलए, कभी-कभी ǐरटन[ का उपयोग ͧसèटम कॉल
के बारे मɅ कुछ ͪवͧशçट जानकारȣ ǓनǑद[çट करने के ͧलए भी ͩकया जाता है। उदाहरण के ͧलए,
ͧलखने मɅ ǐरटन[
size underscore
t​ है जो वाèतव मɅ, integer के ͧलए typdef है और यह
फ़ाइल मɅ ͧलखे गए बाइɪस कȧ संÉया ǓनǑद[çट करता है, ǓनǑद[çट int fd। इसͧलए, ǐरटन[ Ĥकार
ͧसèटम कॉल के Ĥकार के आधार पर भी ͧभÛन हो सकता है। अगलȣ चीज़ जो हम देखɅगे वह
यह है ͩक ये पैरामीटर संसाधन संसाधनकता[ है और ͧसèटम कॉल को पास करने वाले पैरामीटर
कनȶल को भेजे जाते हɇ। इसͧलए, Úयान दɅ ͩक मानक कॉल से ͧसèटम कॉल बहुत अलग तरȣके
से आवेǑदत होते हɇ। तो, एक फ़ंÈशन कॉल मɅ, जैसा ͩक हम जानते हɇ ͩक Ǔनदȶश कॉल
(​instruction
call)
​का उपयोग ͩकया जाएगा और कॉल एक पता ǓनǑद[çट करेगा जहां फंÈशन
रहता है और कॉल के ͧलए ͪवͧभÛन पैरामीटर èथानीय èटैक के माÚयम से पाǐरत ͩकए जाते हɇ।
इसी Ĥकार, फंÈशन कॉल से वापस लौटाई गई int return, eax रिजèटर के माÚयम से वापस
कर दȣ जाएगी। इसͧलए, दूसरȣ तरफ ͧसèटम कॉल, फ़ंÈशन कॉल से बहुत अलग तरȣके से काम
करता है। इसͧलए, जैसा ͩक हमने ͧसèटम कॉल को देखा है, xv6 के मामले मɅ INT 64 Ǔनदȶश
ɮवारा कनȶल को आमंǒğत करता है। तो, संसाधन ͫडिèĐÜटर और अÛय पैरामीटर जैसे पैरामीटर
कनȶल को कैसे पास ͩकए जाते हɇ?"
17,7,(èलाइडसमय का संदभ[ लɅ: 13:49),"तो अǓनवाय[ Ǿप से, ऐसा करने के तीन तरȣके हɇ। पहला रिजèĚार ɮवारा पास ͩकया जाता है जो
आम तौर पर LINUX मɅ ͩकया जाता है; दूसरा तरȣका उपयोगकता[ मोड èटैक से गुजरकर है जो
xv6 मɅ ͩकया जाता है; और तीसरा तरȣका एक ǓनǑद[çट èमृǓत ¢ेğ से गुजर रहा है। इसͧलए,
इस ͪवशेष मामले मɅ, Èया ͩकया जाता है ͩक उपयोगकता[ ĤͩĐया मɅ हȣ, èटैक मɅ सबसे अͬधक
नाͧमत एक ǓनǑद[çट ¢ेğ का उपयोग ͧसèटम कॉल को पाǐरत करने के ͧलए आवæयक ͪवͧभÛन
मानकɉ/पैरामीटस[ ( parameters​) को बचाने के ͧलए ͩकया जाएगा; और èटैक मɅ इस ¢ेğ का
पता रिजèटरɉ के माÚयम से पाǐरत ͩकया जाता है। इसͧलए, हम रिजèĚार ɮवारा पाǐरत अÛय
दो मामलɉ को देखɅगे और अͬधक जानकारȣ मɅ उपयोगकता[ मोड èटैक के माÚयम से पास करɅगे।"
17,8,(èलाइडसमय का संदभ[ लɅ: 14:44),"अब रिजèटरɉ ɮवारा भेजना/पास बाय रिजèटरस (
Pass by
Registers​) जो LINUX ͧसèटम कॉल
ɮवारा उपयोग ͩकया जाता है, कनȶल को पैरामीटर पास करने के ͧलए Ĥोसेसर मɅ मौजूद
रिजèटरɉ का उपयोग करेगा। इसͧलए, हम जानते हɇ ͩक हमने इस बारे मɅ पहले से हȣ एक
उदाहरण देखा है ͩक कैसे eax रिजèटर का उपयोग ͧसèटम ĤͩĐया संÉया को ͧसèटम ĤͩĐया
से ऑपरेǑटंग ͧसèटम मɅ पास करने के ͧलए ͩकया जाता है। इसी तरह,
ebx, ecx, esi, edi,
​और
ebp जैसे अÛय रिजèटरɉ का उपयोग उपयोगकता[ ĤͩĐया से कनȶल मɅ ͧसèटम कॉल के ͪवͧभÛन
मानकɉ को पाǐरत करने के ͧलए ͩकया जाता है। यǑद ͧसèटम कॉल मɅ 6 से अͬधक तक[ हɇ तो
तक[ सूची वाले Þलॉक संरचना मɅ एक पॉइंटर कनȶल को पास ͩकया जाता है।"
17,9,(èलाइडसमय का संदभ[ लɅ: 15:41),"अब, उपयोगकता[ Mode èटैक के माÚयम से पास होने वाले दूसरे मामले को देखɅ और यह xv6
मɅ ͩकया जाता है। इसͧलए, इस ͪवशेष तरȣके से, int 64 Ǔनदȶश मौजूद होने से पहले ͧसèटम
कॉल मɅ ͪवͧभÛन पैरामीटर èटैक पर धकेल Ǒदए जाते हɇ। उदाहरण के ͧलए, यǑद ͧसèटम कॉल
मɅ 3 पैरामीटर थे; param 1, param 2, और param 3, इसͧलए इन तीन पैरामीटर को
उपयोगकता[ èपेस èटैक मɅ धÈका Ǒदया जाता है और ͩफर ͧसèटम कॉल नंबर जैसा हमने देखा
है, को ईएÈस रिजèटर मɅ ले जाया गया है। तो, यह यहां तीन पैरामीटर वाले उपयोगकता[
ĤͩĐया मɅ उपयोगकता[ èपेस èटैक है। अब, जब INT Ǔनदȶश ǓनçपाǑदत ͩकया जाता है, जैसा ͩक
हम जानते हɇ, यह उपयोगकता[ अंतǐर¢ से कनȶल èपेस मɅ िèवच के कारण एक बाधा उ×पÛन
करता है। इस इंटरÜट Ǔनçपादन के पǐरणामèवǾप, जैसा ͩक हमने देखा है, उपयोगकता[ èपेस
èटैक से कनȶल èपेस èटैक पर èटैक मɅ िèवच है। और हमने ͪपछले वीͫडयो मɅ जो देखा है, यह
कनȶल èटैक का उपयोग Ěैपĥेम (trapframe) के Ǿप मɅ जाना जाता है। तो, यह trapframe
यहां Ǒदखाया गया है। तो, हमने ͪपछले वीͫडयो मɅ जो देखा है, उसमɅ से कुछ Ĥͪविçटयɉ को
सीपीयू ɮवारा èवचाͧलत Ǿप से èटैक मɅ धकेल Ǒदया जाता है। इसͧलए, ͪवशेष Ǿप से,
capitals
मɅ ǓनǑद[çट इन रिजèटरɉ को सभी को कनȶल èटैक पर सीपीयू ɮवारा धÈका Ǒदया जाता है जो
Ěैपĥेम पर है। अब, हमारे ͧलए SS और ESP मह×वपूण[ है। इसͧलए, ये èटैक सेगमɅट और
èटैक पॉइंटर हɇ, और ये रिजèĚार उपयोगकता[ èपेस èटैक से मेल खाते हɇ। इसͧलए, जैसा ͩक
हम जानते हɇ ͩक INT 64 को ǓनçपाǑदत करने से पहले, अंǓतम £ात èटैक पॉइंटर इस ͪवशेष
èथान पर इशारा कर रहा था। और इसͧलए, ESP कȧ सामĒी उपयोगकता[ èथान के ढेर मɅ इस
èथान को इंͬगत करेगी। इसͧलए, इस तरह, कनȶल ͧसèटम कॉल के ͧलए ͪवͧभÛन मानकɉ को
Ǔनधा[ǐरत करने के ͧलए SS और ESP को trapframe​ से उपयोग करेगा।"
17,10,(èलाइडसमय का संदभ[ लɅ: 18:22),"अगलȣ बात हम देखɅगे ͩक कैसे ͧसèटम मूãय से वापस लौटने का तरȣका उपयोगकता[ ĤͩĐया मɅ
वापस कॉल ͩकया जाता है। ͩफर हम याद करɅगे ͩक ĤͩĐया के ͧलए कनȶल èटैक मɅ इस
trapframe
​को बनाने का पूरा कारण इस कारण से है ͩक जब इंटरÜट या ͧसèटम कॉल
Ǔनçपादन पूरा करता है, तो
trapframe
​मɅ पूरȣ अवèथा वापस संबंͬधत CPU रिजèटरɉ मɅ बहाल
ͩकया जाता है , और इसके पǐरणामèवǾप उपयोगकता[ ĤͩĐया को जहां से रोक Ǒदया गया था,
ǓनçपाǑदत करना जारȣ रहेगा, और उपयोगकता[ ĤͩĐया का संदभ[ भी trapframe​ कȧ मदद से
बहाल ͩकया जाएगा। अब, कनȶल èपेस मɅ उपयोगकता[ èथान पर ǓनçपाǑदत ͧसèटम कॉल से
एक मान वापस करने के ͧलए, तो Èया ͩकया जाता है यह है ͩक trapframe​ मɅ EAX रिजèटर
संशोͬधत ͩकया गया है; अǓनवाय[ Ǿप से, हमने देखा था ͩक इस ͪवशेष Ǔनदȶश के कारण EAX
रिजèटर मɅ ͧसèटम कॉल नंबर होगा। अब ͧसèटम कॉल के ǐरटन[ वैãयू ɮवारा इस ͧसèटम कॉल
नंबर को ओवरराइड ͩकया गया है। इसͧलए, यह एक नकारा×मक संÉया हो सकता है जैसे शूÛय
1 या सकारा×मक संÉया जैसा ͩक हमने पहले कȧ èलाइड मɅ देखा है। तो, अब जब ͧसèटम
कॉल ǓनçपाǑदत करता है और Ǔनçपादन पूरा करता है और संदभ[ को उपयोगकता[ ĤͩĐया मɅ
वापस èथानांतǐरत कर Ǒदया जाता है, तो trapframe​ मɅ eax के नए मूãय सǑहत संपूण[
trapframe​ को सीपीयू के रिजèटरɉ मɅ वापस बहाल ͩकया जाता है। यह ĤͩĐया eax के नए
मूãय के साथ इस ͪवशेष Ǔनदȶश से ǓनçपाǑदत है, िजसमɅ ͧसèटम कॉल से वापसी शाͧमल है।
धÛयवाद।"
18,0,,"ऑपरेǑटंग ͧसèटम का पǐरचय
Ĥोफेसर चेèटर रेबेरो
कंÜयूटर ͪव£ान और इंजीǓनयǐरंग ͪवभाग
भारतीय Ĥौɮयोͬगकȧ संèथान, मġास
सÜताह
- 04
åयाÉयान
- 17
सीपीयू संदभ[ िèवͬचंग
नमèकार। इस वीͫडयो मɅ हम सीपीयू संदभ[ िèवͬचंग देखɅगे। हम देखɅगे ͩक ऑपरेǑटंग ͧसèटम एकाͬधक
Ĥोसेसर को कैसे स¢म बनाता है या एक ͧसंगल सीपीयू साझा करने के ͧलए कई ĤͩĐयाओं को स¢म
बनाता है।"
18,1,"(èलाइडसमय का संदभ[ लɅ:
00:30)","तो आइए हम इस ͪवशेष आकृǓत पर ͪवचार करɅ, जहां हमारे पास ͧसèटम मɅ एक ͧसंगल सीपीयू है िजसे कई
ĤͩĐयाओं के बीच साझा ͩकया जाता है। इसͧलए, मãटȣ टािèकंग के नाम से जाना जाने वाला एक सुͪवधा
ɮवारा ऑपरेǑटंग ͧसèटम यह स¢म करता है ͩक यह सीपीयू ͪवͧभÛन ĤͩĐयाओं के बीच काफȧ साझा ͩकया
गया है। तो, एक बहु काय[ वातावरण मɅ या एक बहु काय[शील स¢म ऑपरेǑटंग ͧसèटम मɅ, ओएस कुछ
ĤͩĐयाओं के ͧलए एक ĤͩĐया को ǓनçपाǑदत करने कȧ अनुमǓत देगा, और उसके बाद एक संदभ[ िèवच
होगा। इसͧलए, इस संदभ[ िèवच के दौरान, ĤͩĐया
1
बंद कर दȣ जाएगी और एक नई ĤͩĐया, इस मामले मɅ
ĤͩĐया
2
ǓनçपाǑदत करना शुǾ हो जाएगा। अब ऑपरेǑटंग ͧसèटम यह सुǓनिæचत करता है ͩक जब ĤͩĐया
1
ǓनçपाǑदत हो जाती है, तो इसकȧ िèथǓत इस तरह से सहेजी जाती है ͩक कुछ समय बाद इसे सीपीयू मɅ
वापस Ǔनधा[ǐरत ͩकया जा सकता है और जहां से इसे रोक Ǒदया गया था वहां से Ǔनçपादन जारȣ रख सकते
हɇ। इसͧलए, पǐरणामèवǾप इस तरह के एक बहु-काय[ वातावरण मɅ, टाइम èलाइस के Ǿप मɅ जाने वाले
समय के संͯ¢Üत अंतराल के ͧलए ǓनçपाǑदत ĤͩĐयाएं होती हɇ। इसͧलए, उदाहरण के ͧलए इस समय
èलाइस मɅ ĤͩĐया
4
ǓनçपाǑदत होती है, ͩफर एक अवͬध होती है जहां यह ǓनçपाǑदत नहȣं होती है और ͩफर
यह इस बार टुकड़ा और अÛय मɅ Ǔनçपादन जारȣ रखती है। तो, इस वीͫडयो मɅ हम Èया देखने जा रहे हɇ यह है
ͩक ऑपरेǑटंग ͧसèटम कैसे सुǓनिæचत करता है ͩक एक संदभ[ िèवच होता है।"
18,2,"(èलाइडसमय का संदभ[ लɅ:
02:00)","आरंभ करने के ͧलए, हम देखɅगे ͩक एक ऑपरेǑटंग ͧसèटम मɅ संदभ[ िèवच ǑĚगर करता है?"
18,3,"(èलाइडसमय का संदभ[ लɅ:
02:07)","इस ͪवशेष Ĥæन का उƣर देने के ͧलए, हमɅ ĤͩĐया अवèथा आरेख पर वापस जाना होगा। इसͧलए,
ĤͩĐयाओं पर ͪपछले वीͫडयो मɅ, हमने देखा था ͩक जब यह Ǔनकलने के समय एक ĤͩĐया बनाई जाती है,
तो यह कई अलग-अलग राÏयɉ से गुज़रती है, और यह इस ĤͩĐया अवèथा आरेख ɮवारा दशा[यी जाती है।
अब हम देखɅगे ͩक ये ͪवͧभÛन अवèथा/èटेट
(state)
एक संदभ[ िèवच कैसे शुǾ करɅगे।"
18,4,"(èलाइडसमय का संदभ[ लɅ:
02:31)","आइए इस पहले पǐरǺæय को देखɅ ͩक संदभ[ िèवच कैसे ǑĚगर होता है। आइए इस ͪवशेष काय[Đम पर ͪवचार
करɅ जो अǓनवाय[ Ǿप से
scanf
को आमंǒğत करता है। इसͧलए, इसे उपयोगकता[ को कȧबोड[ के माÚयम से
कुछ इनपुट करने कȧ आवæयकता होती है। आइए हम कहɅ ͩक यह फ़ंÈशन ͧसèटम मɅ एक ĤͩĐया के Ǿप मɅ
ǓनçपाǑदत कर रहा है, और वत[मान मɅ यह
running state
मɅ है, िजसका अथ[ है ͩक वत[मान मɅ यह सीपीयू
धारण कर रहा है और वत[मान मɅ सीपीयू मɅ ǓनçपाǑदत है। जब èकैनफ़ फ़ंÈशन का आéवान ͩकया जाता है
तो Èया होगा ͩक ĤͩĐया को तब तक अवǽɮध करने कȧ आवæयकता है जब तक कोई उपयोगकता[ कȧबोड[
के माÚयम से डेटा इनपुट न करे। इसͧलए, नतीजतन ĤͩĐया कȧ िèथǓत चलती िèथǓत से अवǽɮध िèथǓत
मɅ बदल जाती है। अब ĤͩĐया तब तक अवǽɮध िèथǓत मɅ रहेगी जब तक उपयोगकता[ के पास कंसोल मɅ
इनपुट डेटा न हो। तो समय Ĥभावी ढंग से उपयोग करने के ͧलए, ऑपरेǑटंग ͧसèटम Èया करने जा रहा है
यह है ͩक यह संदभ[ िèवच को ǑĚगर करने जा रहा है ताͩक एक और ĤͩĐया चल रहे राÏय मɅ ǓनçपाǑदत हो
सके और Ĥोसेसर होगा।"
18,5,"(èलाइडसमय का संदभ[ लɅ:
04:25)","तो चͧलए दूसरा पǐरǺæय लेते हɇ जहां संदभ[ िèवच हो सकता है। तो आइए हम कहɅ ͩक हम इस ͪवशेष
काय[Đम पर ͪवचार कर रहे हɇ, जहां एक
printf
है और ͩफर बाहर Ǔनकलना है और जैसा ͩक हम जानते हɇ
और हमने ͪपछले वीͫडयो मɅ पहले देखा है ͩक बाहर Ǔनकलने वाला एक ͧसèटम कॉल है िजसके
पǐरणामèवǾप ĤͩĐया चल रहȣ है यह
Zombie state
है। तो बाहर Ǔनकलने के ͧसèटम कॉल के अंत मɅ,
ऑपरेǑटंग ͧसèटम एक संदभ[ िèवच ǑĚगर करेगा। इसͧलए, यह सुǓनिæचत करेगा ͩक वत[मान ĤͩĐया जो
ͩक बाहर Ǔनकलने वाले मोड मɅ है, मɅ अब
CPU
संसाधन नहȣं हɉगे, बिãक एक नई ĤͩĐया को सीपीयू
असाइन ͩकया जाएगा। इसͧलए,
ready state
से चलने वालȣ िèथǓत मɅ एक नई ĤͩĐया आ जाएगी।"
18,6,"(èलाइडसमय का संदभ[ लɅ:
04:31)","अब, तीसरे पǐरǺæय को देखɅ जो हो सकता है। इसͧलए, यǑद कोई ĤͩĐया चल रहȣ िèथǓत मɅ है, और एक
हाड[वेयर बाधा जैसे ईवɅट होता है, तो यह एक संदभ[ िèवच का कारण बन सकता है। इसͧलए, उदाहरण के
ͧलए यǑद कोई ĤͩĐया वत[मान मɅ ǓनçपाǑदत या वत[मान मɅ सीपीयू धारण कर रहȣ है और एक बाधा उ×पÛन
होती है तो यह
running state
से
ready state
मɅ जाती है। बाधा के पǐरणामèवǾप यह एक बाधा वाले
हɇडलर को ǓनçपाǑदत करने का कारण बनता है, और हɇडलर के अंत मɅ सीपीयू मɅ एक नई ĤͩĐया ǓनçपाǑदत
कȧ जा सकती है जो एक नई ĤͩĐया
ready state
से
running state
मɅ चलȣ जाएगी।"
18,7,"(èलाइडसमय का संदभ[ लɅ:
05:14)","इस संदभ[ मɅ एक बहुत लोकͪĤय बाधा
Timer interrupt
है। अब सभी Ĥणाͧलयɉ मɅ उनके भीतर एक
टाइमर है। इसͧलए, यह
timer
सीपीयू को समय-समय पर इंटरÜट भेजने के ͧलए कॉिÛफ़गर ͩकया गया है।
यह अवͬध
10
ͧमलȣसेकंड से
100
ͧमलȣसेकंड तक कुछ भी हो सकती है, और ͧसèटम से ͧसèटम मɅ ͧभÛन
हो सकती है या जब टाइमर इंटरÜट होता है, तो
OS
ǑĚगर हो जाता है और यह सीपीयू शेɬयूलर ǓनçपाǑदत
करता है। अब सीपीयू शेɬयूलर ĤͩĐयाओं कȧ कतार को देखता है जो
ready state
मɅ हɇ, और ͩफर कुछ
algorithm
के आधार पर एक ͪवशेष ĤͩĐया का चयन करɅगे। इसͧलए, इस ĤͩĐया को
ready state
से
running state
मɅ èथानांतǐरत कर Ǒदया जाएगा, और यह वह ĤͩĐया होगी जो सीपीयू मɅ अगले इंटरÜट
होने तक ǓनçपाǑदत करेगी। इसͧलए, इस ĤͩĐया मɅ Ĥ×येक
100
ͧमलȣसेकंड, उदाहरण के ͧलए शेɬयूलर
ǓनçपाǑदत करने के ͧलए एक नई ĤͩĐया लेगा और उस ĤͩĐया मɅ सीपीयू को
100
ͧमलȣसेकंड के समय
èलाइस के ͧलए रखा जाएगा।"
18,8,"(èलाइडसमय का संदभ[ लɅ:
06:22)","तो अब हम एक संदभ[ िèवच कैसे होता है इसके बारे मɅ ͪवèतार से देखɅ। तो, ͪपछले वीͫडयो मɅ हमने देखा था
ͩक ͧसèटम मɅ Ĥ×येक ĤͩĐया के अनुǾप, कनȶल कुछ मेटाडेटा èटोर करता है। अǓनवाय[ Ǿप से Ĥ×येक
ĤͩĐया के ͧलए तीन मेटाडेटा हɇ, वे हɇ; ĤͩĐया Ǔनयंğण Þलॉक, कनȶल èटैक और उस ĤͩĐया से संबंͬधत पृçठ
सारणी। अब हमने पहले के वीͫडयो मɅ भी देखा है, ͩक जब कोई बाधा उ×पÛन होती है तो उस ĤͩĐया के इस
संदभ[ को कनȶल èटैक मɅ संĒहȣत ͩकया जाता है, िजसे
trapframe
के नाम से जाना जाता है। इसͧलए, यह
संदभ[ ĤͩĐया को तब से ǓनçपाǑदत करने कȧ अनुमǓत देगा जहां से इसे रोक Ǒदया गया था। इसͧलए,
उदाहरण के ͧलए इस ͪवशेष आंकड़े मɅ, Ĥ×येक ĤͩĐया मɅ अपना èवयं का
trapframe
या èवयं का कनȶल
èटैक होता है जो एक बाधा उ×पÛन होने पर
trapframe
होता है, और इसकȧ संबंͬधत पृçठ सारणी होती है।
इसी तरह, ĤͩĐया
3
मɅ अपना èवयं का
trapframe
और पेज टेबल, ĤͩĐया
1
और ĤͩĐया
2
मɅ भी है।"
18,9,"(èलाइडसमय का संदभ[ लɅ:
07:31)","इसके अǓतǐरÈत, सीपीयू शेɬयूलर का एक संदभ[ है जो एक अलग èटैक मɅ भी संĒहȣत होता है। इसͧलए,
इसे शेɬयूलर संदभ[ के Ǿप मɅ जाना जाता है और इसका उपयोग संदभ[ िèवच करते समय ͩकया जाता है।"
18,10,"(èलाइडसमय का संदभ[ लɅ:
07:45)","तो आइए एक संदभ[ िèवच कैसे होता है इसके बारे मɅ ͪवèतार से देखɅ। आइए मान लɅ ͩक उपयोगकता[
ĤͩĐया
3
वत[मान मɅ सीपीयू मɅ ǓनçपाǑदत कर रहȣ है जो उपयोगकता[ ĤͩĐया
3
मɅ वत[मान मɅ सीपीयू रखती
है। इसके पǐरणामèवǾप यह ĤͩĐया
3
कȧ
page table
है जो वत[मान मɅ सͩĐय है, जो Ĥ×येक Ǔनदȶश लाने
के ͧलए है, Ĥ×येक मेमोरȣ लोड या मेमोरȣ èटोर यह ĤͩĐया
3
कȧ पेज ताͧलका है जो
logical address
से
physical address
मɅ अनुवाद करता है। अब, जब एक
interrupt occur
होती है तो हम ने देखा है ͩक
उपयोगकता[ मोड से कनȶल मोड मɅ िèवच होता है।"
18,11,"(èलाइडसमय का संदभ[ लɅ:
08:26)","इसͧलए कनȶल ͩफर से ǓनçपाǑदत करना शुǾ कर देता है, और यह कनȶल है जो अब
CPU
को पकड़ लेगा।
सीपीयू मɅ ǓनçपाǑदत ͩकए जा रहे सभी Ǔनदȶश, इस Ĥकार कनȶल कोड से संबंͬधत हो जाते हɇ। इसके अलावा
जो हमने पहले देखा है, उस बाधा के पǐरणामèवǾप, इस ĤͩĐया के पूरे संदभ[ को उस ĤͩĐया के कनȶल èटैक
मɅ संĒहȣत ͩकया जाता है। यह संदभ[ एक संरचना मɅ संĒहȣत है िजसे
trapframe
के नाम से जाना जाता है
और इस
trapframe
को जैसा ͩक हमने पहले देखा है पया[Üत माğा मɅ जानकारȣ है जो ĤͩĐया
3
को इसे बंद
करने से ǓनçपाǑदत करने कȧ अनुमǓत देगी। अगलȣ चीजɅ जो होती हɇ वह यह है ͩक कनȶल Ǔनधा[ǐरत करता है
ͩक अवरोध टाइमर के कारण हुआ था, और यह शेɬयूलर का आéवान करेगा।"
18,12,"(èलाइडसमय का संदभ[ लɅ:
09:19)","शेɬयूलर उपयोगकता[ ĤͩĐया के कनȶल èटैक से अपने èवयं के ढेर या शेɬयूलर èटैक पर िèवच करेगा;
इसͧलए, यह शेɬयूलर संदभ[ ĤाÜत होगा। शेɬयूलर तब तैयार सूची से चुनता है, अगलȣ ĤͩĐया सीपीयू मɅ
ǓनçपाǑदत कȧ जाएगी और ͩफर नई ĤͩĐया के कनȶल संदभ[ मɅ एक िèवच है। इस Ĥकार हम शेɬयूलर के
संदभ[ से वापस नई ĤͩĐया मɅ वापस जा रहे हɇ। इस मामले मɅ ĤͩĐया
4
िजसे शेɬयूलर ɮवारा चुना गया है
और हम
4
कȧ पेज टेबल को संसाͬधत करने के ͧलए वापस िèवच करते हɇ और
4
के कनȶल èटैक को
संसाͬधत करते हɇ। अब, याद रखɅ ͩक इनमɅ से Ĥ×येक ढेर मɅ
trapframe
है। इसͧलए, इसके ͪपछले Ǔनçपादन
के आधार पर
4
ĤͩĐया भी एक
trapframe
है िजसमɅ ĤͩĐया का पूरा संदभ[
4
ĤͩĐया ǓनçपाǑदत करना था।"
18,13,"(èलाइडसमय का संदभ[ लɅ:
10:23)","इस Ĥकार, जब टाइमर
Irate
कॉल के साथ ǐरटन[ मɅ बाधा डालता है तो ĤͩĐया
4
कȧ
trapframe
कȧ इस
सामĒी को बहाल कर Ǒदया जाता है। और इसके पǐरणामèवǾप, ĤͩĐया
4
ǓनçपाǑदत होना जारȣ रहेगी।
इसके अलावा Èया होता है, हम ĤͩĐया
4
कȧ पेज टेबल पर िèवच कर रहे हɇ। अब ĤͩĐया
4
Ǔनदȶशɉ को
ǓनçपाǑदत करता है, इसके Ǔनदȶश मेमोरȣ लोड लाए जाते हɇ और मेमोरȣ èटोस[ का अनुवाद ĤͩĐया
4
कȧ पेज
टेबल ɮवारा ͩकया जाता है। इस तरह से होने वालȣ Ĥ×येक बाधा से कनȶल मɅ िèवच हो जाता है और यǑद यह
टाइमर इंटरÜट होता है और उसे एक नई ĤͩĐया को ǓनçपाǑदत करने कȧ आवæयकता होती है, तो नई
ĤͩĐया शेɬयूलर ɮवारा चुनी जाएगी और इसके संदभ[ को पुनèथा[ͪपत ͩकया जाएगा। साथ हȣ हमने देखा है
ͩक नई ĤͩĐया कȧ पेज ताͧलका सͩĐय हो जाएगी।"
18,14,"(èलाइडसमय का संदभ[ लɅ:
11:21)","अब, देखते हɇ ͩक टाइमर वाèतव मɅ Ĥोसेसर को कैसे बाͬधत करते हɇ। जैसा ͩक हमने पहले उãलेख ͩकया है
ͩक सभी Ĥणाͧलयɉ मɅ टाइमर मौजूद है। ͪवरासत Ĥणालȣ मɅ इसे पीआईटȣ
(PIT)
या ĤोĒाममेबल इंटरवल
टाइमर
(Programmable Interval Timer)
के Ǿप मɅ जाना जाता है जो ͩक मदरबोड[ मɅ एक समͪप[त ͬचप
मɅ मौजूद है। आधुǓनक Ĥणाͧलयɉ मɅ या वत[मान Ǒदन Ĥणालȣ मɅ,
LAPIC
मɅ टाइमर मौजूद हɇ। इसͧलए, इन
दोनɉ उपकरणɉ मɅ आंतǐरक Ǿप से काउंटर मौजूद है। इसͧलए, इस काउंटर को ͩकसी ͪवशेष संÉया से ͬगनने
शुǾ करने के ͧलए ĤोĒाम ͩकया जा सकता है। उदाहरण के ͧलए, यह बड़ी संÉया, Ĥ×येक घड़ी चĐ इस
काउंटर को वाèतव मɅ
0
तक पहुंचने तक कम ͩकया जाता है। ͬगनती के अंत मɅ जब यह
0
तक पहुंच जाता है
तो काउंटर लोड वापस वापस मूल मूãय के साथ लोड होता है और यह ĤͩĐया जारȣ है। इसͧलए, अǓनवाय[
Ǿप से काउंटर इस बड़े मूãय से
0
तक जा रहा है और ͩफर इन मूãयɉ मɅ साइͩकल चलाना जारȣ रखता है।
अब जब काउंटर ɮवारा
0
ĤाÜत ͩकया जाता है तो सीपीयू को बाधा डालȣ जाती है। इस Ĥकार आवͬधक
अंतराल पर सीपीयू टाइमर से इंटरÜट ĤाÜत करेगा। इसͧलए, इन इंटरÜɪस को तब सीपीयू मɅ ǓनçपाǑदत
करने वालȣ अगलȣ ĤͩĐया पर Ǔनण[य लेने के ͧलए उपयोग ͩकया जाता है।"
18,15,"(èलाइडसमय का संदभ[ लɅ:
12:42)","यहां पर यह आंकड़ा एकाͬधक काय[ करने के आदश[ Ǻæय को दशा[ता है। इसͧलए, इस ͪवशेष आदश[ Ǻæय मɅ,
एक ĤͩĐया तब तक ǓनçपाǑदत रहेगी जब तक ͩक इसका समय èलाइस पूरा न हो जाए। जब इसके समय
èलाइस एक नई ĤͩĐया को पूरा करता है या दूसरȣ ĤͩĐया सीपीयू मɅ ǓनçपाǑदत होगी। मãटȣ टािèकंग के
एक और
realistic
Ǻिçटकोण मɅ, और जैसा ͩक हम ͪपछलȣ èलाइड से अनुमान लगा सकते हɇ, नीचे Ǒदए गए
इस ͪवशेष आंकड़े मɅ ͬचǒğत ͩकया गया है। इसͧलए, इस Ǻæय मɅ या अͬधक
realistic
ͪवचार ĤͩĐया को तब
तक सामाÛय Ǿप से ǓनçपाǑदत करना जारȣ रहेगा जब तक ͩक उसका समय èलाइस पूरा न हो जाए, और
ͩफर अगलȣ ĤͩĐया के बजाय तुरंत संदभ[ मɅ सीपीयू मɅ िèवच ͩकया जा रहा है, कनȶल ǓनçपाǑदत करेगा, जहां
कनȶल करेगा ͪवͧभÛन चीजɅ जैसे इंटरÜट को संभालना, ͪवͧभÛन काय[ करना और शेɬयूलर को ǓनçपाǑदत
करना जहां एक नई ĤͩĐया चुनी जाती है। और इसके बाद हȣ यह सब होता है यह अगलȣ ĤͩĐया सीपीयू मɅ
ǓनçपाǑदत होगी। तो, इस बार अंतर जब सीपीयू से पहलȣ ĤͩĐया को ǓनçपाǑदत ͩकया जाता है जब दूसरȣ
ĤͩĐया ǓनçपाǑदत करने लगती है तो संदभ[ िèवच ओवरहेɬस होता है; अब, इस संदभ[ िèवच ओवरहेɬस
मह×वपूण[ हो सकता है।"
18,16,"(èलाइडसमय का संदभ[ लɅ:
14:04)","संदभ[ िèवͬचंग ओवरहेɬस को Ĥभाͪवत करने वाले कारकɉ को Ĥ×य¢ कारकɉ या अĤ×य¢ कारकɉ के Ǿप मɅ
वगȸकृत ͩकया जा सकता है। Ĥ×य¢ कारकɉ मɅ से ये Ĥ×य¢ कारकɉ के तीन उदाहरण हɇ, और वे अǓनवाय[ Ǿप
से काफȧ सीधे और समझने मɅ आसान हɇ। उदाहरण के ͧलए, टाइमर ͪवलंबता को बाͬधत करता है या उस
मामले के ͧलए ͩकसी भी इंटरÜट ͪवलंबता िèवͬचंग संदभɟ मɅ ओवरहेड तक जोड़ देगा। अǓनवाय[ Ǿप से
ͪवͧभÛन ĤͩĐयाओं के संदभ[ को सहेजने और बहाल करने के ͧलए समय Ǔनकाला जाएगा। इस ओवरहेड के
अलावा शेɬयूलर भी होता है, िजसे सीपीयू मɅ ǓनçपाǑदत करने के ͧलए अगलȣ ĤͩĐया चुननी होगी। अĤ×य¢
कारक अͬधक सूêम और समझने मɅ अͬधक कǑठन होते हɇ। तो, ये अĤ×य¢ कारकɉ के तीन उदाहरण हɇ। तो,
पहला कारक यह है ͩक
TLB
को ͩफर से लोड करने कȧ जǾरत है। तो,
TLB
अनुवादक एक तरफ बफर है। तो,
यह एक कैश है जो हाल हȣ मɅ पेज मैͪपंग का उपयोग करता है। इसͧलए, जब हम एक ĤͩĐया से दूसरȣ
ĤͩĐया मɅ िèवच करते हɇ, तो हम जानते हɇ ͩक पृçठ ताͧलका पहले ĤͩĐया से नई ĤͩĐया मɅ बदल जाती है,
िजसमɅ हमारे पास पृçठ सारणी का एक नया सेट है जो सͩĐय हो जाता है। नतीजतन
TLB
को ͩफर से Ýलश
करने कȧ जǾरत है। अब
TLB
को भरने मɅ समय लगेगा और पǐरणाम ओवरहेɬस मɅ होगा। तो, एक और
पहलू कैश इलाके मɅ नुकसान है। इसͧलए, जैसा ͩक हम जानते हɇ ͩक कैश मेमोरȣ इलाके के ͧसɮधांत पर
काम करती हɇ। इसͧलए, जब एक संदभ[ िèवच होता है तो यह इलाका खो जाता है। इस अथ[ मɅ ͩक हम अब
वहȣ Ǔनदȶश ǓनçपाǑदत नहȣं कर रहे हɇ जैसा हमने संदभ[ िèवच से पहले ͩकया था। इसͧलए, इसके
पǐरणामèवǾप, कैश मेमोरȣ को ͩफर से लोड करने कȧ आवæयकता होगी और इसमɅ कई कैश ͧमस लग
सकते हɇ और पǐरणामèवǾप ओवरहेड तक पहुंच सकते हɇ। एक और पहलू यह है ͩक हर बार एक बाधा
उ×पÛन होती है, Ĥोसेसर पाइपलाइन को Ýलश करने कȧ आवæयकता होगी। तो, यह ओवरहेड तक भी
जोड़ता है। संदभ[ िèवͬचंग मह×वपूण[ ओवरहेɬस और Ĥदश[न को काफȧ हद तक खराब कर सकती है।
नतीजतन ͫडजाइनर को सावधानीपूव[क Ǔनण[य लेना चाǑहए ͩक संदभ[ िèवͬचंग कैसे कȧ जाती है और इसके
बजाय जब यह उनके ͧसèटम के सवȾƣम Ĥदश[न को ĤाÜत करने के ͧलए ͩकया जाता है। इसके साथ हम
ऑपरेǑटंग ͧसèटम मɅ संदभ[ िèवͬचंग पर इस ͪवशेष वीͫडयो को समाÜत कर दɅगे। इसͧलए, हमने संदभ[
िèवͬचंग के ͪवͧभÛन पहलुओं को अǓनवाय[ Ǿप से देखा है, हमने ऑपरेǑटंग ͧसèटम मɅ संदभ[ िèवͬचंग के
बारे मɅ कुछ ͪववरण देखा है और हमने संदभ[ िèवͬचंग के कारण ͩकए गए ओवरहेड भी देखे हɇ। धÛयवाद।"
19,0,,"ऑपरेǑटंग ͧसèटम का पǐरचय
Ĥोफेसर चेèटर रेबेरो
कंÜयूटर ͪव£ान और इंजीǓनयǐरंग ͪवभाग
भारतीय Ĥौɮयोͬगकȧ संèथान, मġास
वीक
- 05
åयाÉयान
- 18
सीपीयू शेɬयूͧलंग
नमèकार। इस åयाÉयान मɅ, हम सीपीयू शेɬयूͧलंग एãगोǐरदम देखɅगे।"
19,1,"(èलाइडसमय का संदभ[ लɅ:
00:22)","हमने ऑपरेǑटंग ͧसèटम मɅ देखा था ͩक एक शेɬयूलर उपिèथत तैयार कतार से एक ͪवशेष ĤͩĐया का
चयन करेगा और ĤͩĐया को Ĥोसेसर मɅ चलाने के ͧलए असाइन ͩकया गया है। अब सवाल यह है ͩक हम
अब ͪवæलेषण करने जा रहे हɇ ͩक इस शेɬयूलर को अगलȣ ĤͩĐया का चयन कैसे करना चाǑहए? अǓनवाय[
Ǿप से, शेɬयूलर को सीपीयू पर तैयार ĤͩĐयाओं कȧ मौजूदा
queue
से चलाने कȧ ĤͩĐया कैसे चुननी
चाǑहए?"
19,2,"(èलाइडसमय का संदभ[ लɅ:
00:53)","अब इसका ͪवæलेषण करने के ͧलए, हम पहले एक ĤͩĐया के Ǔनçपादन चरणɉ को देखते हɇ। अब ͩकसी भी
काय[Đम को Ǔनçपादन के दो चरण होने के ͧलए जाना जाता है; एक ऐसा होता है जब यह वाèतव मɅ Ǔनदȶशɉ
को ǓनçपाǑदत करता है िजसे सीपीयू
burst
के Ǿप मɅ जाना जाता है, जबͩक दूसरा यह है ͩक जब यह ͩकसी
आई/ओ
(I/O)
पर अवǽɮध होता है या कोई संचालन नहȣं करता है, तो इस ͪवशेष मामले मɅ,
CPU
ǓनिçĐय
है। इस Ĥकार, जैसा ͩक हम समय के साथ देखते हɇ, एक ͪवशेष ĤͩĐया मɅ कुछ माğा मɅ सीपीयू ͪवèफोट
होता है िजसमɅ यह Ĥोसेसर पर Ǔनदȶश ǓनçपाǑदत करेगा, ͩफर इसमɅ कुछ ǓनिçĐय समय होगा िजसमɅ यह
आई/ओ
(I/O)
ऑपरेशन कȧ Ĥती¢ा कर रहा है। ͩफर सीपीयू समय का
burst
होगा और इसी तरह। इस
Ĥकार, सीपीयू
burst
और ǓनिçĐय समय के बीच यह अंतर-छोड़ना हमेशा एक ऑपरेशन कȧ Ĥती¢ा कर
रहा है।"
19,3,"(èलाइडसमय का संदभ[ लɅ:
01:51)","इसͧलए, Ǔनçपादन के इन मामलɉ के आधार पर ĤͩĐयाओं को दो Ĥकारɉ मɅ वगȸकृत ͩकया जा सकता है।
एक
I/O bound
ĤͩĐया है, जबͩक दूसरा सीपीयू
bound
ĤͩĐया है। आप आई/ओ
(I/O)
बाÚय और
सीपीयू
bound
ĤͩĐयाओं के बीच इस भेद को Èयɉ बनाते हɇ? अǓनवाय[ Ǿप से, यह शेɬयूͧलंग पǐरĤेêय से है,
हम आई/ओ बाउंड
(I/O bound)
ĤͩĐयाओं को उÍच Ĥाथͧमकता देना चाहते हɇ िजसके साथ उÛहɅ सीपीयू
आवंǑटत ͩकया जाता है। अǓनवाय[ Ǿप से, हम चाहते हɇ ͩक आई/ओ बाउंड
(I/O bound)
ĤͩĐया सीपीयू
bound
ĤͩĐयाओं कȧ तुलना मɅ सीपीयू के ͧलए कम समय Ĥती¢ा करɅ। तो, यह Èयɉ जǾरȣ है, हम एक
उदाहरण ले सकते हɇ। तो मान लȣिजए ͩक हम एक
Notepad
या
Vim
जैसे
word
Ĥोसेसर का उपयोग कर
रहे हɇ और हम इस
I/O bound
ĤͩĐया को बहुत कम Ĥाथͧमकता दे रहे हɇ। अब, मान लȣिजए ͩक कोई
उपयोगकता[ कुंजी दबाता है, Èयɉͩक इसकȧ कम Ĥाथͧमकता होती है, इसͧलए इसे सीपीयू को अÈसर नहȣं
ͧमलता है और इसͧलए, èĐȧन पर उपयोगकता[ ɮवारा दबाए गए कुंजी से पहले कुछ समय लगेगा। इसͧलए,
यह उपयोगकता[ के ͧलए काफȧ असहज हो सकता है, इसͧलए हम आई/ओ
(I/O) bound
ĤͩĐया जैसे शÞद
Ĥोसेसर को उÍच Ĥाथͧमकता देना चाहते हɇ िजसके साथ यह सीपीयू ĤाÜत करेगा, ताͩक सीपीयू के साथ
उपयोगकता[ इंटरैÈशन अͬधक आरामदायक हो जाए। दूसरȣ तरफ, यǑद आप
CPU bound
ĤͩĐयाओं को
देखते हɇ, तो हम इसे कम Ĥाथͧमकता दे सकते हɇ। अब उदाहरण के ͧलए, यǑद आप इन अनुĤयोगɉ मɅ से एक
लेते हɇ, तो उदाहरण के ͧलए सीपीयू
bound
अनुĤयोगɉ का कहना है ͩक हमɅ
'gcc'
कहना है जो ĤोĒाम को
संकͧलत कर रहा है और हमɅ बताएं ͩक आप एक बड़े ĤोĒाम को संकͧलत कर रहे हɇ िजसमɅ
5
ͧमनट लगते
हɇ। अब यह उस उपयोगकता[ को अͬधक Ĥभाͪवत नहȣं करेगा यǑद उस ͪवशेष ĤोĒाम को संकͧलत करने के
ͧलए ͧलया गया समय
5
ͧमनट से
5.5
ͧमनट तक बढ़ता है। इस Ĥकार, एक सीपीयू
bound
ĤͩĐया कम
Ĥाथͧमकता के साथ काम कर सकती है। आई/ओ
(I/O) bound
और सीपीयू
bound
के बीच यह वगȸकरण
एक कठोर वगȸकरण नहȣं है, यह एक ĤͩĐया एक आई/ओ
(I/O)
बाÚय ĤͩĐया हो सकती है, और कुछ
समय बाद यह एक सीपीयू बाÚय ĤͩĐया कȧ तरह åयवहार कर सकती है। तो, एक ĤͩĐया का उदाहरण लेने
के ͧलए जो एक आई/ओ
(I/O)
बाÚय और सीपीयू बाÚय दोनɉ तरह से åयवहार करता है, उदाहरण के ͧलए
आप माइĐोसॉÝट एÈसेल ले सकते हɇ। जब हम वाèतव मɅ एÈसेल मɅ ͪवͧभÛन कोͧशकाओं मɅ डेटा दज[ कर
रहे हɇ, तो यह आई/ओ
(I/O)
बाÚय ĤͩĐया के Ǿप मɅ काय[ करता है। इसͧलए, यह छोटे सीपीयू ͪवèफोट और
आई/ओ
(I/O)
चĐɉ के बड़े समय के साथ आई/ओ
(I/O)
बाÚय ĤͩĐया कȧ तरह åयवहार करता है। दूसरȣ
ओर जब आप वाèतव मɅ दज[ डेटा पर कुछ आंकड़े कȧ गणना कर रहे हɇ, तो एÈसेल एक सीपीयू बाÚय ĤͩĐया
कȧ तरह åयवहार करेगा, जहां सीपीयू गǓतͪवͬध का एक बड़ा Ǒहèसा है या वाèतव मɅ उस ͪवशेष डेटा पर काम
करने के ͧलए ͧलया गया समय है।"
19,4,"(èलाइडसमय का संदभ[ लɅ:
04:38)","अब, सीपीयू शेɬयूलर को सीपीयू मɅ ǓनçपाǑदत करने कȧ अगलȣ ĤͩĐया, सीपीयू शेɬयूलर को तैयार
ĤͩĐयाओं कȧ कतार से कैसे चुनना चाǑहए, इस सवाल पर वापस आना चाǑहए। कई तरȣके हो सकते हɇ
िजसमɅ शेɬयूलर यह ͪवकãप बना सकता है; अǓनवाय[ Ǿप से, कई सीपीयू शेɬयूͧलंग एãगोǐरदम हो सकते हɇ
जो कतार मɅ देखɅगे और एक ͪवशेष Ǔनण[य लɅगे।"
19,5,"(èलाइडसमय का संदभ[ लɅ:
05:05)","इसͧलए इन ͪवͧभÛन शेɬयूͧलंग एãगोǐरदम कȧ तुलना करने के ͧलए, ऑपरेǑटंग ͧसèटम टेÈèट बुक या
ऑपरेǑटंग ͧसèटम ǐरसच[ कई शेɬयूͧलंग मानदंडɉ को पǐरभाͪषत करता है। इसͧलए, इन मानदंडɉ का
उपयोग वाèतव मɅ ͪवͧभÛन शेɬयूͧलंग एãगोǐरदम कȧ तुलना करने के ͧलए ͩकया जा सकता है ताͩक उनमɅ
से Ĥ×येक के फायदे और नुकसान देख सकɅ । तो आइए इन शेɬयूͧलंग मानदंडɉ मɅ से Ĥ×येक एक-एक करके
जाएं। पहला शेɬयूͧलंग मानदंड सीपीयू उपयोग है। शेɬयूͧलंग एãगोǐरदम को इस तरह से ͫडज़ाइन ͩकया
जाना चाǑहए ताͩक
CPU
उपयोग को अͬधकतम ͩकया जा सके। दूसरे शÞदɉ मɅ, सीपीयू िजतना संभव हो
सके Ûयूनतम समय के Ǿप मɅ ǓनिçĐय होना चाǑहए। अगले मानदंड, हम Ġूपुट देखɅगे। अǓनवाय[ Ǿप से,
शेɬयूͧलंग एãगोǐरदम ĤǓत इकाई समय िजतनी संभव हो उतनी ĤͩĐयाओं को पूरा करने का Ĥयास करɅगे।
एक तीसरा मानदंड टन[अराउंड टाइम है और यह मानदंड एक ĤͩĐया पǐरĤेêय से देखा जाता है। तो,
टन[अराउंड समय को एक ĤͩĐया के ͧलए शुǾ होने से लेकर पूरा होने के समय के Ǿप मɅ पǐरभाͪषत ͩकया
जाता है। चौथा मानदंड ĤǓतͩĐया समय है। इसͧलए, इस ǒबंदु से ͧलया गया समय के Ǿप मɅ पǐरभाͪषत
ͩकया गया है ͩक जब ĤͩĐया चलती िèथǓत मɅ जाती है तो ĤͩĐया उस ǒबंदु पर तैयार कतार मɅ Ĥवेश करती
है, तो त×काल से ͧलया गया समय ĤͩĐया उस समय तैयार कतार मɅ Ĥवेश करती है सीपीयू उस ĤͩĐया से
संबंͬधत Ǔनदȶश ǓनçपाǑदत करना शुǾ करता है। एक और मानदंड, Ĥती¢ा समय है। अब यह मानदंड, तैयार
कतार मɅ एक ĤͩĐया ɮवारा ͧलया गया समय पर आधाǐरत है। अब जब हम जानते हɇ ͩक चलाने के ͧलए
तैयार ĤͩĐयाएं तैयार कतार मɅ मौजूद हɇ और यह आवæयक है ͩक वे तैयार कतार मɅ बहुत लंबे समय तक
Ĥती¢ा न करɅ। इसͧलए, शेɬयूͧलंग एãगोǐरदम को इस तरह से ͫडज़ाइन ͩकया जा सकता है ͩक तैयार कतार
मɅ Ĥती¢ा समय या औसत Ĥती¢ा समय कम हो गया है। अंǓतम मानदंड अब हम देखɅगे Ǔनçप¢ता।
शेɬयूलर को यह सुǓनिæचत करना चाǑहए ͩक Ĥ×येक ĤͩĐया को कुछ ͪवशेष नीǓत के आधार पर सीपीयू का
उͬचत Ǒहèसा Ǒदया जाता है। इसͧलए, यह मामला नहȣं होना चाǑहए ͩक उदाहरण के ͧलए, कुछ ĤͩĐया
सीपीयू का
90
ĤǓतशत कहती है जबͩक अÛय सभी ĤͩĐयाओं को सीपीयू के करȣब
10
ĤǓतशत ͧमलते हɇ।
इसͧलए, इन सभी मानदंडɉ को एक ऑपरेǑटंग ͧसèटम के ͧलए शेɬयूͧलंग एãगोǐरदम तैयार करते समय
ͪवचार ͩकया जाना चाǑहए। एक शेɬयूͧलंग एãगोǐरदम कुशलता से इन सभी मानदंडɉ को पूरा करने मɅ
स¢म नहȣं होगा। इसͧलए, इसͧलए, शेɬयूͧलंग एãगोǐरदम इसͧलए इन मानदंडɉ के सबसेट को पूरा करने
के ͧलए ͫडज़ाइन ͩकए गए हɇ। उदाहरण के ͧलए, यǑद आप रȣयल टाइम ऑपरेǑटंग ͧसèटम पर ͪवचार करते
हɇ, तो उस ͧसèटम के ͧलए शेɬयूͧलंग एãगोǐरदम उदाहरण के ͧलए Ûयूनतम ĤǓतͩĐया समय के ͧलए
ͫडज़ाइन ͩकया जाएगा; सीपीयू उपयोग और Ġूपुट जैसे अÛय कारक ɮͪवतीयक मह×व का हो सकते हɇ।
दूसरȣ तरफ, ͧलनÈस जैसे डेèकटॉप ऑपरेǑटंग ͧसèटम को Ǔनçप¢ता के ͧलए ͫडज़ाइन ͩकया जाएगा, ताͩक
सीपीयू या ͧसèटम मɅ चल रहे सभी एिÜलकेशन को सीपीयू का उͬचत Ǒहèसा Ǒदया जा सके। ĤǓतͩĐया
समय जैसे मानदंड उस पǐरĤेêय से कम मह×वपूण[ हो सकते हɇ। तो, अब हम सबसे सरल से शुǾ होने वाले
कई शेɬयूͧलंग एãगोǐरदम देखɅगे जो पहले आते हɇ पहले शेɬयूͧलंग एãगोǐरदम कȧ सेवा करते हɇ और आगे
बढ़ते समय अͬधक जǑटल शेɬयूͧलंग एãगोǐरदम पर जाते हɇ।"
19,6,"(èलाइडसमय का संदभ[ लɅ:
08:42)","तो आइए एफसीएफएस शेɬयूͧलंग एãगोǐरदम के पहले आओ पहले पाओ को देखɅ। इस मामले मɅ मूल
योजना यह है ͩक सीपीयू का अनुरोध करने वालȣ पहलȣ ĤͩĐया को सीपीयू आवंǑटत ͩकया जाएगा या दूसरे
शÞदɉ मɅ, तैयार कतार मɅ Ĥवेश करने वालȣ पहलȣ ĤͩĐया को सीपीयू आवंǑटत ͩकया जाएगा। इसͧलए, यह
एक
non preemptive
शेɬयूͧलंग एãगोǐरदम है िजसका अथ[ है ͩक सीपीयू आवंǑटत ĤͩĐया सीपीयू मɅ तब
तक ǓनçपाǑदत रहेगी जब तक ͩक इसके
burst
चĐ पूण[ नहȣं हो जाते।"
19,7,"(èलाइडसमय का संदभ[ लɅ:
09:19)","चͧलए इसे एक उदाहरण के साथ देखते हɇ। आइए हम कहɅ ͩक हमारे पास चार ĤͩĐयाओं के साथ एक
Ĥणालȣ है; ĤͩĐयाएं पी
1,
पी
2,
पी
3,
पी
4
लेबल हɇ और उनके पास आगमन का समय है, इसͧलए आगमन
का समय दूसरे कॉलम मɅ मौजूद है। तो आगमन का समय उस समय के Ǿप मɅ पǐरभाͪषत ͩकया जाता है
जब ये ĤͩĐयाएं तैयार कतार मɅ Ĥवेश करती हɇ। तो, इस ͪवशेष बहुत सरल उदाहरण के ͧलए, इसͧलए हम
मानɅगे ͩक सभी ĤͩĐयाएं उसी समय तैयार कतार मɅ Ĥवेश करती हɇ जो
0
वɅ समय पर होती है। तीसरा
कॉलम सीपीयू बèट[ टाइम
(burst time)
है, इसͧलए यह Ĥ×येक ĤͩĐया के ͧलए सीपीयू
burst
कȧ माğा
देता है। उदाहरण के ͧलए, पी
1
मɅ
7
चĐɉ का एक सीपीयू ͪवèफोट होता है; पी
2
मɅ
4
चĐɉ का ͪवèफोट हुआ
है। इस Ĥकार, यह ͪवशेष ताͧलका हमारे पास चार ĤͩĐयाओं कȧ तरह है, जो सभी त×काल
0
मɅ त×काल
कतार मɅ Ĥवेश करते हɇ और उनके पास अलग-अलग
CPU
ͪवèफोट/बèट[ का समय होता है, उदाहरण के
ͧलए पी
1
मɅ
7
चĐ होते हɇ, पी
2 - 4
चĐ, पी
3 - 2
चĐ और पी
4 - 5
चĐ। अब, हम देखɅगे ͩक इन चार
ĤͩĐयाओं को सीपीयू मɅ कैसे Ǔनधा[ǐरत ͩकया जाता है या इन चार ĤͩĐयाओं को सीपीयू आवंǑटत कैसे ͩकया
जाता है। चूंͩक, ये सभी ĤͩĐयाएं एक हȣ समय मɅ आती हɇ, शेɬयूलर के पास वाèतव मɅ कोई ͪवकãप नहȣं है।
तो, वह याǺिÍछक Ǿप से एक ͪवशेष आदेश चुनना होगा। उदाहरण के ͧलए, आइए हम कहɅ ͩक शेɬयूलर पी
1
को चलाने के ͧलए चुनता है, इसͧलए पी
1
चĐ के ͧलए
1
रन चलाता है और जब यह पूरा हो जाता है, तो
शेɬयूलर
4
चĐɉ के ͧलए पी
2
और पी
2
रन बनाता है। पी
2
के बाद इसके ͪवèफोट को पूरा करने के बाद,
और पी
3
सीपीयू मɅ
2
चĐɉ के ͧलए ǓनçपाǑदत करता है; और ͩफर अंततः, पी
4
को
5
सीपीयू चĐɉ के ͧलए
ǓनçपाǑदत करने के ͧलए Ǔनधा[ǐरत ͩकया गया है। तो, यह एक
Gantt
चाट[ ɮवारा दशा[या गया है। तो, एक
Gantt
चाट[ एक ¢ैǓतज बार चाट[ है जो
1917
मɅ हेनरȣ एल
Gantt
ɮवारा एक उ×पादन उपकरण के Ǿप मɅ
ͪवकͧसत ͩकया गया था जो एक अमेǐरकȧ इंजीǓनयर और एक सामािजक वै£ाǓनक था। इसͧलए, अǓनवाय[
Ǿप से एक
Gantt
चाट[ मɅ हमɅ यहां कई Þलॉक पसंद हɇ और Ĥ×येक Þलॉक Ǔनçपादन के चĐ का ĤǓतǓनͬध×व
करता है। इसͧलए, उदाहरण के ͧलए, पी1, सात चĐɉ के ͧलए ǓनçपाǑदत करता है, इसͧलए इसमɅ
7
Þलॉक
-
1, 2, 3, 4, 5, 6, 7,
पी
2
जैसे
4
चĐ होते हɇ, इसͧलए इसे
4
Þलॉक कȧ तरह Ǒदया जाता है। ͩफर पी3 दो चĐɉ
के ͧलए ǓनçपाǑदत करता है, इसͧलए इसे
2
Þलॉक Ǒदए जाते हɇ और आͨखरकार, पी4 पांच चĐɉ के ͧलए
ǓनçपाǑदत होता है, इसͧलए इसे
5
Þलॉक Ǒदए जाते हɇ। इसͧलए, हम इस ͪवशेष मामले के ͧलए औसत
Ĥती¢ा समय कȧ गणना कर सकते हɇ। हम देखते हɇ ͩक ĤͩĐया पी
1
त×काल
0
पर तैयार कतार मɅ Ĥवेश
करती है और तुरंत सीपीयू मɅ ǓनçपाǑदत हो जाती है। इस Ĥकार, इसे ǒबãकुल इंतजार नहȣं करना है। दूसरȣ
ĤͩĐया पी
2
भी
0
पर आती है जो इस ǒबंदु पर भी आती है लेͩकन केवल
7
चĐɉ के बाद पी
1
Ǔनçपादन के
बाद ǓनçपाǑदत हो जाती है; इस Ĥकार, इसका Ĥती¢ा समय ĤͩĐया पी
2
के ͧलए है 7। इसी तरह, ĤͩĐया पी
3
जो
0
वɅ चĐ मɅ Ĥवेश करती है, ĤͩĐया पी
1
और पी
2
पूण[ होने के बाद हȣ ǓनçपाǑदत हो जाती है। दूसरे
शÞदɉ मɅ, इसे
11
चĐɉ कȧ Ĥती¢ा करनी है और चौथे ĤͩĐया को उसी तरह से
13
चĐɉ कȧ Ĥती¢ा करने कȧ
आवæयकता है। इसͧलए, इस ͪवशेष मामले मɅ औसत Ĥती¢ा समय
7.75
चĐ है। अब, हम एक अÛय
शेɬयूͧलंग मानदंड देख सकते हɇ, जो औसत ĤǓतͩĐया समय है। इसͧलए, इस मामले मɅ औसत ĤǓतͩĐया
समय औसत Ĥती¢ा समय के समान है। तो औसत ĤǓतͩĐया समय एक ͪवशेष ĤͩĐया ɮवारा सीपीयू मɅ
Ǔनçपादन शुǾ करने का समय माइनस तैयार कतार मɅ Ĥवेश करने के ͧलए ͧलया जाने वाला वाèतͪवक
समय है। इसͧलए, उदाहरण के ͧलए, पी
2
इस पल मɅ तैयार कतार मɅ Ĥवेश करता है, लेͩकन केवल
7
चĐɉ के
बाद सीपीयू मɅ ǓनçपाǑदत करना शुǾ करता है। इसͧलए, इसͧलए ĤͩĐया पी
2
के ͧलए ĤǓतͩĐया समय
7
है। इसी तरह, ĤͩĐया पी
3
मɅ
11
का ĤǓतͩĐया समय होता है Èयɉͩक यह वाèतव मɅ
CPU
मɅ Ǔनçपादन शुǾ
करने के ͧलए
11
चĐɉ का इंतजार कर रहा है। तो, औसतन, औसत ĤǓतͩĐया समय औसत Ĥती¢ा समय
कȧ तरह
7.7 5
है।"
19,8,"(èलाइडसमय का संदभ[ लɅ:
14:07)","अब, एफसीएफएस शेɬयूͧलंग एãगोǐरदम कȧ एक ͪवशेषता यह है ͩक शेɬयूͧलंग मामलɉ का Đम। ͪपछलȣ
èलाइड मɅ जो इस èलाइड मɅ है, हमने माना था ͩक पी
1
ǓनçपाǑदत करता है तो पी
2
ǓनçपाǑदत करता है तो
पी
3
और ͩफर पी
4
ǓनçपाǑदत करता है, और हमारे पास औसत Ĥती¢ा समय और
7.75
चĐɉ का औसत
ĤǓतͩĐया समय होता है। अब, मान लȣिजए ͩक हम केवल ऑड[ǐरंग बदलते हɇ और हमɅ बताते हɇ ͩक ऑड[ǐरंग
अब Ǔनàनानुसार है ͩक पी
2
ǓनçपाǑदत करता है तो पी
3
ǓनçपाǑदत करता है तो पी
4
और अंत मɅ पी
1
ǓनçपाǑदत करता है। ऐसे मामले मɅ, यǑद हम औसत Ĥती¢ा समय कȧ गणना करते हɇ तो हम देखते हɇ ͩक
यह
7.75
चĐ से
5.25
चĐ तक कम हो जाता है। इसी Ĥकार, यǑद आप औसत ĤǓतͩĐया समय कȧ गणना
करते हɇ, तो आप देखɅगे ͩक ĤǓतͩĐया समय
5.25
चĐ भी है। इसी तरह, आप अÛय मानदंडɉ कȧ गणना कर
सकते हɇ, िजनका हमने यहां उãलेख ͩकया है और आप वाèतव मɅ दो ऑड[ǐरंग योजनाओं के साथ अंतर देख
पाएंगे।"
19,9,"(èलाइडसमय का संदभ[ लɅ:
15:13)","एफसीएफएस(FCFS) शेɬयूͧलंग एãगोǐरदम कȧ एक और ͪवशेषता
Convoy
Ĥभाव है। अǓनवाय[ Ǿप से, इस
ͪवशेष मामले मɅ हम देखते हɇ ͩक सभी ĤͩĐयाएं सीपीयू को बंद करने के ͧलए एक बड़ी ĤͩĐया कȧ Ĥती¢ा
करती हɇ। इसͧलए, उदाहरण के ͧलए, इस मामले मɅ, जब तक सभी ĤͩĐयाएं एक हȣ समय मɅ सीपीयू मɅ
Ĥवेश नहȣं करती हɇ, तब तक सभी ĤͩĐयाओं को पी
1
के ͧलए केवल पूरा होने कȧ Ĥती¢ा करनी पड़ती है,
ͩफर भी उÛहɅ Ǔनधा[ǐरत ͩकया जा सकता है। इसͧलए, अगर हमारे पास उदाहरण के ͧलए यहां एक बड़ी
ĤͩĐया है, तो हमारे पास एक ĤͩĐया पी
1
है, जो कहɅ ͩक
7 burst
समय के बजाय
100 burst
समय लेती है,
अÛय सभी ĤͩĐयाएं पी
2,
पी
3
और पी
4, 100
Þलॉक
cycles
कȧ Ĥती¢ा करɅगे इससे पहले ͩक वे वाèतव मɅ
सीपीयू मɅ ǓनçपाǑदत करने मɅ स¢म हो। इसͧलए, यह एफसीएफएस
(FCFS)
शेɬयूͧलंग योजना मɅ एक बड़ा
दोष है।"
19,10,"(èलाइडसमय का संदभ[ लɅ:
16:10)","हालांͩक, एफसीएफएस
(FCFS)
शेɬयूͧलंग एãगोǐरदम के कई फायदे हɇ। पहलȣ बात यह है ͩक यह बेहद
सरल है। इसͧलए शेɬयूͧलंग एãगोǐरदम बहुत जãदȣ पूरा हो सकता है और इसͧलए, शेɬयूͧलंग एãगोǐरदम
ɮवारा ͧलया गया समय बहुत कम होगा, और आप संदभɟ को बदलने के दौरान बहुत कम संदभ[ देरȣ के साथ
समाÜत हो जाएंगे। एफसीएफएस शेɬयूͧलंग एãगोǐरदम का एक अÛय लाभ यह है ͩक यह उͬचत है। जब
तक कोई ĤͩĐया सीपीयू को नहȣं पूरा करती है, तब तक Ĥ×येक ĤͩĐया अंततः चलती है; या दूसरे शÞदɉ मɅ,
जब तक ͩक Ĥ×येक ĤͩĐया ͩकसी ǒबंदु पर समाÜत हो जाती है, तब तक तैयार कतार मɅ हर दूसरȣ ĤͩĐया
अंततः सीपीयू मɅ ǓनçपाǑदत हो जाएगी। अब हमने देखा है ͩक एफसीएफएस शेɬयूलर कȧ कमी या नुकसान
यह है ͩक Ĥती¢ा समय आगमन आदेश पर Ǔनभ[र करता है। इसͧलए, हमने ͪपछले èलाइड मɅ उदाहरण
देखा है। एक और नुकसान यह है ͩक लंबी ĤͩĐयाओं को पूरा करने के ͧलए तैयार कतार मɅ छोटȣ ĤͩĐयाएं
फंस गई हɇ; या बिãक, यह काͩफला/कॉÛवॉय(convoy) Ĥभाव है िजसे हमने अभी देखा है।"
19,11,"(èलाइडसमय का संदभ[ लɅ:
17:19)","अब, आइए शेɬयूͧलंग एãगोǐरदम को शोट[एèट जॉब फèट[
(Shortest Job First)
शेɬयूͧलंग एãगोǐरदम के
Ǿप मɅ जानɅ। इस ͪवशेष शेɬयूͧलंग एãगोǐरदम मɅ, जॉब या ĤͩĐया सबसे कम सीपीयू
(CPU) burst
समय
के साथ दूसरɉ के पहले Ǔनधा[ǐरत कȧ जाती है। अब यǑद आपके पास एक हȣ सीपीयू
burst
समय के साथ एक
से अͬधक ĤͩĐयाएं हɇ तो मानक एफसीएफएस शेɬयूͧलंग का उपयोग ͩकया जाता है। पहलȣ शेɬयूͧलंग
एãगोǐरदम के सबसे कम जॉब के दो Ĥकार हɇ। पहला संèकरण कोई Ĥीͧमशन नहȣं
(no preemption)
है,
जबͩक दूसरा सबसे पहला सबसे छोटा काम Ĥीͧमशन के साथ
(shortest job first with preemption)
है।
अब
SJF
कोई Ĥीͧमशन नहȣं
(no preemption)
मɅ, ĤͩĐया सीपीयू मɅ तब तक ǓनçपाǑदत रहेगी जब तक
ͩक उसका सीपीयू
burst
पूरा नहȣं हो जाता। Ĥीͧमशन के साथ
(with preemption)
दूसरे संèकरण मɅ, यह
संभव हो सकता है ͩक ĤͩĐया को पूव[वत/ĤीàÜटेद
preempted
ͩकया जा सके, जब एक नई ĤͩĐया तैयार
कतार मɅ आती है। हम बाद मɅ इस पर अͬधक देखɅगे, लेͩकन पहले हम सबसे छोटȣ नौकरȣ के साथ कोई
Ĥीͧमशन नहȣं
(no preemption)
संèकरण के साथ शुǾ करɅगे।"
19,12,"(èलाइडसमय का संदभ[ लɅ:
18:21)","तो आइए हम वहȣ उदाहरण लɅ जो हमने ͪपछले मामले मɅ देखा है, हमारे पास उनकȧ चार ĤͩĐयाएं पी
1
से पी
4
थीं और वे सभी त×काल
0
पर पहुंच रहे हɇ, जो तुरंत
0
ये चार ĤͩĐयाएं पी
1
से पी
4
तैयार कतार मɅ आती
हɇ। और इनमɅ से Ĥ×येक ĤͩĐया मɅ एक अलग
CPU burst
समय होता है जो Đमश:
7, 4, 2
और
1
होता है।
अब पहले पल मɅ, सीपीयू शेɬयूलर ͪवͧभÛन
burst
के समय को देखेगा और Ûयूनतम वाला एक खोज
करेगा। इसͧलए, इस मामले मɅ हम देखते हɇ ͩक पी
4
मɅ Ûयूनतम सीपीयू
burst
का समय है, ताͩक पहले
Ǔनधा[ǐरत ͩकया जा सके। तो, पहले ĤͩĐया पी
4
Ǔनधा[ǐरत होने तक Ǔनधा[ǐरत हो जाती है, इस ͪवशेष मामले
मɅ यह
1
चĐ मɅ पूण[ हो जाती है। ͩफर बची हुई तीन मɅ, हम देखते हɇ ͩक पी
3
मɅ सबसे कम
CPU
बèट[ का
समय है। इसͧलए, ĤͩĐया पी
3
Ǔनधा[ǐरत हो जाती है और तब तक पूण[ हो जाती है जब तक ͩक यह अपने
बèट[ को पूरा नहȣं कर लेती है। ͩफर पी
2
Ǔनधा[ǐरत हो जाता है Èयɉͩक इसमɅ
4
का बèट[ का समय होता है,
जबͩक पी
1
मɅ
7
का उÍच बèट[ होता है और अंत मɅ, पी
1
पूरा होने तक ǓनçपाǑदत हो जाता है। अब, औसत
Ĥती¢ा समय, यǑद हम इसकȧ गणना
2.75
है, जबͩक औसत ĤǓतͩĐया समय
2.75
Ĥती¢ा समय के
मामले मɅ भी है।
(èलाइडसमय का संदभ[ लɅ:
19: 43)
अब हम सबसे पहले ǒबना ͩकसी
preemption
के
shortest job first
का एक और उदाहरण देखɅ। इसͧलए,
हम एक हȣ चार ĤͩĐयाओं को पी
1
से पी
4
ले लɅगे और इन ĤͩĐयाओं मɅ से Ĥ×येक Đमशः
7, 4, 2
और
1
के
समान हȣ ͪवèफोटक समय होगा। हालांͩक, वे अलग-अलग इंèटɅɪस पर पहुंचते हɇ, िजस ¢ण वे त×काल
कतार मɅ Ĥवेश करते हɇ, वह अलग होगा। तो, पी
1, 0
वɅ पल मɅ, दूसरȣ पल मɅ पी
2,
चौथे पल मɅ पी
3
और
7
वɅ
पल मɅ पी
4
मɅ Ĥवेश करता है। अब, यह
Gantt
चाट[ मɅ मामूलȣ संशोधन है, जहां यह Ǒदखाने के अलावा ͩक
सीपीयू मɅ कौन सी ĤͩĐया ǓनçपाǑदत हो रहȣ है, यह भी उस Đम को Ǒदखाता है िजसमɅ ĤͩĐयाएं आती हɇ।
यह Ǒदखाता है ͩक पी
1
पहले आता है, ͩफर दूसरे भाग मɅ पी
2,
ͩफर पी
3
और आͨखरकार पी
4
सातवɅ पल
मɅ। अब, जब शेɬयूलर इस ͪवशेष पल पर ǓनçपाǑदत करना शुǾ कर देता है, तो इस ͪवशेष ǒबंदु पर पहुंचने
वालȣ एकमाğ ĤͩĐया पी
1
है, इसͧलए यह ǓनçपाǑदत करने के ͧलए पी
1
शेɬयूल करता है। इसͧलए, पी
1
अपने पूरे ͪवèफोट के ͧलए ǓनçपाǑदत करता है जो
7 cycles
का होता है, और ͩफर इस ͪवशेष चĐ पर,
शेɬयूलर ͩफर से Ĥवेश करता है या शेɬयूलर ͩफर से ǓनçपाǑदत करता है और इस बार इसे सभी पी
2,
पी
3
से
चुनने के ͧलए तीन ĤͩĐयाएं ͧमलती हɇ Èयɉͩक पी
4
तैयार कतार मɅ पहुंचा है। और उनमɅ से पी
4
मɅ सबसे
कम समय है, इसͧलए इसे Ǔनçपादन के ͧलए चुना जाता है। इसͧलए, पी
4
सीपीयू मɅ ǓनçपाǑदत होता है, और
उसके बाद पी
3
Èयɉͩक पी
3
मɅ पी
2
कȧ तुलना मɅ एक छोटा
burst
होता है और अंत मɅ, पी
2
ǓनçपाǑदत हो
जाता है। इसͧलए, यǑद हम औसत Ĥती¢ा समय कȧ गणना करते हɇ, तो हम देखते हɇ ͩक यह
3
चĐ है।"
19,13,"(èलाइडसमय का संदभ[ लɅ:
21:37)","तो
shortest job first
शेɬयूͧलंग एãगोǐरदम के फायदे है ͩक Įेçठ/ऑÜटȣमल
(Optimal)
है। यह आपको
हमेशा Ûयूनतम औसत Ĥती¢ा समय देगा। और इसके पǐरणामèवǾप, औसत ĤǓतͩĐया समय भी कम हो
जाता है।
SJF
शेɬयूͧलंग एãगोǐरदम का मुÉय नुकसान यह है ͩक यह åयावहाǐरक नहȣं है; अǓनवाय[ Ǿप से,
भͪवçयवाणी करना बहुत मुिæकल है ͩक
burst
का समय Èया होगा। तो
SJF
शेɬयूͧलंग एãगोǐरदम का एक
और दोष यह है ͩक कुछ काय[
starve
हो सकती हɇ; अǓनवाय[ Ǿप से यǑद आपके पास ऐसी ĤͩĐया है िजसमɅ
अ×यͬधक लंबे
CPU
बèट[ का समय है, तो इसे कभी भी
CPU
मɅ ǓनçपाǑदत करने का मौका नहȣं ͧमल सकता
है।"
19,14,"(èलाइडसमय का संदभ[ लɅ:
22:19)","अब, हम शोट[एèट जॉब फèट[
(shortest job first)
ͪवथ Ĥीएंपसन
((SJF) with preemption)
शेɬयूͧलंग
एãगोǐरदम (एसजेएफ)देखɅगे। तो, यह शोतȶèत ǐरमैǓनंग टाइम फèट[
(shortest remaining time first)
भी है। इसͧलए इस एãगोǐरदम मɅ मूल ͪवचार यह है ͩक यǑद कोई नई ĤͩĐया तैयार कतार मɅ आती है, और
इस ĤͩĐया मɅ वत[मान ĤͩĐया के शेष कȧ तुलना मɅ एक छोटा ͪवèफोट समय होता है, तो एक संदभ[ िèवच
होता है और नई ĤͩĐया सीपीयू मɅ Ǔनधा[ǐरत होती है । इससे औसत Ĥती¢ा समय के साथ-साथ औसत
ĤǓतͩĐया समय भी कम हो जाता है। हालांͩक, जैसा ͩक ͪपछले मामले मɅ सबसे कम काय[ है, यहां पहलȣ बार
कोई छूट नहȣं है, यह भी åयावहाǐरक नहȣं है। तो चͧलए एक उदाहरण के साथ इस पर और अͬधक समझɅ।"
19,15,"(èलाइडसमय का संदभ[ लɅ:
23:02)","तो आइए
4
ĤͩĐयाओं का एक हȣ उदाहरण लɅ िजसमɅ
burst
समय
7, 4, 2
और
1
है; और
0, 2, 4
और
7
पर
आने वाले समय,
Gantt
चाट[ को समय ĤͩĐयाओं के Ǿप मɅ ͪवकͧसत करɅगे। तो, पल
0
पर, एकमाğ ĤͩĐया
जो मौजूद है वह पी
1
है; और इसͧलए, शेɬयूलर के पास कोई ͪवकãप नहȣं है, लेͩकन पी
1
को सीपीयू पर
शेɬयूल करने के ͧलए। इस Ĥकार पी
1, 2
घड़ी चĐ के ͧलए ǓनçपाǑदत होगा। अब दूसरे घड़ी चĐ के बाद
ĤͩĐया पी
2
तैयार कतार मɅ Ĥवेश ͩकया है। अब आप देखते हɇ ͩक पी
2
मɅ
4
चĐɉ का
burst
हुआ है।
हालांͩक, पी
1
मɅ
5
चĐɉ का शेष
burst
है। तो, इसका मतलब यह है ͩक सीपीयू के बाहर
7
चĐɉ का
burst
समय, पी
1
ने
2
चĐ पूरे ͩकए हɇ। तो, Èया बचा है 5। अब शेɬयूलर देखेगा ͩक पी
1
मɅ
5
चĐ हɇ, जो पी
2
से
अͬधक है, िजसमɅ
4
चĐɉ का ͪवèफोट हुआ है। इसͧलए, यह एक संदभ[ िèवच करेगा और चलाने के ͧलए पी
2
शेɬयूल करेगा। तो, पी
2,
को
2
घड़ी चĐ के ͧलए चलाएगा और ͩफर पी
3
चौथे
clock
के तुरंत बाद आता
है। तो, इस ͪवशेष ¢ण पर, शेɬयूलर यह पता लगाएगा ͩक पी
3
मɅ
2
चĐɉ का
burst
का समय है, जबͩक पी
2
मɅ
2
चĐɉ का शेष समय है; हम
2
ĤाÜत करते हɇ Èयɉͩक पी
2
के ͧलए
4
चĐ ͪवèफोट के समय मɅ, यह
2
पूरा हो गया है। तो, Èया बचता है,
2
और चĐ । चूंͩक पी
2
सीपीयू पर चल रहȣ पुरानी ĤͩĐया मɅ
2
चĐ शेष
burst
का समय होता है, और पी
3
कȧ नई ĤͩĐया मɅ
2
चĐ बèट[ समय हɇ, इसͧलए कोई छूट/Ĥीएंपसन
(preemption)
नहȣं होती है और पी
2
ǓनçपाǑदत करना जारȣ रखेगा। अब पी
2
पूरा होने के बाद, इस ͪवशेष
मामले मɅ, पी
3, 2
चĐɉ के ͧलए ǓनçपाǑदत करता है, और ͩफर पी
4
अब Ĥवेश करता है िजसके बाद आप
स×याͪपत करɅगे ͩक कोई भी छूट नहȣं होगी। इसͧलए, पी
3
पूरा होने के बाद, शेɬयूलर या तो पी
4
या पी
1
चलाने का फैसला करता है। इसͧलए, हम देखते हɇ ͩक पी
4
मɅ
1
का ͪवèफोट चĐ है जबͩक पी
1
मɅ
5
का शेष
ͪवèफोट चĐ है, इसͧलए शेɬयूलर चुनने का फैसला करेगा पी
4
से पी तो, पी
4
4। सीपीयू पर चलता है और
इसके बाद पी
1
पूरा होने के बाद इसके शेष ͪवèफोट के समय ǓनçपाǑदत हो जाएगा। इसͧलए, यǑद आप
औसत Ĥती¢ा समय कȧ गणना करते हɇ, तो आप देखते हɇ ͩक यह
2.5
तक कम हो जाता है, जबͩक औसत
ĤǓतͩĐया समय
0.75
तक काफȧ कम हो जाता है। हालांͩक, जैसा ͩक हमने पहले सबसे छोटȣ जॉब कȧ तरह
पहले उãलेख ͩकया था, यह शेɬयूͧलंग एãगोǐरदम अßयास मɅ लागू होने के ͧलए भी संभव नहȣं है, Èयɉͩक
वाèतव मɅ यह पहचानना बहुत मुिæकल है ͩक ĤͩĐया का
burst
समय Èया है और यह पहचानना भी
मुिæकल है ͩक ĤͩĐया का शेष ͪवèफोट समय Èया होगा।"
19,16,"(èलाइडसमय का संदभ[ लɅ:
26:08)","अब हम राउंड रॉǒबन शेɬयूͧलंग एãगोǐरदम के नाम से जाना जाने वाला एक और शेɬयूͧलंग एãगोǐरदम
देखɅगे। इसͧलए, अǓनवाय[ Ǿप से राउंड रॉǒबन शेɬयूͧलंग एãगोǐरदम के साथ, एक ĤͩĐया एक समय
èलाइस के ͧलए चलती है जो एक ĤͩĐया èलाइस के ͧलए एक ĤͩĐया ǓनçपाǑदत होती है और जब समय
èलाइस पूरा हो जाता है तो इसे तैयार कतार मɅ ले जाया जाता है। इसͧलए, इस राउंड रॉǒबन शेɬयूͧलंग
एãगोǐरदम को ĤाÜत करने के ͧलए जो एक
preemptive
शेɬयूͧलंग एãगोǐरदम भी है; अब राउंड रॉǒबन
शेɬयूͧलंग ĤाÜत करने के ͧलए, हमɅ समय-समय पर
CPU
को बाͬधत करने के ͧलए ͧसèटम मɅ टाइमर को
कॉिÛफ़गर करने कȧ आवæयकता है। Ĥ×येक टाइमर मɅ बाधा डालने पर, कनȶल वत[मान ĤͩĐया को रोक देगा
और सीपीयू मɅ ǓनçपाǑदत करने के ͧलए एक और ĤͩĐया का चयन करेगा।"
19,17,"(èलाइडसमय का संदभ[ लɅ:
26:50)","चͧलए एक उदाहरण के साथ राउंड रॉǒबन शेɬयूͧलंग एãगोǐरदम
(Round Robin Scheduling
algorithm)
पर चचा[ करɅ। तो, अब तक हमने देखा है ͩक अÛय शेɬयूͧलंग एãगोǐरदम के संबंध मɅ एक अंतर
समय टुकड़ा कȧ धारणा है। तो, यह गɇट चाट[ है। इसͧलए, ͪवशेष Ǿप से देखɅ ͩक समय-समय पर इस मामले
मɅ,
2
के बराबर अवͬध के साथ, हम
2
के बराबर एक समय èलाइस रखते हɇ, एक टाइमर इंटरÜट होता है जो
होता है और टाइमर इंटरÜट के पǐरणामèवǾप शेɬयूलर चल रहा है और संभाͪवत Ǿप से एक और ĤͩĐया
सीपीयू मɅ Ǔनधा[ǐरत ͩकया जा रहा है। इसͧलए, एक डेटा संरचना जो राउंड रॉǒबन शेɬयूͧलंग एãगोǐरदम
लागू करने मɅ बहुत उपयोगी है फȧफो है। यह ͪवशेष फȧफो
(FIFO)
उन ĤͩĐयाओं को संĒहȣत करता है िजÛहɅ
सीपीयू मɅ आगे ǓनçपाǑदत करने कȧ आवæयकता होती है। उदाहरण के ͧलए, इस ͪवशेष मामले मɅ, पी
2
फȧफो के शीष[ पर है, इसͧलए यह एक अगलȣ ĤͩĐया है िजसे फȧफो मɅ ǓनçपाǑदत ͩकया जाता है। तो, पी
2
यहां पर ǓनçपाǑदत हो जाता है। इसͧलए, उदाहरण के ͧलए, हम अभी भी
4
ĤͩĐयाओं पर ͪवचार करɅगे जैसा
हमने पहले ͩकया है, पी
1
से पी
4
है और हम मान लɅगे ͩक वे सभी त×काल
0
पर पहुंचɅ और तैयार कतार के
फȧफो मɅ जाएं और वे फट गए हɇ Đमश:
5, 4, 2
और
3
के समय। तो आइए हम चचा[ के ͧलए कहɅ ͩक
शेɬयूलर इस ͪवशेष Đम पी
1,
पी
2,
पी
3
और पी
4
के साथ शुǾ होता है और यह पहले पी
1
ǓनçपाǑदत
करने का ͪवकãप चुनता है। इसͧलए, पी
1, 2
चĐɉ के ͧलए ǓनçपाǑदत करता है और ͩफर एक बाधा होती है
एक संदभ[ िèवच कȧ ओर जाता है और ͩफर इस ͪवशेष मामले मɅ फȧफो के शीष[ पी
2
को सीपीयू मɅ Ǔनधा[ǐरत
ͩकया जाता है, जबͩक पी
1
को फȧफो मɅ धकेल Ǒदया जाता है। तो, पी
2
तब
2
चĐɉ के ͧलए ǓनçपाǑदत करता
है जब तक ͩक अगला टाइमर बाͬधत न हो, उस िèथǓत मɅ
2
चĐɉ का समय टुकड़ा पूरा हो जाता है और ͩफर
इसे फȧफो मɅ धÈका Ǒदया जाता है। तो, पी
2
अब फȧफो के तल पर है, जबͩक पी
3
जो फȧफो के शीष[ पर है,
चलाने के ͧलए Ǔनधा[ǐरत है। तो, इस तरह, हर दो चĐ एक नई ĤͩĐया सीपीयू मɅ Ǔनधा[ǐरत हो सकती है और
ǓनçपाǑदत हो सकती है। इसͧलए, यǑद हम औसत Ĥती¢ा समय कȧ गणना करते हɇ। इसͧलए, इस ͪवशेष
मामले मɅ, हम देखɅगे ͩक औसत Ĥती¢ा समय और औसत ĤǓतͩĐया समय अलग है। तो, पी
1
के ͧलए
औसत Ĥती¢ा समय Èया है? तो, पी
1
यहां
2
चĐ चलाता है, यहां
2
चĐ होते हɇ और यहां पर Ǔनçपादन पूरा
करते हɇ। तो, यह शेष चĐɉ मɅ तैयार कतार मɅ इंतजार कर रहा है। तो चĐɉ कȧ संÉया
1, 2, 3, 4, 5, 6, 7, 8, 9
है। इसͧलए, पी
1, 9
चĐɉ कȧ Ĥती¢ा करता है; अब पी
2, 8
चĐɉ के ͧलए इंतजार कर रहा है
- 1, 2, 3, 4, 5, 6,
7, 8; 4
चĐɉ के ͧलए पी
3
और
10
चĐɉ के ͧलए पी तो औसत Ĥती¢ा समय
7.75
4। चĐ है। अब, औसत
ĤǓतͩĐया समय कȧ गणना करने के ͧलए जैसा ͩक हमने इसे पहले पǐरभाͪषत ͩकया है, ĤǓतͩĐया समय वह
समय है जब ĤͩĐया सीपीयू मɅ ǓनçपाǑदत होने के समय तैयार
queue
मɅ Ĥवेश करती है, वह ͪवलंबता
ĤǓतͩĐया समय होगी। इसͧलए, उदाहरण के ͧलए पी
1
मɅ
0
का ĤǓतͩĐया समय है Èयɉͩक यह तैयार कतार
मɅ Ĥवेश करता है या
FIFO
मɅ Ĥवेश करता है और तुरंत ǓनçपाǑदत हो जाता है। दूसरȣ तरफ पी
2, 0
चĐ मɅ
Ĥवेश करता है, लेͩकन केवल
2
चĐɉ के बाद ǓनçपाǑदत हो जाता है, इसͧलए इसका ĤǓतͩĐया समय
2
होता
है। इसी Ĥकार, पी
3, 0
पर Ĥवेश करता है लेͩकन केवल इस ǒबंदु पर ǓनçपाǑदत करता है। इसͧलए, इस पल
मɅ इसके बजाय, इसका जवाब समय
4
है और पी
4
मɅ
6
का ĤǓतͩĐया समय है, इसͧलए औसत ĤǓतͩĐया
समय
3
है। अब संदभ[ िèवच कȧ संÉया
7
है। तो, इस मामले मɅ
, 1, 2, 3, 4, 5, 6
और एक संदभ[ िèवच यहां
पर होता है Èयɉͩक ĤͩĐया पी
4
मौजूद है और पी
1
ǓनçपाǑदत हो रहा है। तो यहां पर संदभ[ िèवच कȧ संÉया
7
है जो
1, 2, 3, 4, 5, 6
है और सातवɅ संदभ[ िèवच यहां पर होता है तो पी
4
का Ǔनकास और पी
1
का सीपीयू
मɅ िèवच हो जाता है।"
19,18,"(èलाइडसमय का संदभ[ लɅ:
31:42)","अब आइए राउंड रॉǒबन शेɬयूͧलंग का एक और अͬधक जǑटल उदाहरण लɅ, जहां हमारे पास आगमन के
समय भी हɇ जो समान नहȣं हɇ। तो, पी
1, 0
वɅ पल पर पहुंच रहा है; पी2 दूसरे, पी
3
और पी
4
Đमशः तीसरे
और नौवɅ èथान पर। इसͧलए, हम इस मामले के ͧलए गɇट चाट[ और
FIFO
के अवèथाओं को भी इसी तरह
बना सकते हɇ। तो शुǾ करने के ͧलए,
0
पल मɅ, एकमाğ ĤͩĐया जो आ गई है वह पी
1
है और इसͧलए, पी
1
2
चĐɉ के ͧलए ǓनçपाǑदत करता है। और इस ͪवशेष ǒबंदु पर, जब टाइमर बाधा उ×पÛन होती है, तब तक
कोई अÛय ĤͩĐया मौजूद नहȣं होती है, इसͧलए पी
1
एक और समय के टुकड़े के ͧलए दूसरे
2
चĐɉ के ͧलए
ǓनçपाǑदत करना जारȣ रखेगा। हालांͩक, इस बार èलाइस मɅ, हमारे पास दो ĤͩĐयाएं हɇ जो तैयार कतार मɅ
Ĥवेश कर चुकȧ हɇ; ये ĤͩĐया पी
2
और पी
3
हɇ। इसͧलए, पी
2
इस अंतराल पर आता है जबͩक पी
3
इस
अंतराल पर आता है और उÛहɅ फȧफो मɅ जोड़ा जाता है। इसͧलए, दूसरȣ बार èलाइस पूरा होने पर, एक संदभ[
िèवच होता है और पी
2
ǓनçपाǑदत करने के ͧलए सीपीयू मɅ Ǔनधा[ǐरत होता है जबͩक पी
1
जो ǓनçपाǑदत
ͩकया गया था, ͩफर फȧफो मɅ जाएगा। तो, पी
2, 2
चĐɉ के ͧलए ǓनçपाǑदत करता है, ͩफर पी
3, 2
चĐɉ के
ͧलए ǓनçपाǑदत करता है, ͩफर पी
1
चĐ के ͧलए ǓनçपाǑदत करता है और उस समय पी
4
आ गया है और
फȧफो मɅ जोड़ा जाता है। अब, हमारे पास पी
1,
पी
2
और पी
4
कȧ तीन ĤͩĐयाएं हɇ और इÛहɅ समय-समय पर
चलाने के ͧलए शेɬयूल ͧमलता है। तो इस मामले मɅ औसत Ĥती¢ा समय
4.75
है, जबͩक औसत ĤǓतͩĐया
समय
2
है। तो, औसत Ĥती¢ा समय
4.75
कैसे है, इसका मतलब है ͩक पी
1
ĤͩĐया
7
चĐɉ के ͧलए इंतजार
कर रहȣ है, इससे पहले ͩक यह पूरा हो जाए। तो यह
1, 2, 3, 4, 5, 6
और
7
है। जबͩक ĤͩĐया पी
2
ने
6
चĐɉ
कȧ Ĥती¢ा कȧ है, इसͧलए यह
1, 2, 3, 4, 5, 6
है; ĤͩĐया
3
ने
3
चĐɉ कȧ Ĥती¢ा कȧ है, और ĤͩĐया
4
ने
3
चĐɉ कȧ Ĥती¢ा कȧ है। औसत ĤǓतͩĐया समय
2
के बराबर होने के ͧलए स×याͪपत ͩकया जा सकता है और
संदभ[ िèवच कȧ संÉया
7
से पहले थी।"
19,19,"(èलाइडसमय का संदभ[ लɅ:
34:15)","अब हम वहȣ उदाहरण लɅ जैसा हमने पहले ͩकया है, लेͩकन एक समय èलाइस के साथ उनमɅ से एक है ͩक
हमने समय टुकड़ा
2
से घटा Ǒदया है और हमने इसे
1
बनाया है। इसͧलए, हम देखते हɇ ͩक हर पल मɅ हमारे
पास टाइमर बाधा होती है और संभाͪवत Ǿप से संदभ[ िèवच हो सकता है। यǑद हम इस ͪवशेष मामले के
ͧलए औसत Ĥती¢ा समय और औसत ĤǓतͩĐया समय कȧ गणना करते हɇ तो हम देखते हɇ ͩक ͪवशेष Ǿप से
औसत ĤǓतͩĐया समय कम हो गया है। ऐसा Èयɉ हुआ है Èयɉͩक एक बार ĤͩĐया मɅ कतार मɅ Ĥवेश करने
के बाद इसे सीपीयू मɅ Ǔनधा[ǐरत होने से पहले कम चĐɉ कȧ Ĥती¢ा करनी पड़ती है। दूसरȣ ओर, संदभ[ िèवच
कȧ संÉया
7
से
11
तक बढ़ȣ है। चूंͩक हमारे पास टाइमर इंटरÜɪस हɇ जो अͬधक बार होते हɇ, इसͧलए अͬधक
संभावना है ͩक एक संदभ[ िèवच होगा।"
19,20,"(èलाइडसमय का संदभ[ लɅ:
35:10)","अब, यǑद हम एक हȣ उदाहरण लेते हɇ, लेͩकन समय टुकड़े
1
के बजाय
5
के साथ, और यǑद हम औसत
Ĥती¢ा समय और औसत ĤǓतͩĐया समय कȧ गणना करते हɇ, तो हम देखते हɇ ͩक ĤǓतͩĐया समय काफȧ
बढ़ता है
2.75
तक जबͩक संदभ[ िèवच कȧ संÉया
4
से थोड़ा कम हो जाती है। दूसरȣ तरफ, हम देखते हɇ ͩक
शेɬयूͧलंग पहले आओ पहले सेवा/फèट[ कम फèट[ सव[
(first come first serve)
करने कȧ तरह अͬधक से
अͬधक åयवहार करना शुǾ कर देती है। ĤǓतͩĐया समय खराब है Èयɉͩक बड़े समय के टुकड़े के कारण
शेɬयूͧलंग पहले से आती है जैसे पहलȣ बार आती है जो हमɅ पता है ͩक एक बुरा ĤǓतͩĐया समय है। इसͧलए,
इन सभी उदाहरणɉ से हमने अब तक देखा है ͩक हमने देखा है ͩक हम Ǔनçकष[ Ǔनकाल सकते हɇ ͩक एक
समय टुकड़ा कȧ अवͬध बहुत मह×वपूण[ है। इसͧलए, यह ĤǓतͩĐया समय के साथ-साथ संदभ[ िèवच कȧ
संÉया दोनɉ को भी Ĥभाͪवत करता है।"
19,21,"(èलाइडसमय का संदभ[ लɅ:
36:07)","इसͧलए, अǓनवाय[ Ǿप से, यǑद हमारे पास एक बहुत छोटा Èवांटम का समय टुकड़ा है, तो लाभ यह है ͩक
सीपीयू मɅ शेɬयूल करने से पहले ĤͩĐयाओं को तैयार कतार मɅ बहुत लंबे समय तक इंतजार करने कȧ
आवæयकता नहȣं है। अǓनवाय[ Ǿप से इसका मतलब है ͩक ĤͩĐया का ĤǓतͩĐया समय बहुत अÍछा होगा या
इसका कम ĤǓतͩĐया समय होगा। दूसरȣ तरफ, थोड़े समय के टुकड़े होने से बुरा होता है, Èयɉͩक हमारे पास
अÈसर संदभ[ िèवच होते। और जैसा ͩक हमने देखा ͩक संदभ[ िèवच से पहले काफȧ अͬधभार हो सकता है।
इसͧलए, यह ͧसèटम के Ĥदश[न को कम करता है। एक लंबे समय के टुकड़े या एक लंबे Èवांटम मɅ एक कमी
है जो ĤͩĐयाओं को एक साथ ǓनçपाǑदत करने के ͧलए Ĥतीत नहȣं होता है, ऐसा लगता है ͩक पहले आओ
पहले सेवा/फèट[ कम फèट[ सव[
(first come first serve)
शेɬयूͧलंग एãगोǐरदम कȧ तरह Ïयादा है और
इसͧलए यह बदले मɅ ͧसèटम Ĥदश[न को कम कर सकता है। इसͧलए, आम तौर पर एक आधुǓनक Ǒदन
ऑपरेǑटंग ͧसèटम मɅ समय èलाइस अवͬध
10
ͧमलȣसेकंड से
100
ͧमलȣसेकंड तक कुछ भी रखी जाती है।
तो,
xv6
ĤोĒाम, काय[Đम टाइमर हर
10
ͧमलȣसेकंड मɅ बाधा डालने के ͧलए।"
19,22,"(èलाइडसमय का संदभ[ लɅ:
37:17)","तो राउंड रॉǒबन शेɬयूͧलंग एãगोǐरदम
(round robin scheduling algorithm)
का लाभ Ǔनàनानुसार है।
एãगोǐरदम उͬचत है Èयɉͩक Ĥ×येक ĤͩĐया को
CPU
पर चलाने का उͬचत मौका ͧमलता है। औसत Ĥती¢ा
समय कम होता है, खासकर जब
burst
के समय अलग-अलग होते हɇ और ĤǓतͩĐया समय बहुत अÍछा
होता है। दूसरȣ तरफ, राउंड रॉǒबन शेɬयूͧलंग एãगोǐरदम कȧ कमी Ǔनàनानुसार है; संदभ[ िèवͬचंग कȧ बढ़ती
संÉया है जो घǑटत होती है और जैसा ͩक हमने संदभ[ िèवͬचंग से पहले देखा है, काफȧ अͬधभार है। और
दूसरा दोष यह है ͩक औसत Ĥती¢ा समय अͬधक होता है, खासकर जब
burst
के समय बराबर लंबाई होती
है।"
19,23,"(èलाइडसमय का संदभ[ लɅ:
37:56)","xv6
शेɬयूͧलंग नीǓत राउंड रॉǒबन शेɬयूͧलंग नीǓत का एक Ǿप है; İोत कोड यहां Ǒदखाया गया है। तो,
अǓनवाय[ Ǿप से
xv6
शेɬयूलर Èया करता है यह है ͩक यह
ptable
सरणी के माÚयम से पास[(parse) करता
है। इसͧलए, हमने पहले
ptable
देखा है, जो
procs
सरणी है, और शेɬयूलर इस सरणी को पास[ करता है, और
अगलȣ ĤͩĐया जो चलने योÊय/रनएबल
(runnable)
है को खोजता है और िèवच को आमंǒğत करती है।
तो, यह वह जगह है जहां आप संदभ[ िèवच का आéवान करते हɇ। इसͧलए, Ĥ×येक बार जब शेɬयूलर
ǓनçपाǑदत होता है, तो इस सरणी मɅ अगलȣ ĤͩĐया ǓनçपाǑदत करने के ͧलए Ǔनधा[ǐरत होती है। इसके बाद,
हम शेɬयूͧलंग एãगोǐरदम देखɅगे जो Ĥाथͧमकता पर आधाǐरत हɇ। तो, ये Ĥाथͧमकता आधाǐरत शेɬयूͧलंग
एãगोǐरदम हɇ। धÛयवाद।"
20,0,,"ऑपरेǑटंग ͧसèटम (Operating System) का पǐरचय
Ĥोफेसर चेèटर रेबेरो
कंÜयूटर ͪव£ान और इंजीǓनयǐरंग ͪवभाग
भारतीय Ĥौɮयोͬगकȧ संèथान, मġास
सÜताह- 05
åयाÉयान - 19
ͪĤओǐरटȣ (Priority) आधाǐरत शेɬयूͧलंग एãगोǐरदम (Scheduling Algorithm)
अब तक हमने कुछ शेɬयूͧलंग एãगोǐरदम (Scheduling Algorithms) के बारे मɅ देखा था, फèट[ कम
फèट[ सव[ (First Come First Serve) और ĤीिàÜटव शेɬयूͧलंग एãगोǐरदम (preemptive
scheduling algorithms) जैसे राउंड रॉǒबन (Round Robin)।
तो इस ͪवशेष वीͫडयो मɅ, हम शेɬयूͧलंग (scheduling) के ͧलए एãगोǐरदम (algorithms) कȧ एक Įेणी
देखɅगे िजसे ͪĤओǐरटȣ बेèड शेडुͧलंग एãगोǐरदम (Priority Based Scheduling Algorithms) के Ǿप मɅ
जाना जाता है। तो हम एक Ĥेरक उदाहरण के साथ इस åयाÉयान को शुǾ करɅगे।
तो, आइए हम इस ͪवशेष उदाहरण को ͩफर से देखɅ िजसे हमने अंǓतम वीͫडयो मɅ ͧलया था। जैसा ͩक
हमने इस राउंड रॉǒबन शेɬयूͧलंग एãगोǐरदम (Round Robin Scheduling Algorithm) को देखा था,
जहां हमने चार ĤͩĐयाएं/ Ĥोसैसएज (processes) को पी1 से पी4 (P1 to P4) तक ले ͧलया था, और ये
Ĥोसैसएज (processes) 0, 2, 3 और 9 के अलग-अलग समय पर पहुंचीं, और उनके पास Đमानुसार 7
साइकãस (cycles), 4, 2 और 1 साइकãस (cycles) जैसे अलग-अलग ͪवèफोटक समय/ बèट[ टाइम
(burst times)/ थे ।
अब हम उपरोÈत शाͧमल ĤͩĐयाओं/Ĥोसैसएज (processes) मɅ थोड़ी नई चीज़ जोड़कर देखɅगे। आइए
मान लɅ ͩक पी2 (P2) एक मह×वपूण[ ĤͩĐया (process)है, जबͩक पी1, पी3 और पी4 (P1, P3 and
P4) कम मह×वपूण[ हɇ। तो, एक मह×वपूण[ ĤͩĐया (process) Èया है? तो आइए हम एक ऑपरेǑटंग
ͧसèटम (operating system) का उदाहरण लɅ जो एक कार मɅ मौजूद माइĐोĤोसेसर (micro
processor) मɅ चलता है, और जब भी Ħेक दबाया जाता है तो ĤͩĐया (process) पी2 (P2) ǓनçपाǑदत
हो जाएगी और यह कार को रोकने से संबंͬधत कई काय[ करेगी, जबͩक हो सकता है कȧ
ĤͩĐयाओं/Ĥोसैसएज (processes) पी1, पी3 और पी4 (P1, P3 and P4) के पास कम मह×वपूण[ काय[
हɉ। उदाहरण के ͧलए कार के संबंध मɅ ͩफर से पी1, पी3 और पी4 (P1, P3 and P4) àयूिजक Üलेयर
(music player) हो सकते हɇ, अतः एक ĤͩĐया (process) àयूिजक Üलेयर (music player) हो सकता
है जबͩक दूसरा ए. सी. (Air Conditionor) या हȣटर (heater) को Ǔनयंǒğत करने के ͧलए हो सकता है
और इसी तरह अÛय Ĥोसैसएज (processes) भी ।
तो, आइएहमइसगɇटचाट[ (Gantt chart) कोͩफरसेदेखɅ, हमदेखतेहɇ ͩकपी2 (P2) दूसरेसाईकल
(cycle) मɅ आताहैऔरइसेǓनçपादन(execution) कोपूराकरनेमɅ पया[ÜतमाğामɅ साइकãस
(cycles) लगतेहɇ।इसकामुÉयकारणयहहैͩक, यहएकराउंडरॉǒबनशेɬयूͧलंग(round robin
scheduling) योजना(algorithm) हैऔरअÛयĤͩĐयाओं/Ĥोसैसएज(processes) केͧलएभी
सीपीयू(CPU) काउͬचतǑहèसाहै।तो, पी2 (P2) पहलेयहांǓनçपाǑदतकरताहैऔरउसकेबादएक
पी1 औरपी3 (P1 and P3) ǓनçपाǑदत/ͩĐयािÛवत(execute) होताहै, ͩफरपी2 (P2) बार-बार
ǓनçपाǑदत/ͩĐयािÛवत (execute) होता है और आͨखरकार/अंततः एक ͪवशेष समय
ǓनçपाǑदत/ͩĐयािÛवत (execute) होकर पर अपने बèट[ (burst) को पूरा करता है।
अब, आपदेखɅगेͩकइसͪवशेषयोजनाकेसाथएकèपçटसमèयाहै।चूंͩक, पी2 (P2) एकमह×वपूण[
ĤͩĐया(process) हैजैसेͩककारके Ħेͩकंग(breaking) कोǓनयंǒğतकरनेमɅ इसेअपने
Ǔनçपादन/ͩĐयाÛवयनकोपूराकरनेमɅ काफȧ Ïयादासमयलगाहै, औरइससेͪवनाशकारȣ दुघ[टनाएँहो
सकती हɇ
अतःजैसाकȧ अपेͯ¢तहोगावहइसतरहसेͩक-जबभीपी2 (P2) जैसीकोईमह×वपूण[ ĤͩĐया/
ͩĐǑटकलĤोसेस(critical process) तैयारकताररेडीÈयू(ready queue) मɅ आतीहै, तोउसेएक
Ĥायोǐरटȣ (priority) ͧमलनीचाǑहएऔरउसेǓनरंतरǓनçपाǑदत/ͩĐयािÛवत(execute) करनेमɅ स¢म
होनाचाǑहएइसतØयकेबावजूदͩककतारमɅ Ǔनचलȣ ĤाथͧमकतावालेअÛयĤͩĐयाएंĤोसैसएज
(processes) हɇ।
अतःयहȣ वहहै, िजसेहमएकबेहतरवाèतͪवकिèथǓतमɅ देखनाचाहतेहɇ।तोशेɬयूͧलंगएãगोǐरदम
(scheduling algorithms) जोĤͩĐयाओंĤोसैसएज(processes) के बीचऐसीĤाथͧमकताओं
(ͪĤऑǐरटȣज़/ priorities) काÉयालरखतेहɇ उÛहɅ Ĥाथͧमकताआधाǐरतशेɬयूͧलंगएãगोǐरदम
(Priority Based Scheduling Algorithms) केǾपमɅ जानाजाताहै, औरयहȣ वहहैिजसेहमइस
ͪवशेष वीͫडयो åयाÉयान मɅ पढ़ाई करने जा रहे हɇ।
Ĥाथͧमकताआधाǐरत(priority based) शेɬयूͧलंगएãगोǐरदम(scheduling algorithm) मɅ Ĥ×येक
ĤͩĐया/Ĥोसेस(process)कोĤाथͧमकतासंÉयाआवंǑटतकȧ जातीहै।यहĤाथͧमकतासंÉया/
Ĥायोǐरटȣ नंबर(priority number) औरकुछनहȣंबिãकͩकसीͪवशेषǓनधा[ǐरतĮेणीकेभीतरकोई
संÉयाहै, और यहरɅजऑपरेǑटंगͧसèटम(operating system) ɮवारापूव[ Ǔनधा[ǐरतहै।उदाहरणके
ͧलए, यहĤाथͧमकतासीमा0 और255 केबीचहै।इसͧलए, ǓनçपाǑदत/ͩĐयािÛवत(executed) हर
ĤͩĐयाको0 और255 केबीचĤाथͧमकतासंÉयासɋपीजाएगी।एकछोटȣ ĤाथͧमकतासंÉयाजोशूÛय
/ 0 केकरȣबहैइसकामतलबहैͩकĤͩĐया(process) एकउÍचĤाथͧमकताĤͩĐया/Ĥोसेस(process)
याउÍचĤाथͧमकताकाकाय[ है।दूसरȣ ओर, एकबड़ीĤाथͧमकतासंÉया(higher priority number)
का मतलब यह होगा ͩक ĤͩĐया (process) कȧ कम Ĥाथͧमकता (low priority) है।
तोयहͧसफ[ एकनामकरणहैिजसेͧलनÈस(Linux) पालनकरताहै, अÛयऑपरेǑटंगͧसèटमɉ काएक
अलगǺिçटकोणहोसकताहै।तोजैसेͩक उदाहरणकेͧलएएकअͬधकĤाथͧमकतासंÉयाउÍच
ĤाथͧमकताĤͩĐया(high priority process) कोइंͬगतकरे, जबͩकएकǓनàनĤाथͧमकतासंÉयाकम
ĤाथͧमकताĤͩĐया(low priority process) कासंकेतकरे, लेͩकनइसåयाÉयानकेͧलएहमͧलनÈस
(Linux) नामकरणकेसाथजातेहɇ जहांएकछोटȣ ĤाथͧमकतासंÉयाकामतलबउÍचĤाथͧमकता
ĤͩĐया (high priority process) है और इसी भांǓत इसके ͪवपरȣत भी ।
अब, एकĤाथͧमकताआधाǐरत/ Ĥायोǐरटȣ बेèड(priority based) शेɬयूͧलंगएãगोǐरदम(scheduling
algorithm) मɅ हालांͩकतैयारकतार(ready queue) मɅ कईकाय[ मौजूदहोसकतेहɇ, शेɬयूͧलंग
एãगोǐरदमसवȾÍचĤाथͧमकतावालेकाय[ कोउठाएगा।Ĥाथͧमकताआधाǐरतशेɬयूͧलंगएãगोǐरदम
(priority based scheduling algorithms) कालाभदेखनाकाफȧ आसानहै।अǓनवाय[ Ǿपसेएक
ऑपरेǑटंगͧसèटम(operating system) मɅ जोĤाथͧमकताआधाǐरतशेɬयूͧलंगएãगोǐरदमका
समथ[नकरताहै, कायɟ कोसापे¢ मह×वǑदयाजासकताहैयाĤͩĐयाओं/ Ĥोसेसेज(processes) को
सापे¢ मह×वǑदयाजासकताहै।िजसमɅ ͩककमĤाथͧमकताĤͩĐयाओंकȧ तुलनामɅ सीपीयू(CPU) मɅ
वाèतवमɅ ǓनçपाǑदतकरनेकेͧलएउÍचĤाथͧमकताĤͩĐयाओंकोउÍचĤाथͧमकता/हायरĤायोǐरटȣ
(higher priority) ͧमल जाएगी।
दूसरȣ ओर, ĤाथͧमकताआधाǐरतशेɬयूͧलंगएãगोǐरदमहोनेकामुÉयदोषयहहैͩकइसेèटारवेशन
(starvation) केǾपमɅ जानाजाताहै।तोअǓनवाय[ Ǿपसे, एकभूखाĤͩĐया/ èटाåड[ Ĥोसेस(starved
process) वहहैजोसीपीयू(CPU) मɅ ǓनçपाǑदत/एÈसीÈयूट(execute) करनेमɅ स¢मनहȣंहै,
हालांͩकयहलंबेसमयतकतैयारकतार/ रेडीÈयू(ready queue) मɅ है।यहदेखनाआसानहैͩकभूख
/ èटारवेशन(starvation) मुÉयǾपसेकमĤाथͧमकताĤͩĐयाओं(low priority process) केͧलए
होती है।
तोआईयेएकउदाहरणकेसाथदेखतेहɇ ͩकèटारवेशन(starvation) कैसेहोतीहै।तोहमअलग-अलग
चारĤͩĐयाओं(processes) कोपी1 सेपी4 (P1 to P4) कोलेतेहɇ, जोअलग-अलगसमय0, 2, 3
और9 परपहुंचतेहɇ, औरअलग-अलगबèट[ समय(burst times) 8, 4, 2 और1 होतेहɇ।साथहȣ, मान
लȣिजएͩकपी1, पी2 औरपी3 (P1, P2 and P3)कȧ Ĥाथͧमकतापी4 (P4)सेअͬधकहैयादूसरेशÞदɉ
मɅ पी4 (P4) सबसेकमĤाथͧमकताĤͩĐया(process) है।हमयहधारणाभीकरɅगेͩकĤ×येक15 चĐ
इसͪवशेषअनुĐमकोदोहरातेहɇ, जोĤोसेसरके15 वɅ चĐ केबादहोताहै, पी1 (P1) ͩफरसेआताहै,
पी2 (P2) ͩफरसेआताहै, पी3 (P3) औरइसीĤकारपी4 (P4) आताहै, इसͧलए, ĤͩĐयाओं
(processes) का यह अनुĐम, तैयार िèथǓत (ready state) मɅ लगातार आता रहता है ।
तोहमÈयादेखतेहɇ, यǑदआपगɇटचाट[ कोदेखतेहɇ, तोपी1 (P1), पी2 (P2) औरपी3 (P3) को
ĤाथͧमकताकेआधारपरǓनधा[ǐरतͩकयाजाताहै।हालांͩक, कमĤाथͧमकतावालेकाय[ 15 चĐɉ के
भीतरकाय[ Ǔनधा[ǐरत(scheduled) नहȣंहोपातेहै।इसकेअǓतǐरÈत, चूंͩकपी1, पी2, पी3 औरपी4
(P1, P2, P3, P4), 15 चĐɉ केबादतैयारकतार(ready queue) मɅ ͩफरसेपहुंचतेहɇ।तो, ͩफरपी1
(P1), पी2 (P2) औरपी3 (P3) Ǔनधा[ǐरतहोजातेहɇ जबͩकपी4 (P4)कभीǓनधा[ǐरतनहȣंहोताहै।
इसͧलएपǐरणामèवǾपहमयहदेखतेहɇ ͩक, सबसेकमĤाथͧमकताĤͩĐया(lowest priority
process) भूखी /èटारवड (starved) रह जाती है।
यɮयͪप, भलेहȣ यहतैयारकतारमɅ हैऔरसीपीयू(CPU) केआवंटनकȧ Ĥती¢ाकररहाहै, ͩफरभी
इसेसीपीयू(CPU) मɅ ǓनçपाǑदतकरनेकाकभीमौकानहȣंͧमलताहैÈयɉͩकतैयारकतारमɅ हमेशा
उÍच Ĥाथͧमकता ĤͩĐयाएं (higher priority processes) आती रहतीं हɇ।
तोआइयेदेखतेहɇ ͩकĤाथͧमकताआधाǐरतशेɬयूͧलंगएãगोǐरदम(priority based scheduling
algorithms) èटारवेशन(starvation) सेकैसेǓनपटतेहɇ।इसͧलएअǓनवाय[ Ǿपसे, िजसऑपरेǑटंग
ͧसèटम(operating system) मɅ Ĥाथͧमकताआधाǐरतशेɬयूͧलंगएãगोǐरदम(priority based
scheduling algorithm) है, उसमेशेɬयूलर(scheduler) गǓतशीलǾपसेĤͩĐया/Ĥोसेस(process)
कȧ Ĥाथͧमकता/Ĥायोǐरटȣ (priority) कोसमायोिजतकरेगा, यहसुǓनिæचतकरनेकेͧलएͩकसभी
ĤͩĐयाएंअंततःसीपीयू(CPU) मɅ ǓनçपाǑदतहɉगी।इसकामतलबयहहैͩक, हमारेउदाहरणमɅ ĤͩĐया
(process) पी4 (P4) कȧ Ĥाथͧमकता/Ĥायोǐरटȣ (priority) धीरे-धीरेउसअवͬधतकबढ़जातीहैजबतक
ͩकइसकȧ Ĥाथͧमकता/Ĥायोǐरटȣ (priority) पी1 (P1), पी2 (P2) औरपी3 (P3)कȧ ĤͩĐयाओंकȧ
Ĥाथͧमकतासेअͬधकयाबराबरनहोजाए, तबउससमयĤͩĐया/Ĥोसेस(process) पी4 (P4) को
सीपीयू (CPU) मɅ ǓनçपाǑदत (execute) होने का मौका ͧमलेगा।
इसĤकार, हमदेखतेहɇ ͩकसमयकेसाथĤͩĐयापी4 (process P4) को(starvation) सेऊपरउठता
हुआ/ दूरजातेहुए, अÛयथा/ नहȣंतो, Èयɉͩकपी4 (P4) कȧ कमĤाथͧमकताथीअतःवहहटजाता।तो
ऐसीकईतकनीकɅ हɇ जोĤाथͧमकताआधाǐरतशेɬयूͧलंगएãगोǐरदम(priority based scheduling
algorithm) èटारवेशन(starvation) सेǓनपटसकतीहɇ।इसͧलएहमयहांएकͪवशेषउदाहरणदेतेहɇ
िजसमɅ Ĥाथͧमकताआधाǐरतशेɬयूͧलंगएãगोǐरदम(priority based scheduling algorithm) वाला
एकऑपरेǑटंगͧसèटम(operating system) यहसुǓनिæचतकरसकताहैͩकĤ×येकĤͩĐया
(process), यहांतकͩककमĤाथͧमकताĤͩĐया(low priority process) अंततःसीपीयूमɅ ǓनçपाǑदत
होजाएगी।इसͧलए, इसͪवशेषऑपरेǑटंगͧसèटम(operating system) मɅ जबहमएकĤͩĐयाशुǾ
करतेहɇ तोइसेएकआधारĤाथͧमकता(base priority) दȣ जातीहै।अब, यहआधारĤाथͧमकताअलग
अलगĤͩĐयाओंमɅ मɅ ͧभÛनͧभÛनहोगी, उÍचĤाथͧमकताĤͩĐया(high priority process) कोउÍच
ĤाथͧमकतासंÉयादȣ जाएगी, जबͩककमĤाथͧमकताĤͩĐया(low priority process) कोकम
Ĥाथͧमकता संÉया/ Ĥायोǐरटȣ नंबर (priority number) दȣ जाएगी।
तोअब, Ĥ×येकबारटाइमèलॉटयासमयअंश/ टाइमèलाइस(time slice) केबादĤͩĐया(process)
कȧ Ĥाथͧमकता(priority) एकǓनिæचतसंÉयासेबढ़जातीहै।इसͧलए, अǓनवाय[ Ǿपसे, तैयारपंिÈत/
रेडीÈयू(ready queue) मɅ सभीĤͩĐयाओंकोएकǓनिæचतमाğासेउनकȧ Ĥाथͧमकता/Ĥायोǐरटȣ
(priority) सेबढ़ाया जाएगाकेवलसीपीयू(CPU) मɅ वत[मानमɅ ǓनçपाǑदत(executed) होनेवालȣ
ĤͩĐया(process) कोछोड़कर।तोआपयहदेखɅगेͩक, एकसमयकȧ अवͬधकेबाद, Ĥाथͧमकता
कतार(priority queue) मɅ सभीĤͩĐयाओंमɅ धीरे-धीरेĤाथͧमकतामɅ वृɮͬधहोगी।अबकम
ĤाथͧमकताĤͩĐया(low priority process) कȧ Ĥाथͧमकता/Ĥायोǐरटȣ (priority) इसǒबंदुतकबढ़चुकȧ
होगीͩकइसकȧ Ĥाथͧमकता/Ĥायोǐरटȣ (priority) इतनीअͬधकहोजाये ताͩकयहसीपीयू(CPU) के
ͧलए Ǔनधा[ǐरत (scheduled) हो।
इसͧलए, सीपीयू (CPU) मɅ Ǔनधा[ǐरत (scheduled) होने के बादऔरसीपीयू(CPU) मɅ
ǓनçपाǑदत/ͩĐयािÛवत (executes) होने के बाद, इसके समय खंड के अंत मɅ इसकȧ
Ĥाथͧमकता/Ĥायोǐरटȣ (priority) कोइसकȧ मूलĤाथͧमकता/Ĥायोǐरटȣ (priority) परपुनèथा[ͪपत/रȣसेट
करǑदयाजाताहै।इसĤकार250 कȧ मूलĤाथͧमकता/Ĥायोǐरटȣ (priority) केसाथशुǾ होनेवालȣ
ĤͩĐया(process) मɅ, धीरे-धीरेइसकȧ ĤाथͧमकतामɅ वृɮͬधहोगी, इसͧलएजबयहएकǒबंदुपर
ǓनçपाǑदत/ͩĐयािÛवत(executes) करनाशुǾ होजाताहैऔरउसकेबादसमाÜतहोजाताहैऔरतब
इसकेबादइसकȧ Ĥाथͧमकता/Ĥायोǐरटȣ (priority) को250 परपुनèथा[ͪपत/रȣसेटकरǑदयाजाताहै, इस
Ĥकार, भुखमरȣ/èटारवेशन (starvation) से बचा जा सकता है ।
तोइसआधारपर, एकĤͩĐया(process) केͧलएदोĤकारकȧ Ĥाथͧमकताएं(priorities) मौजूदहɇ।
एकओरहै èथैǓतकĤाथͧमकता/ èटैǑटकĤायोǐरटȣ (static priority) जोआमतौरपर
Ǔनçपादन(execution) कȧ शुǽआतमɅ Ǔनधा[ǐरतहोतीहै, इसͧलएइसेउसउपयोगकता[ ɮवारासेट(set)
ͩकयाजासकताहैजोउसएिÜलकेशन(application) कोशुǾ कररहाहै, औरसंयोगसेयǑद
उपयोगकता[ उसͪवशेषĤाथͧमकताकोसेटनहȣंकरताहैतोएकͫडफ़ॉãट/पूव[ǓनयतसंÉयालेͧलया
जाता है।
दूसरȣ ओर, दूसरȣ Ĥकारकȧ ĤाथͧमकताकोचͧलतĤाथͧमकता/डायनाͧमकĤायोǐरटȣ (Dynamic
Priority) केǾपमɅ जानाजाताहै, जहांशेɬयूलरकुछशेɬयूͧलंग(scheduling ) लêयɉ कोĤाÜतकरने
केͧलएĤोसेसकȧ ĤाथͧमकताकोǓनçपादन(execution) केदौरानबदलसकताहै।उदाहरणकेͧलए,
शेɬयूलरͩकसीअÛयĤͩĐयाकोǓनçपाǑदत/ͩĐयािÛवत(executes) करनेकामौकादेनेकेͧलएͩकसी
ĤͩĐया(process) कȧ ĤाथͧमकताकोकमकरनेकाǓनण[यलेसकताहै।एकऔरउदाहरणमɅ, जैसा
ͩकआपनेपहलेदेखाहै, ͩकइनपुट/आउटपुट(I/O) आधाǐरतĤͩĐयाओंकȧ Ĥाथͧमकताकोबढ़ानेके
ͧलए।चूंͩक, आमतौरपरइनपुट/आउटपुट(I/O) आधाǐरतĤͩĐयाओंकोतेजĤǓतͩĐयासमय/ǐरèपांस
टाइम (response time) कȧ आवæयकता होती है।
Ĥाथͧमकताओं(priorities) कȧ एकबड़ीĮृंखलामɅ होनेकादुçपǐरणामतबहोताहैजबजबͧसèटममɅ
बड़ीसंÉयामɅ ĤͩĐयाएं/Ĥोसेसेज(processes) होतीहɇ, औरउÛहȣंĤाथͧमकतासंÉयाओं(priority
numbers) मɅ सेĤͩĐयाकोĤाथͧमकता(priority) ĤाÜतहोनीहोतीहै।ऐसेमामलेमɅ, ऐसीकई
ĤͩĐयाएंहोसकतीहɇ जोǒबãकुलसमानĤाथͧमकता(priority) के साथǓनçपाǑदत/ͩĐयािÛवत
(executes) होरहȣ हɇ।उदाहरणकेͧलए, आइएहमकहɅ ͩकĤाथͧमकता(priority) सीमा0 से255 तक
हैऔरͧसèटममɅ चलरहȣ दसहजारसेअͬधकĤͩĐयाएंहोसकतीहɇ।ऐसेमामलेमɅ Ĥ×येकĤाथͧमकता
(priority) संÉया के साथ कई ĤͩĐयाएं ǓनçपाǑदत/ͩĐयािÛवत (executes) होती हɇ।
तोयहइसͪवशेषआकृǓतमɅ ͬचǒğतͩकयागयाहै, जहांहमारेपासअलग-अलगसमयपरचारĤͩĐयाएं
आरहȣ हɇ औरिजनकेअलग-अलगबèट[ समय(burst times) हɇ, लेͩकनउनमɅ सेसभीकȧ Ĥाथͧमकता
(priority) समानहै।तोऐसेमामलेमɅ, शेɬयूͧलंगगैरĤाथͧमकता(non priority) आधाǐरतशेɬयूͧलंग
एãगोǐरदमकȧ तरहåयवहारकरनाशुǾ करदेगी।उदाहरणकेͧलएयहएकराउंडरॉǒबनशेɬयूͧलंग
एãगोǐरदम (round robin scheduling algorithm) कȧ तरह åयवहार करना शुǾ कर देगा।
तोइसिèथǓतसेǓनपटनेकेͧलए, आधुǓनकऑपरेǑटंगͧसèटम(operating system)मɅ बहुèतरȣय
पंिÈतयां/बहुèतरȣयकतार/मãटȣलेवलÈयू(Multilevel Queues) हɇ, िजसमɅ ͩकĤ×येकĤͩĐयाकोएक
ĤाथͧमकतासंÉयाǓनǑद[çटकरनेकȧ बजाय; ĤͩĐयाओंकोĤाथͧमकतावग[/Įेणी(priority class)
असाइनͩकयाजाताहै।अबऑपरेǑटंगͧसèटम(operating system) केभीतरकईसारेĤाथͧमकता
वग[/Įेणी(priority class) होसकतेहɇ औरइनमɅ सेĤ×येकĤाथͧमकतावग[/Įेणी(priority class)
सवȾÍचĤाथͧमकतासेǓनàनĤाथͧमकतातकहोसकताहै।उदाहरणके ͧलए, एकवाèतͪवक
समयानुसार (real time) Ĥाथͧमकतावग[ (real time priority class), एकͧसèटमĤाथͧमकतावग[
(system priority class) और इंटरैिÈटवĤाथͧमकतावग[ ( interactive priority class) याबैच
Ĥाथͧमकता वग[ (batch priority class) और इसी भांǓत अÛय जो हो सकते हɇ।
सभीवाèतͪवकसमय(real time) ĤͩĐयाएंइसĤाथͧमकतावग[/Įेणी(priority class)मɅ उपिèथत
हɉगी।इसͧलएइनमɅ सेĤ×येकĤाथͧमकवग[ (priority classes) मɅ एकतैयारकतार(ready queue)
हैऔरजबभीवाèतͪवकसमयĤͩĐयाǓनçपाǑदत/ͩĐयािÛवत(executes) करनेकेͧलएतैयारहोतीहै
तोइसेइसͪवशेषतैयारकतार(ready queue) मɅ जोड़ाजाताहै, यहवाèतͪवकसमयवग[ Ĥाथͧमकता
वग[/Įेणी (priority class)मɅ मौजूद तैयार कतार / रेडी Èयू (ready queue) मɅ जोड़ा जाता है।
इसी तरह, यǑद एक ͩĐयाशील /इंटरैिÈटव (interactive) ĤͩĐया/Ĥोसेस (process)
ǓनçपाǑदत/ͩĐयािÛवत(executes) होनाचाहतीहैऔरयहǓनçपाǑदत/ͩĐयािÛवत(executes) करने
केͧलएतैयारहैतोइसेͩĐयाशील/इंटरैिÈटव(interactive) Ĥाथͧमकतावग[/Įेणी(priority class) मɅ
मौजूदइसतैयारकतार(ready queue) मɅ जोड़ाजाताहै।अब, शेɬयूलरǓनçपाǑदत/ͩĐयािÛवत
(executes) होनेपरएकसमयèलाइस(time slice) केअंतमɅ, शेɬयूलर(schedular) उÍचतम
Ĥाथͧमकतावग[/Įेणी(priority class) कोचुनताहै; िजसमɅ कमसेकमएकतैयारĤͩĐया(process)
होतीहै।तोउदाहरणकेͧलए, शेɬयूलरĤाथͧमकतावगɟ (priority classes) कोĤाथͧमकता(priority)
सेकमĤाथͧमकतासेशुǾ करनेवालेइनĤाथͧमकवगɟ/समूहɉ (priority classes) केमाÚयमसेèकैन
करेगा, औरयहउसͪवशेषĤाथͧमकतावग[/Įेणी(priority class) काचयनकरेगािजसमɅ तैयारकतार/
रेडीÈयू(ready queue) मɅ कमसेकमएकĤͩĐयाहोगी।अब, अगरतैयारकतार(ready queue) मɅ
ǒबãकुलएकĤͩĐयाहै तोहमɅ कोईसमèयानहȣंहै, अबयहĤͩĐयासीपीयू(CPU) मɅ
ǓनçपाǑदत/ͩĐयािÛवत (executes) करने जा रहȣ है।
यɮयͪप, यǑदशेɬयूलरɮवाराचुनेगएतैयारकतार(ready queue) केअनुǾपतैयारकतार(ready
queue) मɅ से, हमारेपासकईĤͩĐयाएं(processes) हɇ, तोĤͩĐयाओंकेइससेटसेचुननेयाचुननेके
ͧलएदूसराशेɬयूͧलंगएãगोǐरदम(scheduling algorithm) काउपयोगͩकयाजाएगा।उदाहरणके
ͧलए, आइएहमकहɅ ͩकशेɬयूलरनेइंटरैिÈटवĤाथͧमकतावग[/समूह(interactive priority
class)चुननेकाफैसलाͩकयाहै, Èयɉͩकवाèतͪवकसमय(Real Time) औरͧसèटम(System)
Ĥाथͧमकता वगɟ (priority classes) मɅ कोई अÛय ĤͩĐया तैयार नहȣं थी।
इसकेअलावा, हममानलɅ ͩकइंटरैिÈटवÈलास(interactive class) मɅ 4 ĤͩĐयाएंमौजूदहɇ।अबदूसरा
शेɬयूͧलंगएãगोǐरदमजैसेराउंडरॉǒबन(Round Robin) याफȧफो(FIFO) शेɬयूͧलंगएãगोǐरदम
(scheduling algorithm) तबǓनçपाǑदत(executes) करेगा, यहǓनधा[ǐरतकरनेकेͧलएͩकइनमɅ से
कौनसीĤͩĐयाओं(processes) कोसीपीयू(CPU) कोआवंǑटतͩकयाजाए? इसĤकार, बहुèतरȣय
कतारɉ (multilevel queues) मɅ दोशेɬयूͧलंगएãगोǐरदम(scheduling algorithms) शाͧमलहɇ।
पहलाĤाथͧमकताआधाǐरतशेɬयूͧलंगएãगोǐरदमहै, जोĤाथͧमकतावगɟ (priority classes) मɅ से
एकचुनताहै, जबͩकदूसराएकगैरĤाथͧमकता(non priority) आधाǐरतएãगोǐरदम(algorithm) है,
जोउसĤाथͧमकतावग[/Įेणी(priority class)मɅ ĤͩĐयाओं(processes) मɅ सेएकचुनताहै।दूसरा
शेɬयूͧलंगएãगोǐरदमआमतौरपरराउंडरॉǒबनहोगा, जबͩकउÍचĤाथͧमकताĤͩĐयाओंकेͧलए
दूसरȣ शेɬयूͧलंगएãगोǐरदम(scheduling algorithm) आमतौरपरफèट[ कमफèट[ सव[ (first come
first serve) कȧ तरह होती है, और इसी तरह ।
इसकेअलावा, शेɬयूलर(schedulers) मɅ जोबहुèतरȣयकतारɉ (multilevel queues) कासमथ[न
करतेहɇ, शेɬयूलरउठाएगएĤाथͧमकतावग[/Įेणी(priority class) केआधारपरसमयèलाइस(time
slice) समायोिजतकरसकताहै।इसͧलए, इनपुट/आउटपुट(I/O) बाÚयĤͩĐयाओंकोआमतौरपर
उÍचĤाथͧमकतावग[/Įेणी(priority class) औरलंबेसमयतकटुकड़ा(time slice) सɋपाजाताहै।इस
तरहयहसुǓनिæचतहोताहैͩकइनपुट/आउटपुट(I/O) बाÚयĤͩĐयाओंकोिजतनीजãदȣ होसकेसीपीयू
(CPU) ɮवाराजãदȣ/शीēतासेसͪव[सͩकयाजाएगा।इसकेअलावालंबेसमयतकटुकड़ा(time slice)
यहसुǓनिæचतकरेगाͩकइनपुट/आउटपुटयाआई/ ओ(I/O) बाÚयĤͩĐयाकाबèट[ (burst), समय
èलाइस (time slice ) पूरा होने से पहले पूरा हो जाए।
दूसरȣ ओरसीपीयू(CPU) बाÚयĤͩĐयाओंकोकमĤाथͧमकतावग[/Įेणी(priority class)आवंǑटत
ͩकयाजाताहैऔरकमसमयèलाइसǑदयाजाताहै।एकबहुèतरȣयशेɬयूͧलंगकतार(multilevel
scheduling queue) आधाǐरतशेɬयूͧलंगएãगोǐरदमहोनेकामुÉयदोषयहहैͩकĤͩĐयाकȧ क¢ाको
सैɮधांǓतक/ एĤीरȣ असाइनͩकयाजानाचाǑहए, िजसमɅ हमɅ यहजाननेकȧ आवæयकताहोगीͩकĤͩĐया
एकसीपीयू(CPU) बाÚयĤͩĐयायाइनपुट/आउटपुटयाआई/ ओ(I/O) बाÚयĤͩĐयाहैयानहȣं।अब
यहकरनाआसाननहȣंहै; सबसेपहलेयहपहचाननाबहुतमुिæकलहैͩकएकĤͩĐयावाèतवमɅ एक
इनपुट/आउटपुटयाआई/ ओ(I/O) बाÚयĤͩĐयायाएकसीपीयू(CPU) बाÚयĤͩĐयाहै।दूसरा, एक
हȣ ĤͩĐयाएकसमयमɅ इनपुट/आउटपुटयाआई/ ओ(I/O) बाÚयĤͩĐयाकȧ तरहकाय[ करसकतीहै,
लेͩकन दूसरȣ बार यह एक सीपीयू (CPU) बाÚय ĤͩĐया कȧ तरह काय[ कर सकती है।
यहȣ कारणहैͩक, एकसमयमɅ यहछोटासीपीयू(CPU) बèट[ (burst) होसकताहैऔरǓनिçĐयसमय
कालंबाबèट[ (burst) होसकताहै, जबͩकदूसरȣ बारइसमɅ लंबेCPU फटनेऔरसीपीयू(CPU) बाÚय
ĤͩĐयाकȧ तरहछोटाइनपुट/आउटपुट(I/O) burst होसकताहै।इसͧलए, सैɮधांǓतक(apriori) Ǿपसे
Ǔनण[यलेनाͩकÈयाएकͪवशेषĤͩĐयाइनपुट/आउटपुटआई/ओ(I/O) बाÚयĤͩĐयासेसंबंͬधतहैऔर
इसे उÍच Ĥाथͧमकता दȣ जानी चाǑहए, मुिæकल है।
तो, इसकमीकोदूरकरनेकाएकतरȣकाऐसेशेɬयूलरɉ (schedulers) काउपयोगकरनाहैजो
बहुèतरȣयफȧडबैककतारɉ (multilevel feedback queues) काउपयोगकरतेहɇ।ऐसेशेɬयूलर
(scheduler) मɅ ĤͩĐयाएँ(processes) अपनीसीपीयू(CPU), इनपुट/आउटपुट(I/O) गǓतͪवͬधके
आधारपरĤाथͧमकतावगɟ (priority classes) केबीचगǓतशीलǾपसेèथानांतǐरतकȧ जातीहɇ ।तो
येͪवशेषशेɬयूलर(schedular) इसमूलअवलोकनपरकामकरतेहɇ ͩकसीपीयू(CPU) बाÚय
ĤͩĐयाओंमɅ पूरेसमयकेटुकड़े(time slice) कȧ गणनाकरनेकȧ संभावनाहै।ऐसाइसͧलएहैÈयɉͩक
एकसीपीयू(CPU) बाÚयĤͩĐयामɅ सीपीयू(CPU) कालंबा (burst) होगाऔरइसͧलएयहकाफȧ
संभावना है ͩक यह पूरे समय टुकड़ा (time slice) का उपयोग करेगा।
दूसरȣ तरफइनपुट/आउटपुट(I/O) बाÚयĤͩĐयाओंमɅ सीपीयू(CPU) फटने(burst) कासमयबहुतहȣ
कमहोताहैअतःपूरेसमयखंड(time slice) कोपूराकरनेकȧ संभावनानहȣंहोतीहै।तोयǑदआपयह
ͪवशेषउदाहरणलेतेहɇ, तोहमकहसकतेहɇ ͩकĤͩĐया1 और4 नेअपनासमयटुकड़ा(time slice)
पूराकरͧलयाहै; इसͧलएयेĤͩĐयाएंसीपीयू(CPU) बाÚयहोनेकȧ संभावनाहै।दूसरȣ तरफ, Ĥोसेस2
मɅ यहांबहुतकमसीपीयू(CPU) फटगयाहैऔरयहांपरभी; इसͧलएĤͩĐया-2 केसीपीयू(CPU)
बाÚय ĤͩĐया कȧ बजाय इनपुट/आउटपुट (I/O) बाÚय ĤͩĐया होने कȧ संभावना है।
बहुèतरȣयफȧडबैककतार(multilevel feedback queue ) आधाǐरतशेɬयूͧलंगएãगोǐरदम
(scheduling algorithm ) कामूलͪवचारǓनàनहै: सभीĤͩĐयाएंसवȾÍचĤाथͧमकतायामूल
Ĥाथͧमकता(base priority) सेशुǾ होतीहɇ।अबअगरĤͩĐयाअपनासमयटुकड़ा(time slice) ख×म
करदेतीहै, मतलबͩकĤͩĐयातबतकǓनçपाǑदत/ͩĐयािÛवत(executes) होरहȣ हैजबतकͩक
इसकासमयèलाइस(time slice) पूरानहोजाए, तबधारणाबनाईजातीहैͩकĤͩĐयाएकसीपीयू
(CPU) बाÚय ĤͩĐया है, इसͧलए इसे अगलȣ Ǔनचलȣ Ĥाथͧमकता क¢ा मɅ ले जाया गया है।
दूसरȣ ओरयǑदĤͩĐयाअपनासमयटुकड़ा(time slice) पूरानहȣंकरतीहै, तोयहमानाजाताहैͩक
ĤͩĐयाएकआई/ ओ(I/O) बाÚयĤͩĐयाहैऔरइसͧलएयहअपनेĤाथͧमकतावग[ (priority class)को
उÍचĤाथͧमकतावग[/Įेणी(priority class)मɅ बढ़ाएगीयाइसेउसीĤाथͧमकतावग[/Įेणी(priority
class) पररखेगी।तोजैसाͩकआपदेखसकतेहɇ कȧ यहएकĤͩĐयाकेĤाथͧमकवगɟ कोबदलनेका
एकगǓतशीलतरȣकाहै।हालांͩक, इसमɅ दोषयहहैͩकहमअभीभीèटारवेशन(starvation) होसकती
है और ͩफर ऐसी तकनीकɅ लागू कȧ जानी चाǑहए जहां èटारवेशन (starvation) से Ǔनपटने कȧ जǾरत है।
इसͪवशेषशेɬयूͧलंगएãगोǐरदम(scheduling algorithm) काएकऔरदोषयहहैͩक, एकदोषपूण[
ĤͩĐयाͧसèटमकेसाथअनुͬचतकर सकतीहैऔरहमेशाउÍचĤाथͧमकतावग[/Įेणी(priority
class)मɅ रहसकतीहै।तो, देखतेहɇ ͩकयहएकउदाहरणकेसाथकȧ यहकैसेकामकरताहै।तोआइए
मानलɅ ͩकदोषपूण[ ĤͩĐयाͧसèटमकेसमयखंड(time slice) कोजानताहै, याǓनͩकउसेयहपताहै
ͩककब समयखंड(time slice) पूराहोरहाहै, औरयहजानताहैͩककोईसंदभ[ िèवच(context
switch) कबहोताहै।तोआइएहमकहɅ ͩकइसमɅ इसतरहकȧ लूप/पुनरावृͪƣ है।अǓनवाय[ Ǿपसे,
दोषपूण[ ĤͩĐयाहȣ अͬधकांशसमयखंड(time slice) मɅ कामकरेगीऔरͩफरयहसमयकेटुकड़े(time
slice) के अंत तक यह सो जाएगी।
अबजबहमजानतेहɇ ͩककोईĤͩĐयाकबसोतीहै, तोयहचलतीिèथǓतसेअवǽɮधिèथǓततकजाती
है।इसͧलए, नींदएकसंदभ[ िèवच(context switch) होनेकेͧलएमजबूरकरेगा।इसͧलए, Èयाहोनेजा
रहाहैयहहैͩकशेषसमयकेटुकड़े(time slice) केͧलएएकनईĤͩĐयाǓनçपाǑदत/ͩĐयािÛवत
(execute) कȧ जाएगी।इसĤकार, उदाहरणकेͧलएपूरेसमयखंड(time slice) केͧलएĤͩĐया-4 जो
एकदोषपूण[ ĤͩĐयाहै, Ïयादातरसमयèलाइस(time slice) केͧलएचलतीहैऔरͩफरसमयèलाइस
(time slice) पूराहोनेसेठȤकपहलेसोजातीहै; इसĤकार, एकअÛयĤͩĐयाकोǓनçपाǑदत/ͩĐयािÛवत
(execute) करने के ͧलए मजबूर करती है ।
अबदूसरȣ ĤͩĐया-1 अबǓनçपाǑदत/ͩĐयािÛवत(execute) होजाएगीऔरकेवलएकछोटȣ अवͬधके
ͧलएǓनçपाǑदत/ͩĐयािÛवत (executes) होगी।समयèलाइसकेअंतमɅ शेɬयूलरयहदेखेगा ͩक
ĤͩĐया-1 नेसमयèलाइस(time slice) पूराकरͧलयाहै, इससेयहमानाजाएगाͩकĤͩĐया-1 एक
सीपीयू(CPU) बाÚयĤͩĐयाहैऔरĤͩĐया-1 कोऐसेĤाथͧमकतावग[ (priority class) मɅ लेजाया
जायेगा जो कम होगी ।
दूसरȣ ओर, èलȣपसेअवǽɮधĤͩĐया-4 उÍचĤाथͧमकतावग[ (priority class) मɅ रहेगी।इसĤकार,
ĤͩĐया-4 ͧसèटमसेअनुͬचतकरसकेगी।यहउÍचĤाथͧमकतावग[ (priority class) सेǓनçपाǑदत
(executes) करनाजारȣ रखेगाजबͩकĤͩĐया-1 जैसीदूसरȣ ĤͩĐयाकोǓनàनĤाथͧमकतावग[/Įेणी
(priority class) मɅ èथानांतǐरत कर Ǒदया जाएगा।
धÛयवाद।"
21,0,,"ऑपरेǑटंग ​ͧसèटम (Operating System) ​का ​पǐरचय
Ĥोफेसर ​चेèटर ​रेबेरो
कंÜयूटर ​ͪव£ान ​और ​इंजीǓनयǐरंग ​ͪवभाग
भारतीय ​Ĥौɮयोͬगकȧ ​संèथान , ​मġास
सÜताह - 05
åयाÉयान - 20
मãटȣĤोसेसर ​शेɬयूͧलंग (Multiprocessor Scheduling)
नमèकार।
अब​तक​हमने​देखा​है​ͩक'​एक​सीपीयू ' (Single CPU) ​के​ͧलए​शेɬयूͧलंग​एãगोǐरदम(Scheduling
Algorithms) ​कैसे​ͫडज़ाइन​ͩकए​गए​हɇ।​इसͧलए , ​शेɬयूͧलंग​एãगोǐरदम(Scheduling Algorithms)
सीपीयू(CPU) ​के​ͧलए​ǓनçपाǑदत(execute) ​करने​के​ͧलए​ĤͩĐया(process) ​का​चयन​करेगा।​इस
ͪवशेष ​वीͫडयो ​मɅ , ​हम​मãटȣĤोसेसर​शेɬयूͧलंग​एãगोǐरदमस(Multiprocessor Scheduling
Algorithms) ​को ​देखɅगे।
अǓनवाय[ ​Ǿप ​से , ​हम ​देखɅगे ​ͩक ​अगर ​हमारे ​पास ​ͧसèटम (system) ​मɅ ​एकाͬधक ​Ĥोसेसर ​हɇ , ​तो
शेɬयूͧलंग ​एãगोǐरदम (Scheduling Algorithm) ​इन ​ͪवͧभÛन ​सीपीयू (CPUs) ​मɅ ​ĤͩĐयाओं
(processes) ​को ​कैसे ​Ǔनधा[ǐरत ​कर ​सकता ​है ?
मãटȣĤोसेसर​शेɬयूलर(multiprocessor scheduler) ​के​ͧलए​एक​बहुत​हȣ ​सरल​योजना​है​जहां
शेɬयूलर​चलाने​के​ͧलए​एक​समͪप[त​सीपीयू(CPU) ​है।​यह​शेɬयूलर​सभी​के​ͧलए​Ǔनण[य​लेता​है ,
अǓनवाय[ ​Ǿप​से​यह​तय​करता​है​ͩक​कौन​सी​ĤͩĐया /​Ĥोसेस(process) ​ͩकस​सीपीयू(CPU) ​मɅ ​चलनी
चाǑहए।​अब​इस​योजना​को​लागू​करना​बहुत​आसान​है।​इसके​ͧलए , ​इस​शेɬयूलर(scheduler) ​के​पास
ĤͩĐयाओं(processes) ​कȧ ​एक​èथानीय​कतार(local queue) ​होगी​जो​चलाने​के​ͧलए​तैयार​हɇ , ​और
यह​तय​करने​के​ͧलए​वह​ͩकसी​Ĥणालȣ ​का​उपयोग​करेगा​ͩक​इनमɅ ​से​कौन -​कौन​सी​ĤͩĐयाओं /​Ĥोसेसेज
(processes) ​को​ͩकस​सीपीयू(CPU) ​मɅ ​Ǔनधा[ǐरत​ͩकया​जाना​चाǑहए।​इसकȧ ​बाधा​यह​है​ͩक , ​जैसा​ͩक
अनुमाǓनत ​है , ​काय[ -​¢मता ​मɅ ​ͬगरावट ​होगी।
चूंͩक, सभीसीपीयू(CPU) इसीसीपीयूशेɬयूͧलंग(CPU scheduling) केͧलएइंतजारकररहेहɇ,यह
बतानेͩककौनसीĤͩĐया/Ĥोसेस(process) अगलेचरणमɅ ǓनçपाǑदतहोगी, औरयहउदाहरणकेͧलए
यहĤ×येक10 ͧमलȣसेकंडमɅ होसकताहै।इसͧलए, इसशेɬयूͧलंगके कारणमह×वपूण[
ओवरहेड/ऊपरȣ-काय[ हो सकते हɇ।
एक​और​मãटȣĤोसेसर​शेɬयूͧलंग(Multiprocessor Scheduling) ​योजना​समͧमत /​समǾप​शेɬयूͧलंग
(symmetrical scheduling) ​योजना​है।​यहां​एक​एकल​सीपीयू(CPU) ​जो​ͧसèटम(system) ​मɅ ​सभी
Ĥोसेसर​का​Ǔनण[य​लेता​है , ​कȧ ​बजाय , ​यहां​Ĥ×येक​सीपीयू(CPU) ​अपना​शेɬयूलर​चलाता​है​जो
एक -​दूसरे​से​èवतंğ ​होता​है।​इसͧलए , ​एक​समय​èलाइस​के​अंत​मɅ ​Ĥ×येक​सीपीयू(CPU) ​यह​तय
करता​है​ͩक​यह​ͩकस​ĤͩĐया /​Ĥोसेस(process) ​को​अगलȣ ​बार​ǓनçपाǑदत​ͩकया​जाना​है ? ​अब ,
समͧमत /​समǾप​शेɬयूͧलंग(symmetrical scheduling) ​योजना​के​दो​Ĥकार​हɇ - ​एक​ĤǓत - ‘​वैिæवक
कतार ’/​Êलोबल​Èयू(Global queue) ​के​साथ , ​एक​अÛय , ‘​ĤǓत​सीपीयू ’/​पर​सीपीयू (Per CPU) ​कतार
के ​साथ ​है। ​हम ​इन ​सभी ​Ĥकारɉ /​संèकरणɉ ​मɅ ​से ​Ĥ×येक ​को ​अभी ​देखɅगे।
वैिæवक /​साव[भौͧमक ​कतारɉ ​के ​साथ ​समͧमत /​समǾप ​शेɬयूͧलंग ​योजना (symmetrical scheduling
scheme) ​मɅ , ​तैयार ​ĤͩĐयाओं /​Ĥोसेसेज (processes) ​कȧ ​केवल ​एक ​कतार ​होगी , ​जो ​ͩक ​सभी
Ĥोसेसर ’​स (processors) ​के ​बीच ​साझा ​कȧ ​जायेगी। ​Ĥ×येक ​सीपीयू (CPU) ​मɅ ​इन ​शेɬयूलरस
(schedulers) ​को ​यह ​तय ​करने ​के ​ͧलए , ​ͩक ​ͩकस ​ĤͩĐया /​Ĥोसेस (process) ​को ​अगलȣ ​बार ​चलाना ​है ,
इस ​वैिæवक /​साव[भौͧमक ​कतार (global queue) ​को ​देखना ​होगा।
उदाहरण​के​ͧलए , ​सीपीयू -0 (CPU-0) ​को​इस​वैिæवक /​साव[भौͧमक​कतार(global queue) ​को​देखने​कȧ
आवæयकता​होगी , ​और​तब​यह​अगलȣ ​चलने​वालȣ ​ĤͩĐया /​Ĥोसेस(process) ​का​Ǔनण[य​ले​पायेगी।​तब
वह​ĤͩĐया​तैयार​अवèथा(ready state) ​से​चलने​वालȣ ​अवèथा(running state) ​मɅ ​बदल​जाएगी।​इस
योजना​का​लाभ​यह​है​ͩक​सभी​ĤͩĐयाओं​के​ͧलए​अÍछा​सीपीयू(CPU) ​उपयोग​और​Ǔनçप¢ता​होगी।
इस​ͪवशेष​योजना​कȧ ​कमी​इस​तØय​से​आती​है​ͩक​ͧसèटम(system) ​मɅ ​ͪवͧभÛन​Ĥोसेसर​के​बीच​एक
एकल​कतार​साझा​कȧ ​जाती​है।​इस​Ĥकार , ​हम​ऐसे​अवèथा​तक​पहुंच​सकते​हɇ ​जब​दो​Ĥोसेसर​हɇ ​जो
कतार​को​एक​हȣ ​समय​मɅ ​पूछते​हɇ ​और​ǓनçपाǑदत​करने​के​ͧलए​ǒबãकुल​वहȣ ​ĤͩĐया​चुनते​हɇ।​इस
Ĥकार , ​एक ​हȣ ​ĤͩĐया ​दो ​अलग -​अलग CPUs ​मɅ ​उसी /​एक -​हȣ ​समय ​मɅ ​ǓनçपाǑदत ​हो ​सकती ​है।
इस​तरह​के​मुɮदɉ /​समèयाओं​को​रोकने​के​ͧलए​यह​आवæयक​है​ͩक​इस​ͪवशेष​कतार​तक​पहुंच
Đमबɮध​हो।​मतलब , ​अगर​सीपीयू -0 (CPU-0) ​कतार​तक​पहुंचना​चाहता​है​तो​कोई​अÛय​सीपीयू
(CPU) ​उस​ͪवशेष​समय​के​दौरान​उस​कतार​तक​पहुंचने​मɅ ​स¢म​नहȣं​होना​चाǑहए।​यह​सुǓनिæचत
करता ​है ​ͩक ​केवल ​एक ​सीपीयू (CPU) ​एक ​ͪवशेष ​समय ​पर ​एक ​ĤͩĐया ​का ​चयन ​कर ​सकता ​है।
अब , ​वैिæवक /​साव[भौͧमक​कतार(global queue) ​तक​पहुंच​को​Đमबɮध​करने​कȧ ​यह​Ĥणालȣ ​लॉͩकंग
(Locking) ​नामक​तकनीक​ɮवारा​हाͧसल​कȧ ​जाती​है।​अब , ​हलाँͩक​यह​लॉͩकंग​तंğ ​काम​करेगा , ​पर​यह
एक​अÍछा​ͪवचार​नहȣं​है​Èयɉͩक​यह​èकेल /​बहुलता​को​नहȣं​कर​पायेगा।​अǓनवाय[ ​Ǿप​से , ​इस​तØय​पर
ͪवचार​करɅ ​ͩक​ͧसèटम(system) ​मɅ 4 ​Ĥोसेसर​के​बजाय​अब64 ​Ĥोसेसर​हɇ ​और​इन​सभी​Ĥोसेसर​के
पास​इस​वैिæवक​कतार(global queue) ​मɅ ​Đमबɮध​पहुंच(serialized access) ​है।​इस​Ĥकार , ​जब
सीपीयू -0 (CPU-0) ​इस​वैिæवक​कतार(global queue) ​तक​पहुंच​रहा​है , ​तो​अÛय​सभी​Ĥोसेसर​को
इंतजार ​करना ​होगा ​और ​इससे ​शेɬयूͧलंग (scheduling) ​के ​दौरान ​काफȧ ​समय ​लग ​सकता ​है।
एकऔरनुकसानइसतØयसेआताहैͩक‘Ĥोसेसरआकष[ण’/’Ĥोसेसरएͩफ़Ǔनटȣ’ (Processor Affinity)
आसानीसेहाͧसलनहȣंकȧ जातीहै।तो, ‘Ĥोसेसरएͩफ़Ǔनटȣ’ Èयाहै? ‘Ĥोसेसरएͩफ़Ǔनटȣ’ ͧसèटम
(system) मɅ उपयोगकता[ओंकोयहͪवकãपचुननेकाअवसरदेताहैͩक, वेकौनसीĤोसेसरपरअपनी
ĤोसेसकाͩĐयाÛवयनचाहतेहɇ; उदाहरणकेͧलए, उपयोगकता[ Ǔनण[यलेसकताहैͩक, वहचाहताहैͩक
उसकȧ ĤͩĐयाकेवलसीपीयू-0 (CPU-0) मɅ ǓनçपाǑदतहोऔरͩकसीअÛयसीपीयू(CPU) मɅ ǓनçपाǑदत
नहो।अब, इसͪवशेषयोजनामɅ Ĥोसेसरएͩफ़Ǔनटȣ कोलागूकरनाअͬधककǑठनहै।अबयहͪवशेष
योजना, ͧलनÈस2.4 कनȶल(Linux 2.4 Kernels) केसाथ-साथएÈसवी6 ऑपरेǑटंगͧसèटम(XV6
Operating System) मɅ भी Ĥयोग कȧ जाती है।
समͧमत /​समǾप​शेɬयूͧलंग​का​दूसरा​संèकरण​वहां​है​जहां​Ĥ×येक​सीपीयू(CPU) ​के​ͧलए​एक​अकेलȣ
सीपीयू​कतार(CPU queue) ​है , ​मतलब , ​Ĥ×येक​सीपीयू(CPU) ​कȧ ​अपनी​तैयार​ĤͩĐयाओं​कȧ ​अपनी
कतार​है।​इस​Ĥकार , ​Ĥ×येक​सीपीयू(CPU) ​को​केवल​अपनी​कतार​को​देखने​कȧ ​आवæयकता​होती​है
ͩक ​यह ​तय ​करने ​के ​ͧलए ​ͩक ​उसे ​ͩकस ​ĤͩĐया ​को ​अगलȣ ​बार ​ǓनçपाǑदत ​करने ​कȧ ​आवæयकता ​है।
अब , ​यह​ͪवशेष​रणनीǓत​ĤͩĐयाओं​के ​èथैǓतक /​िèथर​ͪवभाजन/ ​èटैǑटक​पाǑट[शǓनंग(static
partitioning) ​का​उपयोग​करती​है , ​यानी​ͩक , ​जो​जब​ͩकसी​ĤͩĐया​के​Ǔनçपादन​कȧ ​शुǽआत​होती​है
तब​या​तो​उपयोगकता[ ​या​ऑपरेǑटंग​ͧसèटम​तय​करता​है​ͩक​ͩकस​सीपीयू(CPU) ​ɮवारा​ĤͩĐया​को
ǓनçपाǑदत​करने​कȧ ​आवæयकता​है , ​और​तब​उस​ĤͩĐया​को , ​संबंͬधतCPU ​कȧ ​कतार​मɅ ​रखा​जायेगा।
जैसा​ͩक​आप​देख​सकते​हɇ , ​इसका​लाभ​यह​है​ͩक​इसे​काया[िÛवत​करना​आसान​है , ​कोई
लॉͩकंग /​अवरोध ​तंğ (locking mechanism) ​मौजूद ​नहȣं ​है , ​इसͧलए ​यह ​काफȧ ​हद ​तक
मापनीय /​èकेलेबल /​बहुलता -​धारक /​èकेलेबल(scalable) ​है , ​इसी​èथानीयता/ ​लोकैͧलटȣ (locality) ​के
कारण , ​इस​अथ[ ​मɅ ​ͩक , ​Ĥ×येक​सीपीयू(CPU) ​को​केवल​अपनी​सीपीयू(CPU) ​कतार​को​देखने​कȧ
जǾरत​होगी , ​और​मौजूद​ͩकसी​भी​अÛय​सीपीयू​कतारɉ (CPU’s queues) ​से​कोई​परेशानी​नहȣं​होगी।
इसͧलए , ​द¢ता​Ĥदश[न​मɅ ​कोई​ͬगरावट​नहȣं​होगी।​इस​योजना​का​लाभ​यह​है​ͩक​इसे​काया[िÛवत​करना
आसान​है​और​यह​मापनीय /​èकेलेबल​है।​èकेलेबल​इस​तØय​से​आता​है​ͩक​सीपीयू​कतारɉ (CPU’s
queue) ​तक ​पहुंच ​के ​ͧलए ​कोई ​लॉͩकंग ​तंğ (locking mechanism) ​या ​Đमबɮता ​नहȣं ​है।
एक​और​फायदा​यह​है​ͩक​पसंद​èथानीय​èतर​पर​है।​अǓनवाय[ ​Ǿप​से​सीपीयू -0 (CPU-0) ​का​संबंध
केवल​अपनी​कतार​से​है​और​ͧसèटम(system) ​मɅ ​मौजूद​ͩकसी​अÛय​कतार​से​कोई​संबंध​नहȣं​है।
इसͧलए , ​चुनने​कȧ ​ĤͩĐया​बहुत​जãदȣ ​होगी , ​िजससे​Ĥदश[न​मɅ ​ͬगरावट​Ûयूनतम​होगी।​इस​योजना​कȧ
कमी​यह​है​ͩक​इससे​लोड /​भार​असंतुलन​हो​सकता​है।​लोड​असंतुलन​तब​होता​है​जब​कुछ​सीपीयू
कतारɉ (CPU’s queue) ​मɅ ​Ǔनçपादान​करने​के​ͧलए​बहुत​सी​ĤͩĐयाएं​होती​हɇ ​या​कुछ​सीपीयू​के​पास
तैयार​िèथǓत​मɅ ​बहुत​सी​ĤͩĐयाएं​होती​हɇ ​जबͩक​सीपीयू3 (CPU-3) ​जैसी​अÛय​ĤͩĐयाओं​मɅ ​तैयार
अवèथा​मɅ ​बहुत​कम​ĤͩĐया​होती​है।​इस​Ĥकार​सीपीयू -2 (CPU-2) ​सीपीयू -3 (CPU-3) ​कȧ ​तुलना​मɅ
बहुत ​अͬधक ​काम ​कर ​रहा ​है।
समǾप/समͧमत/सीमेǑĚकलशेɬयूͧलंग(Symmetrical Scheduling) करनेकाएकतीसरातरȣका- एक
‘ͧमͬĮतǺिçटकोण’/’हाइǒĦडएĤोच’ (Hybrid Approach) है।इसͧलए, इसǺिçटकोणकाउपयोग2.6 से
आगेकेͧलनÈसकनȶल(Linux Kernels) मɅ ͩकयाजाताहै।इसͧलए, अǓनवाय[ ǾपसेयहǺिçटकोण
èथानीयकतारɉ (local queues) केसाथ-साथवैिæवककतार(global queue) दोनɉ काउपयोगकरता
है।èथानीयकतारɅ (local queues) वेकतारहɇ जोĤ×येकसीपीयू(CPU) सेजुड़ेहोतेहɇ।अǓनवाय[ Ǿप
से, Ĥ×येकसीपीयू(CPU) कȧ अपनीèथानीयकतारहोतीहैजबͩकवैिæवककतार(global queue)
CPU केबीचसाझाकȧ जातीहै।वैिæवककतार(global queue) काउपयोगयहसुǓनिæचतकरनेके
ͧलएͩकयाजाताहैͩकभारसंतुलनबनाएरखाजा​रहाहै, मतलब, यहसुǓनिæचतͩकयाजारहाहैͩक
Ĥ×येकसीपीयू(CPU) कोǓनçपाǑदतकरनेकेͧलएĤͩĐयाएंउͬचतभागमɅ ͧमल​रहȣ ​हɇ।èथानीय
कतारɅ (local queues) èथानीयताकोसुǓनिæचतकरेगी, èथानीयकतारहोनेसेͧसèटम(system) के
Ĥदश[न मɅ ͬगरावट कम हो जाएगी।
‘​वैिæवक​कतार ’/’​Êलोबल​Èयू ’ (global queue) ​के​अलावा​लोड​संतुलन​ĤाÜत​करने​के​ͧलए​दो​और
तकनीकɅ ​हɇ - ​एक​पुश​माइĒेशन(Push Migration) ​है​और​दूसरा​पुल​माइĒेशन(Pull Migration) ​है।
पुश​माइĒेशन(Push Migration) ​के​साथ , ​एक​ͪवशेष​काय[ ​समय -​समय​पर​सभी​Ĥोसेसरɉ ​के​भार​कȧ
Ǔनगरानी​करेगा​और​Ĥोसेसरɉ ​के​बीच​असंतुलन​ͧमलने​पर​काम​को​ͩफर -​से​ͪवतǐरत​करेगा।​पुल
माइĒेशन(Pull Migration) ​के​साथ , ​एक​ǓनिçĐय​Ĥोसेसर​एक​åयèत​Ĥोसेसर​से​एक​काय[ ​खींच​लेगा
और ​इसे ​ǓनçपाǑदत ​करना ​शुǾ ​कर ​देगा।
इस​Ĥकार​åयèत​Ĥोसेसर​से​कम​åयèत​Ĥोसेसर​तक​माइĒेǑटंग /​Ĥवासन​ĤͩĐया​भार​संतुलन /​लोड
बैलɅͧसंग(load balancing) ​ĤाÜत​करेगी।​यह​कहा​गया​है​ͩक , ​ĤͩĐया​Ĥवासन , ​नमक​कȧ ​चुटकȧ ​कȧ
तरह(​बहुत​कम​माğा​मɅ ) ​ͩकया​जाना​चाǑहए।​अǓनवाय[ ​Ǿप​से , ​एक​सीपीयू(CPU) ​से​दूसरȣ ​ĤͩĐया​मɅ
Ĥवास /​माइĒेट​करना​महंगा​है।​जब​भी​कोई​ĤͩĐया​एक​सीपीयू(CPU) ​से​दूसरे​मɅ ​Ĥवास /​माइĒेट​होती
है , ​तो​नए​सीपीयू(CPU) ​से​संबंͬधत​सारȣ ​मेमोरȣ ​को​दोबारा​तैयार​करने​कȧ ​आवæयकता​होती​है , ​इसका
मतलब​है​ͩक​उस​सीपीयू(CPU) ​से​जुड़े​कैश​मेमोरȣ (cache memory) ​को​Ĥवासीय /​माइĒेǑटंग
ĤͩĐयाओं​के​Ǔनदȶशɉ ​और​डेटा(data) ​को​लोड​करने​कȧ ​आवæयकता​है ; ​इसी​Ĥकार , ​टȣएलबी(TLB) ​को
उड़ाने /​हटाने /​Ýलश​करने​कȧ ​जǾरत​है , ​और​इसी​Ĥकार​अÛय​भी​।​इससे​मह×वपूण[ ​तरȣके​से​ऊपरȣ ​काय[
बढ़​सकते​हɇ।​इस​Ĥकार​ĤͩĐया​माइĒेशन(process migration) ​केवल​तभी​ͩकया​जाना​चाǑहए​जब
आवæयक ​हो।
इसके​साथ​हȣ , ​हम​इस​वीͫडयो​को​समाÜत​करɅगे ; ​िजसमɅ ​ͩक , ​ͪवͧभÛन​सीपीयू ’​स(CPU's) ​के​बीच
मãटȣĤोसेसर ​शेɬयूͧलंग(Multiprocessor Scheduling) ​योजनाएं​और​लोड​बैलɅͧसंग(Load
Balancing) ​को ​देखा ​गया ​है। ​धÛयवाद।"
22,0,,"ऑपरेǑटंग ͧसèटम (Operating System) का पǐरचय
Ĥोफेसर चेèटर रेबेरो
संगणक ͪव£ान और अͧभयांǒğकȧ ͪवभाग
भारतीय Ĥौɮयोͬगकȧ संèथान, मġास
सÜताह- 05
åयाÉयान - 21
ͧलनÈस (Linux) मɅ अनुसूचन/शेɬयूͧलंग (Scheduling)
(​ǒबग ओ(एन) और ǒबग ओ(1) अनुसूचक/शेɬयूलर)/(O(n) and O(1) Scheduler)
नमèकार।
इसåयाÉयानमɅ हमͧलनÈस(Linux)ऑपरेǑटंगͧसèटममɅ अनुसूचन/शेɬयूͧलंग(Scheduling) को
देखɅगे।अǓनवाय[ Ǿपसे, हमदेखɅगेͩकͧलनÈसकनȶल(Linux Kernel) मɅ शेɬयूलर(scheduler) समय
केसाथकैसेͪवकͧसतहुए।इसͧलए, इसͪवशेषåयाÉयानकासंदभ[ यहͪवशेषपुèतकहै, “ͧलनÈस
कनȶलकोसमझना”/”अंडरèटɇͫडंगͧलनÈसकन[ल” (“​Understanding the Linux Kernel​”), डैǓनयल
बोवेट और माकȾ सेसाती (Daniel Bovet and Marco Cesati) ɮवारा तीसरा संèकरण।"
22,1,(èलाइडसमय का संदभ[ लɅ: 00:38),"ͧलनÈस(Linux) ĤͩĐयाओंको2 Ĥकारɉ मɅ वगȸकृतकरताहै, एक‘वाèतͪवकसमय’/ǐरयलटाइम
(Real time) ĤͩĐयाहैऔरदूसरा‘सामाÛयĤͩĐया’ है।अǓनवाय[ ǾपसेएकĤͩĐया‘वाèतͪवकसमय’
या‘सामाÛयĤͩĐया’ मɅ सेएकहȣ होसकतीहै।‘वाèतͪवकसमय’ / ǐरयलटाइम(Real time) ĤͩĐयाएं
वेहɇ िजनकेपासबहुतसÉतसमयसीमाहै।उदाहरणकेͧलए, एकरोबोटयाडेटाअͬधĒहणĤणालȣ या
ई.आई.सी. (EIC) Ǔनयंğकɉ केǓनयंğणशाͧमलĤोसेसरहोसकतेहɇ।वाèतͪवकसमय(Real time)
ĤͩĐयाओं(processes) कोकभीभीसमयसीमानहȣंचूकनीकरनीचाǑहएऔरउÛहɅ कभीभीकम
Ĥाथͧमकता वाले काय[ से अवǽɮध नहȣं ͩकया जाना चाǑहए।
अÛयĤकारकȧ ĤͩĐयाएं, ‘अ-वाèतͪवकसमय’ ĤͩĐयाएंहɇ याआमतौरपरकहाजाताहैसामाÛय
ĤͩĐयायɅ।इसͧलए, सामाÛयĤͩĐयाएंदोĤकारकेहोतेहɇ, वेइंटरेिÈटव(Interactive) याबैच(Batch)
होतेहɇ।एकइंटरैिÈटव(Interactive) ĤͩĐयालगातारउपयोगकता[ओंकेसाथबातचीतकरतीहै,
इसͧलएकुंजीदबाना/कȧ Ĥेस(key press) औरमाउससंचालन/ऑपरेशंस(operations) केͧलएबहुत
समय åयतीत करती है।
तोआमतौरपर, आपइÛहɅ आई/ओ(I/O) बाÚयĤͩĐयाओंकेǾपमɅ देखसकतेहɇ।जबकोईइनपुट
(input) ĤाÜतहोताहै, तोĤͩĐयाकोआमतौरपर50 से150 ͧमलȣसेकंडमɅ जागृतहोनाचाǑहए।यǑद
यह150 ͧमलȣसेकंडसेअͬधकदेरȣ होजाताहैतोͧसèटमसुèतǑदखनेलगताहै, इसअथ[ मɅ ͩक
उपयोगकता[ ͧसèटमकाउपयोगकरकेबहुतसहजमहसूसनहȣंकरेगा।दूसरȣ तरफ, बैचĤͩĐयाएं/बैच
Ĥोसेसेज(batch processes) सीपीयू(CPU) बाÚयĤͩĐयाओं/Ĥोसेसेज(processes) केसमानहȣ
Ǔनकटहोतीहɇ, िजÛहɅ ͩकसीउपयोगकता[ इंटरैÈशन(interaction) कȧ आवæयकतानहȣंहोतीहैऔरवे
अÈसरपृçठभूͧममɅ चलतेहɇ।उदाहरणकेͧलए- जीसीसीकंपाइलेशन(gcc compilation) यामैटलैब
(MATLAB) जैसे कुछ वै£ाǓनक संचालन इस Ĥकार कȧ ĤͩĐयाओं/Ĥोसेसेज (processes) मɅ आते हɇ।"
22,2,(èलाइडसमय का संदभ[ लɅ: 02:15),"एकबारĤͩĐया/Ĥोसेस(process) कोवाèतͪवकसमय/ǐरयलटाइम(real time) ĤͩĐया(process) के
ǾपमɅ ǓनǑद[çटकरनेकेबाद, इसेहमेशावाèतͪवकसमय(real time) ĤͩĐया/Ĥोसेस(process) केǾप
मɅ मानाजाताहै।इसअथ[ मɅ ͩक, एकबारउपयोगकता[ ǓनǑद[çटकरताहैͩकएकĤͩĐया/Ĥोसेस
(process) एकवाèतͪवकसमयĤͩĐया/Ĥोसेस(process) है, तोयहहमेशाएकवाèतͪवकसमय
ĤͩĐया/ǐरयलटाइमĤोसेस(real time process) होनेजारहाहै, भलेहȣ यहकुछभीनकरे, बिãक
ͪवĮाम कर रहा हो।"
22,3,(èलाइडसमय का संदभ[ लɅ: 02:38),"दूसरȣ तरफ, उनĤͩĐयाओं(processes) केͧलएजोअ-वाèतͪवक(non real time) ĤͩĐयाएंहɇ, याǓन
ͩकजोसामाÛयĤͩĐयाएंहɇ, वहएकसमयǒबंदुपरबैचĤͩĐया/बैचĤोसेस(batch process) केǾपमɅ
यासमयकेअÛयǒबंदुओंपरएकइंटरैिÈटव(interactive) ĤͩĐयाकेǾपमɅ åयवहारकरसकतीहɇ ।
अǓनवाय[ ǾपसेएकसामाÛयĤͩĐयाएकइंटरेिÈटवĤͩĐयायाबैचĤͩĐयाकेǾपमɅ åयवहारकर
सकतीहैऔरयहåयवहारसमय-समयपरͧभÛनहोसकताहै।इसͧलए, इंटरैिÈटव(interactive) और
बैच(batch) ĤͩĐयाओं/Ĥोसेसेज(processes) केबीचअंतरकरनेकेͧलए, ͧलनÈस(Linux), ĤͩĐया
केͪपछलेåयवहारकेआधारपरपǐरçकृतअनुमानɉ/हेǐरिèटÈस(heuristics) काउपयोगकरताहै, यह
तयकरनेके ͧलएͩक, ͩकसीǑदएगएĤͩĐयाकोबैच(batch) याइंटरैिÈटव(interactive)
ĤͩĐया/Ĥोसेस (process) माना जाना चाǑहए। तो, हम इसके बारे मɅ ͪवèतार से देखɅगे।"
22,4,(èलाइडसमय का संदभ[ लɅ: 03:22),"तो, एकऐǓतहाͧसकपǐरĤेêयसेदेखतेहुए, शुǾ होनेवालेवषɟ मɅ, ͧलनÈस(Linux) 2.4 से2.6 तक, एक
शेɬयूलर(scheduler) थािजसेअपनायागयाथािजसेǒबगओ(एन) शेɬयूलर(O(n) scheduler) के
नामसेजानाजाताथा।ͩफरͧलनÈस(Linux) 2.6 से2.6.22 तकशेɬयूलर(scheduler) कोǒबग
ओ(1) शेɬयूलर(O(1)-scheduler) कहाजाताथाऔरवत[मानमɅ शेɬयूलर(scheduler) कोसीएफएस
शेɬयूलर (CFS scheduler) के Ǿप मɅ जाना जाता है।
अब, हम Ǔनàनͧलͨखत åयाÉयान मɅ इन Ĥ×येक शेɬयूलर (scheduler) को देखɅगे।"
22,5,(èलाइडसमय का संदभ[ लɅ: 03:54),"तोआइएǒबगओ(एन) शेɬयूलर(O(n) Scheduler) सेशुǾ करɅ।ǒबगओ(एन) शेɬयूलर(O(n)
Scheduler) काअथ[ हैͩकशेɬयूलर(scheduler) तैयारĤͩĐयाओं/Ĥोसेसेज(processes) कȧ
कतार/Èयू(queue ) मɅ Ǒदखताहैͩक, जोअͬधकतम'एन' (‘n’) आकारमɅ होसकताहै, औरयहइन
ĤͩĐयाओं/Ĥोसेसेज(processes) मɅ सेĤ×येकमɅ लेजाताहैऔरͩफरउसĤͩĐयाकेबारेमɅ एक
ͪवकãपबनाताहैिजसेǓनçपाǑदतकरनेकȧ आवæयकताहोतीहै।इसͧलए, अǓनवाय[ ǾपसेĤ×येकसंदभ[
बदलाव/कॉÛटेÈèटिèवच(context switch) पर, ǒबगओ(एन) शेɬयूलर(O(n) scheduler) चलने
योÊय ĤͩĐयाओं/Ĥोसेसेज(processes) कȧ सूचीèकैनकरेगा, Ĥाथͧमकताओंकȧ गणनाकरेगाऔर
चलानेकेͧलएसबसेअÍछȤ ĤͩĐयाकाचयनकरेगा।इसͧलए, चलनेयोÊय ĤͩĐयाओं/Ĥोसेसेज
(processes) कȧ सूचीअवलोकन/èकैन(scanning) करनाएक, Đम'एन' (Order 'n') काकाय[ है,
अǓनवाय[ Ǿपसेयहांपरहममानरहेहɇ ͩक, तैयारकतार/रेडीक़यू(ready queue) मɅ 'एन' ('n')
ĤͩĐयाएं मौजूद हɇ।
तो, यहèपçटǾपसेयहबढ़ने-योÊय/èकेलेबल(scalable) नहȣंहै।यहèकेलेबलनहȣंहैÈयɉͩकिजतने
अͬधकसेअͬधकĤͩĐयाएंयाकाय[, ‘तैयारकतार’/रेडीÈयू’ (ready queue) मɅ Ĥवेशकरतेहɇ,उतने'एन'
('n') संÉयामɅ बढ़तेहɇ, औरसंदभ[ िèवच/’कॉÛटेÈèटिèवच’ (context switch) करनेकासमयबढ़
जाताहै।अǓनवाय[ Ǿपसे‘संदभ[ बदलाव’/कॉÛटेÈèटिèवच’ (context switch) सेऊपरȣ-काय[/ओवरहेɬस
बढ़ते हɇ, और यह ऐसा कुछ नहȣं है जो हम चाहते थे।
इसͧलए, ǒबगओ(एन) शेɬयूलर(O(n) scheduler) केसाथइनबहुलता/èकेलेǒबͧलटȣ (scalability)
मुɮदɉ कोवाèतवमɅ तबदेखागयाथाजबजावा(Java) पेशͩकयागयाथा, लगभग2000 केदशककȧ
शुǽआतमɅ औरअǓनवाय[ ǾपसेइसतØयकेकारणͩक, जेवीएम(JVM) - जावावचु[अलमशीन(Java
Virtual Machine) कईकायɟ कोजÛमदेतीहै, औरइसͧलए, इनमɅ सेĤ×येककाय[ ‘तैयारकतार’/’रेडी
क़यू’ (ready queue) मɅ मौजूदहै| शेɬयूलर(scheduler) कोअपनीपसंदबनानेकेͧलए, इसतैयार
कतार/रेडीक़यू(ready queue) केमाÚयमसेèकैनकरनाहोगा।ǒबगओ(एन) शेɬयूलर(O(n)
scheduler) कȧ एकऔरसीमायहथीͩकयहएसएमपीĤणाͧलयɉ/ͧसèटमस(SMP systems) के
ͧलएएकलवैिæवकरनकतार(global run queue) काउपयोगकरताथा।अǓनवाय[ Ǿपसेजबआपके
पासमãटȣĤोसेसरͧसèटम(multiprocessor systems) थे, जैसाͩकहमनेͪपछलेåयाÉयानमɅ देखा
है, एकलवैिæवकरनकतार(global run queue) काउपयोगͩकयागयाथा।तो, जैसाͩकहमनेदेखा
है, यह èकेलेबल (scalable) नहȣं है।"
22,6,(èलाइडसमय का संदभ[ लɅ: 05:48),"तोअगलȣ पसंदकोǒबगओ(1) अनुसूचक/शेɬयूलर(O(1) scheduler) केǾपमɅ जानाजाताथा।
‘ओ(1) अनुसूचक’/’ ​ǒबगओ(1)शेɬयूलर’ (O(1) scheduler) ǓनयतसमयमɅ अनुसूचन/शेɬयूͧलंग
(Scheduling) Ǔनण[यलेगा, तैयारकतार/रेडीÈयू(ready queue) मɅ मौजूदकायɟ कȧ संÉयाकाÚयान
ͩकएǒबना।अǓनवाय[ ǾपसेसीपीयूमɅ ǓनçपाǑदत/एÈसेÈयूट(execute) करनेकेͧलएअगलȣ ĤͩĐया
कोचुननेमɅ Ǔनयतसमयलगेगा।तो, यहèपçटǾपसेमापनीय/èकेलहोगा, यɮयͪपतैयारकतार/रेडी
Èयू(ready queue) मɅ मौजूदबड़ीसंÉयामɅ ĤͩĐयाओं/Ĥोसेसेज(processes) केसाथभी।ǒबग
ओ(1) शेɬयूलर(O(1) scheduler) मɅ, ĤͩĐयाओं/Ĥोसेसेज(processes) कोदोĤकारɉ मɅ बांटागयाहै;
जैसाͩकहमनेदेखाहैवाèतͪवकसमयĤͩĐयायɅ औरसामाÛयĤͩĐयायɅ।इसͧलए, वाèतͪवकसमय/
ǐरयलटाइम(real time) ĤͩĐयाओं/Ĥोसेसेज(processes) को0 से99 तकĤाथͧमकतादȣ जातीहै, 0
सवȾÍचĤाथͧमकताहोतीहैऔर99 वाèतͪवकसमय/ǐरयलटाइम(real time) काय[ कȧ सबसेकम
Ĥाथͧमकता होती है।
अब, दूसरȣ तरफ सामाÛय ĤͩĐयाओं/Ĥोसेसेज (processes) को 100 से 139 के बीच
Ĥाथͧमकताएं/ͪĤऑǐरटȣज़(priorities) दȣ जातीहɇ।इसͧलए, 100 सवȾÍचĤाथͧमकताहैजोͩकएक
सामाÛयĤͩĐयाकȧ होसकतीहैजबͩक139 सबसेकमĤाथͧमकताहैजोͩकͩकसीभीĤͩĐयामɅ हो
सकताहै, औरजैसाͩकहमनेपहलेदेखाहै, सामाÛयĤͩĐयायɅ यातोइंटरैिÈटव(interactive) याबैच
(Batch) होसकतीहɇ।हमबादमɅ देखɅगेͩककैसेशेɬयूलर(scheduler) इंटरैिÈटव(interactive) और
बैच (batch) ĤͩĐयाओं/Ĥोसेसेज (processes) के बीच अंतर कैसे करता है।"
22,7,(èलाइडसमय का संदभ[ लɅ: 07:00),"अब, हमसामाÛय ĤͩĐयाओं/Ĥोसेसेज(processes) मɅ अनुसूचन/शेɬयूͧलंग(scheduling) केबारेमɅ
बातकरɅगेजो‘अ-वाèतͪवकसमय’ (non-real time) ĤͩĐयायɅ Ĥोसेसेज(processes) हɇ।अǓनवाय[ Ǿप
सेिजसशेɬयूͧलंगएãगोǐरदम(scheduling algorithm) काउपयोगͩकयाजाताहैजोथोड़ीͧभÛनता
केसाथ‘बहुèतरȣयĤǓतपुिçटकतार’/’मãटȣ लेवलफȧडबैकÈयू’ (‘multi level feedback queue’) के
समानहोताहै।अǓनवाय[ Ǿपसेइसͪवशेषशेɬयूलर(scheduler) मɅ 40 ‘Ĥाथͧमकतावग[’/’Ĥायोǐरटȣ
Èलासेज’ (priority classes) हɇ, िजÛहɅ 100 से139 तकवगȸकृत/लेबलͩकयागयाहै, औरजैसाͩक
हमनेपहलेचचा[ कȧ है, सबसेकमĤाथͧमकताĮेणी139 केअनुǾपहै, जबͩकसामाÛयकाय[ केͧलए
सवȾÍच Ĥाथͧमकता 100 है।
तो, इनसंबंͬधतकायɟ मɅ सेĤ×येककेͧलएएक‘तैयारकतार’/’रेडीÈयू’ (ready queue) है।इसͧलए,
ͩकसीͪवशेषĤाथͧमकतावग[ केअनुǾप'तैयारकतार'/'रेडीक़यू' (ready queue) मɅ मौजूदĤ×येक
ĤͩĐयायाĤ×येककाय[ कोसीपीयू(CPU) परǓनçपाǑदतकरनेकेͧलएसमानĤाथͧमकताहोतीहै।
दूसरȣ तरफ, सौवांĤाथͧमकतावग[ मɅ मौजूदएकĤͩĐया102 मɅ मौजूदĤͩĐयाकेसंबंधमɅ ǓनçपाǑदत
करनेकȧ उÍचĤाथͧमकताहैजोͩक102 केअनुǾप'तैयारकतार'/'रेडीक़यू' (ready queue) मɅ मौजूद
एकĤͩĐयाहै।अबइसĤाथͧमकवग[ केआधारपर, शेɬयूलर(scheduler) बनाएरखताहैऐसीदो
कतारɅ।इसͧलए, एककोसͩĐयरनकतारकेǾपमɅ जानाजाताहैऔरदूसराकोसमाÜतहोचुकेरन
कतार के Ǿप मɅ जाना जाता है।"
22,8,(èलाइडसमय का संदभ[ लɅ: 08:26),"जबकोईसंदभ[ िèवचहोताहै, तोशेɬयूलर(scheduler) सͩĐयरनकतारɉ/रनÈयूज(run queues)
कोजाँचेगा, जोसौवींरनरनकतारसेशुǾ होताहैऔर139 तकजारहाहोताहै।यहउसरनकतार/रन
Èयू(run queue) कोचुनताहैिजसमɅ ͩक, ǒबनाशूÛययाǒबनाखालȣ कतारमौजूदहो।तोउदाहरणके
ͧलएयहांयह100 सेशुǾ होताहैऔरयहपहलȣ ͪवशेषĤͩĐयाचुनताहैऔरयहĤͩĐयासीपीयू(CPU)
मɅ ǓनçपाǑदतकȧ जातीहै।समयअंतराल/टाइमèलाइस(time slice) केअंतमɅ इसĤͩĐयाकोसमाÜत
होचुकȧ कतारमɅ रखाजाताहै।तो, धीरे-धीरेआपदेखɅगेͩकजैसे-जैसेसमयबढ़ेगाऔरसमय
अंश/टाइम èलाइस (time slice) पूरा होगा, शेɬयूलर (scheduler) सͩĐय रन कतारɉ से
ĤͩĐयाओं/Ĥोसेसेज(processes) कोचुनतारहताहै, उÛहɅ ǓनçपाǑदतकरताहैऔरउÛहɅ समाÜतहोने
वालȣ रनकतारɉ/रनÈयूज(run queues) मɅ रखताहै।थोड़ीदेरकेबादहमारेपासएकǒबंदुहोगाजहां
सͩĐयरनकतार/रनÈयू(run queue) मɅ सारȣ ĤͩĐयायɅ पूरȣ होजाएंगी।अǓनवाय[ Ǿपसेहमइसǒबंदु
पर आ जाते हɇ ͩक इनमɅ से ͩकसी भी Ĥाथͧमक वग[ मɅ उनके साथ कोई ĤͩĐया नहȣं है।
दूसरȣ ओरसमाÜतहोचुकȧ रनकतार/रनÈयू(run queue) अबभरदȣ गईहै।अǓनवाय[ Ǿपसे, Èयɉͩक
शेɬयूलर(scheduler) समाÜतहोचुके कतारमɅ Ĥ×येकĤाथͧमकतावग[ मɅ ĤͩĐयाओं/Ĥोसेसेज
(processes) को जोड़ रहा है।"
22,9,(èलाइडसमय का संदभ[ लɅ: 09:36),"जबऐसाहोताहै, तोशेɬयूलर(scheduler) सͩĐयरनकतारɉ औरसमाÜतरनकतारɉ केबीच
बदलाव/िèवच(switch ) करेगा।अबयहकतारहैजोवाèतवमɅ सͩĐयहोजातीहैजबͩकयहसमाÜत
हो चुकȧ रन कतार बन जाती है।
अब, लगातारसमयअंश/टाइमèलाइस(time slice) पूराहोनेकेͧलए, शेɬयूलर(scheduler) इस
ͪवशेषकतारसेकाय[ करेगाऔरइनकाय[ कोǓनçपाǑदतकरेगा।Ǔनçपादनकेबादइनकायɟ कोयहांइस
कतारमɅ èथानांतǐरतͩकयाजासकताहै, जोअबसमाÜतहोचुकȧ कतारहै।इसतरहइनदोकतारɉ के
बीचएकटॉगͧलंगहै।एककतारमɅ मौजूदसभीकायɟ कोǓनçपाǑदतͩकयाजाताहैऔरअÛयकतारमɅ
काय[ परलेजायाजाताहै।ͩफरयहांपरͩकएगएसभीकायɟ कोǓनçपाǑदतͩकयागयाऔरकाय[
ǓनçपाǑदतकरनेकेबादͪपछलȣ कतारमɅ èथानांतǐरतͩकयागयाऔरइसीतरह।तो, यहĤͩĐया
लगातारचलरहȣ है।ͧलनÈसकनȶल(Linux Kernel) शेɬयूलर(scheduler) मɅ ऐसीतकनीकरखनेका
मुÉयकारणयहहैͩकयहstarvation ​भुखमरȣ कोरोकताहैयहसुǓनिæचतकरताहैͩकĤ×येकĤͩĐया
को सीपीयू मɅ ǓनçपाǑदत करने कȧ बारȣ ͧमलती है।"
22,10,(èलाइडसमय का संदभ[ लɅ: 10:39),"यादरखɅ ͩकहमइसͪवशेषशेɬयूलर(scheduler) कोओ(1) शेɬयूलर(scheduler) केǾपमɅ कहतेहɇ।
अǓनवाय[ Ǿपसेइसकामतलबयहहैͩक'तैयारकतार'/'रेडीक़यू' (ready queue) मɅ मौजूद
ĤͩĐयाओं/Ĥोसेसेज (processes) कȧ संÉया के बावजूद यह िèथर समय शेɬयूलर (scheduler) है।
अब, आइएͪवæलेषणकरɅ ͩकयहͪवशेषबातिèथरांकसमयकैसेहै।अबअगरहमɅ यादहैͩकĤͩĐया
कोशेɬयूलकरनेमɅ दोचरणशाͧमलहɇ।सबसेपहलेसबसेकमसंÉयाकȧ कतारकोउससंबंͬधत'तैयार
कतार'/'रेडीक़यू' (ready queue) मɅ मौजूदकमसेकमएककाय[ केसाथढूंढनाहै।दूसराउस'तैयार
कतार'/'रेडीक़यू' (ready queue) सेĤथमकाय[ चुनɅ।अबइनदोचीजɅ िèथरांकसमयकैसेहɇ? यह
èपçटहैͩकदूसराचरणिèथरसमयहै, अǓनवाय[ Ǿपसेहमकतारकेͧसरसेचयनकररहेहɇ औरयह
ǓनिæचतǾपसेĤͩĐयाओं/Ĥोसेसेज(processes) केआकारकेबावजूदǓनिæचतसमयमɅ ͩकयाजाता
है।अगलासवालयहहैͩकचरण1 कैसेिèथरसमयहै? इसͧलए, अǓनवाय[ Ǿपसेहमजानतेहɇ ͩक
शेɬयूलर(scheduler) 100 सेशुǾ होनेवालȣ और139 तकजानेवालȣ सभीĤाथͧमकताकतारɉ को
जांचताहैऔरसबसेकमसंÉयावालȣ कतारचुनतीहैिजसमɅ कमसेकमएककाय[ है, अǓनवाय[ Ǿपसे
यह सबसे कम ‘ǒबना खालȣ कतार’/नॉन एàÜटȣ Èयू (non empty queue) चुनता है।
तो, यहिèथरसमयĤतीतनहȣंहोताहै।तो, शेɬयूलर(scheduler) वाèतवमɅ इसेकैसेकाया[िÛवत
करताहै, ताͩकवाèतवमɅ सबसेकम‘ǒबनाखालȣ कतार’/नॉनएàÜटȣ Èयू(non empty queue) को
खोजनेकेͧलएलगनेवालासमयĤͩĐयाओं/Ĥोसेसेज(processes) कȧ संÉयासेèवतंğ हो? ऐसाकरने
केͧलए, शेɬयूलर(scheduler) याͧलनÈसशेɬयूलर(Linux scheduler) दोचीजɉ काउपयोगकरता
है, पहलाǒबटमैपहै।यहएक40 bit ǒबटǒबटमैपहैजोगैर-शूÛयइकाइयɉ केसाथरनकतारèटोर
करताहै।अǓनवाय[ Ǿपसेयहͪवशेषǒबटमैपएकवग[ केͧलएशूÛयèटोरकरताहैजोखालȣ है, औरयह
एकèटोरकरताहैउसक¢ाकेͧलएिजसमɅ शूÛयइकाइयांनहȣंहोतीहɇ।दूसरा, इसमɅ एकͪवशेषǓनदȶश
काउपयोगͩकयाजाताहैिजसे‘खोजोपहलाǒबटसमूह’ /’फाइंडफèट[ ǒबटसेट’ (find first bit set) के
ǾपमɅ जानाजाताहै।इसͧलएयहͪवशेषǓनदȶश, उदाहरणकेͧलए, इंटेलपरएकबीएसएफएल(bsfl)
Ǔनदȶश हैजोइस40 ǒबटǒबटमैप(bit bitmap) कोदेखेगाऔरǓनàनतमसूचकांककोचुनताहै, जो
शूÛयनहȣंहै।अǓनवाय[ ǾपसेयहहमɅ ǒबटमैपमɅ सबसेÛयूनतमसंÉयाकेǒबनाशूÛयǒबटकोदेगाऔर
यहǓनàनतमǒबनाशूÛययाबिãकǓनàनतमǒबनाखालȣ Ĥाथͧमकताकतार/नॉनएàÜटȣ Ĥायोǐरटȣ Èयू
(non empty priority queue) के अनुǾप है।"
22,11,(èलाइडसमय का संदभ[ लɅ: 13:16),"अब, हम‘ǒबगओ(1) अनुसूचक’/ ‘ǒबगओ(1) शेɬयूलर’ (O(1) scheduler) कȧ Ĥाथͧमकताओंपरऔर
देखɅगे।अतः, हमनेदेखाथाͩक0 से99 Ĥाथͧमकतावाèतͪवकसमयकायɟ केͧलएहै, जबͩक
Ĥाथͧमकता100 सवȾÍचĤाथͧमकताहैिजसेसामाÛयĤͩĐयामɅ Ǒदयाजासकताहै, जबͩकĤाथͧमकता
139 सबसेकमĤाथͧमकताहैजोसामाÛयĤͩĐयाकȧ होसकतीहै।अबयेसामाÛयĤͩĐयाकेͧलए
Ĥाथͧमकताओंकȧ Įेͨणयांहɇ जोसामाÛयĤͩĐयामɅ 100 कȧ Ĥाथͧमकतासे139 कȧ Ĥाथͧमकतातक
कुछभीहोसकतीहɇ।Ĥाथͧमकता120 कोमूलĤाथͧमकताकेǾपमɅ जानाजाताहैऔरͫडफ़ॉãटǾपसे
ͧलयाजाताहै।इसͧलए, जबभीआपएकĤोĒामशुǾ करतेहɇ, उदाहरणकेͧलए, जबभीआपएकडॉट
आउट(a dot out/a .out ) ĤोĒामशुǾ करतेहɇ तोइसेĤाथͧमकता120 दȣ जातीहै।अबआप‘नाइस’
(‘nice’) नामककमांडकाउपयोगकरइसआधारĤाथͧमकताकोबदलसकतेहɇ।‘नाइस’ (‘nice’)
कमांडलाइनकाĤयोगĤͩĐयाकȧ पूव[Ǔनयत/ͫडफ़ॉãट(default) Ĥाथͧमकताको120 सेकुछऔरकुछ
करने के ͧलए ͩकया जाता है।
तो, आदेश/कमांड(command) कुछइसतरहसेǑदखताहै।तो, नाईसमाइनसएनपूंजीएनडॉटèलैश
एकडॉटआउट(nice -n N ./a.out) है, जहांकैͪपटलएन(N) Üलस19 सेमाइनस20 कामान/मूãयले
सकतीहै।इसͧलए, अǓनवाय[ Ǿपसेजोमान/मूãयहमनेयहांǓनǑद[çटͩकयाहैवहआधारĤाथͧमकतामɅ
जोड़ाजाताहै।तो, उदाहरणकेͧलए, यǑदमɇ नाईसमाइनसएनऔरÜलस19 डॉटआउट(nice -n +19
.out ) कहताहूं, तो, िजसĤͩĐयाकोमɇ शुǾ कररहाहूंउसकȧ Ĥाथͧमकता120 से19 अͬधकहोगी।तो,
यह139 है।तो, यहकमसेकमĤाथͧमकताहोगीजोहोसकतीथी।दूसरȣ तरफ, आपएकĤाथͧमकता
भीǓनǑद[çटकरसकतेहɇ जैसेनाईसमाइनसएनमाइनस20 डॉटèलैशएकडॉटआउट(minus n
minus 20 dot slash a dot out/nice -n -20 ./a.out)।इसͧलए, यहĤͩĐयाको100 कȧ Ĥाथͧमकता
देगी।इसͧलए, यहसवȾÍचĤाथͧमकताहैͩकĤͩĐयाइसबातपरͪवचारकरसकतीहैͩकयहएक
सामाÛयĤͩĐयाहै।इसͧलए, येèथैǓतकĤाथͧमकतायɅ हɇ जोͩकĤͩĐयाकोǓनçपादनकȧ शुǽआतके
दौरान ĤाÜत हो सकती हɇ।"
22,12,(èलाइडसमय का संदभ[ लɅ: 15:19),"िèथरĤाथͧमकताके अलावा, शेɬयूलर(scheduler) कुछऔरǓनधा[ǐरतकरताहैजोगǓतशील
Ĥाथͧमकता/ डायनाͧमकĤायोǐरटȣ (dynamic priority) केǾपमɅ भीजानाजाताहै।यहगǓतशील
Ĥाथͧमकता/ डायनाͧमकĤायोǐरटȣ (dynamic priority), अनुमानɉ/हेǐरिèटÈस(heuristics) पर
आधाǐरतहैऔरयहǓनधा[ǐरतकरतीहैͩकĤͩĐयाबैचĤͩĐया/बैचĤोसेस(batch process) याएक
इंटरैिÈटवĤͩĐया(interactive process) कȧ तरहकाय[ करेगी।अǓनवाय[ ǾपसेयहǓनधा[रणइसपर
आधाǐरत है ͩक ĤͩĐया मɅ आई /ओ (I/O) संचालन अͬधक है या अͬधक CPU बाÚय है।
इसͧलए, शेɬयूलर(scheduler) कुछअनुमानɉ/हेǐरिèटÈस(heuristics) काउपयोगकरताहैजो
गǓतशीलĤाथͧमकता/डायनाͧमकĤायोǐरटȣ (dynamic priority) कȧ गणनाकरनेकेͧलएयहांमौजूद
हɇ।अǓनवाय[ ǾपसेयहिèथरĤाथͧमकतालेताहैिजसेहमनेसेटͩकयाहैजोयातो120 ͫडफ़ॉãट
(default) सेǓनçपादनकȧ शुǽआतमɅ Ǒदयागयाहैयानाईस(nice) केमूãयकेआधारपरĤाथͧमकता
हैऔरकुछघटाताहैजोलाभांशकेǾपमɅ जानाजाताहैऔरÜलस5 (plus 5/+5) जोड़ताहै।तो, इनमɅ
सेÛयूनतमलेताहै, जोͩक èथैǓतकĤाथͧमकताघटावलाभांशÜलस5 और139 हैऔरͩफरयह
अͬधकतम100 औरयहमूãयलेताहै।तो, उदाहरणकेͧलए, हमकहतेहɇ ͩकहमͫडफ़ॉãटèथैǓतक
ĤाथͧमकताकेसाथĤͩĐयाशुǾ करतेहɇ जो120 हैऔरहम3 कालाभांशदेतेहɇ, इसͧलएहमारेपास
120 सेघटाव3 Üलस5 हैजो122 है।तो, 122 और139 काÛयूनतम122 हैऔरआप100 और122
काअͬधकतम122 लेतेहɇ।इसͧलए, इसͪवशेषउदाहरणकेͧलएगǓतशीलĤाथͧमकता/ डायनाͧमक
Ĥायोǐरटȣ (dynamic priority) 122 थी।
अब, मह×वपूण[ बातयहलाभांशहै।तो, यहͪवशेषलाभांशकैसेसेटहै? इसͧलए, अǓनवाय[ Ǿपसेइस
लाभांशकेपास0 से10 केबीचकामानहै, यǑदलाभांश5 सेकमहै, तोइसकाता×पय[ हैͩक
उपयोगकता[ केसाथकमबातचीतहोतीहै।इसĤकारĤͩĐयाकोसीपीयू(CPU) बाÚयĤͩĐयाकेǾपमɅ
अͬधकमानाजाताहै।इसͧलएगǓतशीलĤाथͧमकता/ डायनाͧमकĤायोǐरटȣ (dynamic priority) कमहो
गईहै, अǓनवाय[ ǾपसेगǓतशीलĤाथͧमकता/ डायनाͧमकĤायोǐरटȣ (dynamic priority) कम
Ĥाथͧमकतावालेकाय[ के139 कȧ ओरजातीहै।यǑदलाभांशदूसरȣ तरफ5 सेअͬधकहैतोइसका
ता×पय[ हैͩकउपयोगकता[ केसाथऔरअͬधकबातचीतहोतीहै, याǓनयहĤͩĐयाआई/ ओ(I/O) बाÚय
ĤͩĐयाकȧ तरहकामकरतीहैऔरअǓनवाय[ ǾपसेĤͩĐयाएकइंटरैिÈटव(interactive) ĤͩĐयाकȧ
तरहअͬधकåयवहारकरतीहै।गǓतशीलĤाथͧमकता/ डायनाͧमकĤायोǐरटȣ (dynamic priority)
इसͧलए बढ़ जाती है, यह 100 कȧ ओर जाती है।
तो, आपदोउदाहरणलेसकतेहɇ।उदाहरणकेͧलएहमनेतीनɉ कालाभांशदेखाहैऔरहमनेदेखाहैͩक
इसकेपǐरणामèवǾप122 कȧ गǓतशीलĤाथͧमकता/ डायनाͧमकĤायोǐरटȣ (dynamic priority) है
िजसकाअथ[ हैͩकयहएकसीपीयू(CPU) बाÚयĤͩĐयाहै, इसͧलएͧसèटममɅ कमĤाथͧमकतादȣ
जातीहै।दूसरȣ ओरयǑदआपआठकालाभांशलेतेहɇ औरउसीचीजकȧ गणनाकरतेहɇ, तोआपदेखɅगे
ͩकगǓतशीलĤाथͧमकता/ डायनाͧमकĤायोǐरटȣ (dynamic priority) वाèतवमɅ कमहोजातीहै।तो,
मह×वपूण[ Ǒहèसा अब है ͩक हम वाèतव मɅ लाभांश का मूãय कैसे Ǔनधा[ǐरत करते हɇ?"
22,13,(èलाइडसमय का संदभ[ लɅ: 18:11),"तो, शेɬयूलर(scheduler) मɅ लाभांशएकĤͩĐयाकेऔसतनींदकेसमयसेǓनधा[ǐरतहोताहै।यहां
धारणाहैͩकआई/ ओ(I/O) बाÚयĤͩĐयाएंͪवĮामकरɅगी, यादूसरेशÞदɉ मɅ अͬधकअवǽɮधहो
जाएगी, इसͧलएउÍचĤाथͧमकताĤाÜतकरनीचाǑहए।अतः, इसͧलए, आई/ओ(I/O) बाÚय
ĤͩĐयाओं/Ĥोसेसेज (processes) मɅ लाभांश का उÍच मूãय होगा।
दूसरȣ ओरसीपीयू(CPU) बाÚयĤͩĐयायɅ कमͪवĮामकरपाएंगी, इसͧलएइÛहɅ कमĤाथͧमकताĤाÜत
करनीचाǑहए।यǑदहमइसताͧलकाकोदेखतेहɇ औरयǑदहमदेखतेहɇ ͩकĤͩĐयाकेͧलएऔसत
ͪवĮामकासमय200 सेअͬधकहैलेͩकन300 ͧमलȣसेकंडसेकमहै, तोइसे2 कालाभांशǑदयाजाता
है।इसͧलए, यहकेवलअनुमान/हेǐरिèटक्(heuristic) हैऔरकनȶल(kernel) मɅ सूğ/फामू[ला(formula)
केǾपमɅ पालनͩकयाजाताहै।दूसरȣ ओरयǑदĤͩĐयामɅ औसतͪवĮामकासमय800 ͧमलȣसेकंडसे
अͬधकयाउसकेबराबरहोताहैलेͩकन900 ͧमलȣसेकंडसेछोटाहोताहै, तोहमइसे8 काबड़ालाभांश
देतेहɇ।इसĤकारयेĤͩĐयाएं, लाभांशकेउÍचमूãयकेसाथĤͩĐयाकरतीहɇ, याǓनͩकजोअͬधक
ͪवĮामलेतीहɇ उÛहɅ इंटरैिÈटवĤͩĐयाओं/Ĥोसेसेज(interactive processes) केǾपमɅ मानाजाताहै
औरएकगǓतशीलĤाथͧमकता/ डायनाͧमकĤायोǐरटȣ (dynamic priority) दȣ जातीहैजो100 केकरȣब
होती है।
दूसरȣ तरफजोĤͩĐयाएंकमͪवĮामलेतीहɇ उÛहɅ सीपीयू(CPU) बाÚयĤͩĐयामानाजाताहै, औरएक
लाभांश Ǒदयाजाताहैजोकमहोताहै, औरनतीजतनगǓतशीलĤाथͧमकता/डायनाͧमकĤायोǐरटȣ
(dynamic priority) कम हो जाती है,याǓन ͩक यह 139 कȧ ओर जाती है।
(èलाइडसमय का संदभ[ लɅ: 19: 40)
तो, येगǓतशीलĤाथͧमकतायɅ/डायनाͧमकĤायोǐरटȣज(dynamic priorities) शेɬयूͧलंगएãगोǐरदम
(scheduling algorithm) कोकैसेĤभाͪवतकरनेवालȣ हɇ? अǓनवाय[ ǾपसेयǑदआपसͩĐयऔर
समाÜतहोचुकेरनकतारɉ/रनÈयूस(run queues) परवापसआतेहɇ, तोगǓतशीलĤाथͧमकता/
डायनाͧमकĤायोǐरटȣ (dynamic priority) यहǓनधा[ǐरतकरतीहैͩककौनसीकतारमɅ ͪवशेषĤͩĐया
रखीजाएगी।उदाहरणकेͧलएजबहमǓनçपाǑदतकरनेकेͧलएएकͪवशेषĤͩĐयाचुनतेहɇ, तोकहɅ ͩक,
100 वींĤाथͧमकतावग[/Ĥायोǐरटȣ Èलास(priority class) सेऔरइसकेǓनçपादनकेबादइसकाऔसत
ͪवĮामकासमयतबलाभांशकȧ गणनाकरनेकेͧलएउपयोगͩकयाजाताहै, औरइसकेबादगǓतशील
Ĥाथͧमकता/ डायनाͧमकĤायोǐरटȣ (dynamic priority) कȧ गणनाकरनेकेͧलएउपयोगͩकयाजाताहै,
और ͩफर यह ĤͩĐया संबंͬधत Ĥाथͧमकता वग[ मɅ रखी जाती है।
इसͧलएपǐरणामèवǾपऔसतͪवĮामकेसमयकेआधारपर, जबĤͩĐया, समाÜतहोचुकȧ रनकतार
मɅ वापसरखीजातीहै, िजसवग[ मɅ इसेरखाजाताहै, वहइसकȧ गǓतशीलĤाथͧमकता/ डायनाͧमक
Ĥायोǐरटȣ (dynamic priority) पर Ǔनभ[र करता है।"
22,14,(èलाइडसमय का संदभ[ लɅ: 20:28),"तोगǓतशीलĤाथͧमकता/ डायनाͧमकĤायोǐरटȣ (dynamic priority) केअलावा, समयअंश/ टाइम
èलाइस(time slice) भीहैजोशेɬयूलर(scheduler) ɮवारासमायोिजतͩकयाजाताहै।अǓनवाय[ Ǿप
सेसंवादा×मकĤͩĐयाओं/इंटरैिÈटवĤोसेसेज(interactive processes) मɅ उÍचĤाथͧमकताएंहोतीहɇ,
लेͩकनवेआई/ओ(I/O) बाÚयĤͩĐयाओं/Ĥोसेसेज(processes) मɅ सेअͬधकहɇ, औरउनमɅ कमसीपीयू
(CPU) Ĥèफोटसमय/बèट[ टाइम(burst time) होनेकȧ संभावनाहै।इन ĤͩĐयाओं/Ĥोसेसेज
(processes) को, अǓनवाय[ Ǿपसेसंवादा×मक ĤͩĐयाओं/इंटरैिÈटवĤोसेसेज(interactive
processes) कोयहसुǓनिæचतकरनेकेͧलएसबसेबड़ासमयखंडǑदयाजाताहैͩकयहǒबनाǽके
अपनेĤèफोटकोपूराकरताहै।इसͧलए, समयअंश/टाइमèलाइस(time slice) सेटकरनेकेͧलएहम
इसतरहकेअͬधकअनुमानɉ/éयुǐरिèटÈस(heuristics) काउपयोगकररहेहɇ।अǓनवाय[ ǾपसेयǑद
Ĥाथͧमकता120 सेकमहै, तोयहएकइंटरैिÈटव(interactive) ĤͩĐयाहैतोसमयअंश/टाइमèलाइस
(time slice) को Ǒदया जाता है 140 घटाव Ĥाथͧमकता 20 ͧमलȣसेकंड के Ǿप मɅ ।
हालांͩकयǑदयहबैचĤͩĐयासेकुछअͬधकहै, यानीसीपीयू(CPU) गǓतͪवͬधकाअͬधकउपयोग
करके, तबसमयअंश/टाइमèलाइस(time slice) ǓनचलेकथनɮवाराǓनधा[ǐरतͩकयाजाताहै; ͩक
समयअंश/टाइमèलाइस(time slice) होगा5 ͧमलȣसेकंड, 140 मɅ Ĥाथͧमकताकमकरनेकेबराबर।
इसकेपǐरणामèवǽप, यǑदआपइसͪवशेषताͧलकाकोदेखतेहɇ, तोआपदेखतेहɇ ͩक, यǑदआपकेपास
100 कȧ िèथरĤाथͧमकताहैजो‘nice’ कȧ माğामाइनस20 (minus 20) करकेĤाÜतकȧ जातीहै।तो,
इसकामतलबहैͩकयहएक‘संवादा×मकĤͩĐया’/’इंटरैिÈटवĤोसेस’ (interactive process) हैऔर
800 ͧमलȣसेकंडकाएकबड़ासमयटुकड़ाǑदयाजाताहै।दूसरȣ तरफ, 139 कȧ िèथरĤाथͧमकतावालȣ
एकĤͩĐयायाǓनͩक१२०अͬधकिजसकाnice मूãय१९है, इसेसबसेकमसमयअंश/टाइमèलाइस
(time slice) Ǒदया जाता है या 5 ͧमलȣसेकंड का सबसे छोटा समय अंश/टाइम èलाइस (time slice)।
इसĤकार, हमदेखतेहɇ ͩकĤͩĐयाकȧ ĤाथͧमकताकेआधारपरउसĤͩĐयाकोǑदएगएसंबंͬधतसमय
अंश/टाइम èलाइस (time slice) को ठȤक ͩकया गया है।"
22,15,(èलाइडसमय का संदभ[ लɅ: 22:15),"तोओ(1) शेɬयूलर(O(1) scheduler) कोसारांͧशतकरनायहहैͩक, यह40 Ĥाथͧमकतावगɟ केसाथ
एक‘बहु-èतरȣयफȧडबैककतार’/’मãटȣ लेवलफȧडबैकÈयू’ (multi level feedback queue) है।आधार
कȧ Ĥाथͧमकता120 परसेटहै, लेͩकन‘nice’ कमांडकेउपयोगसेपǐरवत[नीयहै।अनुमानɉ/हेǐरिèटक
(heuristics) ɮवाराǓनधा[ǐरतगǓतशीलĤाथͧमकता/ डायनाͧमकĤायोǐरटȣ (dynamic priority),
ĤͩĐयाओं/Ĥोसेसेज(processes) कȧ औसतͪवĮामसमयपरआधाǐरतहोतीहै।Ĥ×येकĤͩĐयाकेͧलए
समयअंश/टाइमèलाइस(time slice) अंतरालगǓतशीलĤाथͧमकता/ डायनाͧमकĤायोǐरटȣ (dynamic
priority) के आधार पर सेट ͩकया गया है।"
22,16,(èलाइडसमय का संदभ[ लɅ: 22:39),"तोǒबगओ(1) शेɬयूलर(O(1) scheduler) कȧ सीमाएंǓनàनानुसारहɇ; इसͧलए, ओ(1) शेɬयूलर
(scheduler) इंटरैिÈटव(interactive) औरगैरइंटरैिÈटव(non interactive) ĤͩĐयाओंकेबीचअंतर
करनेकेͧलएकईजǑटलअनुमानɉ/हेǐरिèटक(heuristics) काउपयोगकरताहै।इसͧलए, अǓनवाय[ Ǿप
सेसमयअंश/टाइमèलाइस(time slice) औरĤाथͧमकताकेबीचएकǓनभ[रताहै, औरĤाथͧमकता
औरसमयअंश/टाइमèलाइस(time slice) मूãयसमǾपनहȣंहɇ।याǓनͩक, उन100 Ĥाथͧमकताकȧ
ĤͩĐयाओंकेͧलएहै, 139 Ĥाथͧमकताकȧ ĤͩĐयाओंकȧ तुलनामɅ; यǑदआपइनदोĮेͨणयɉ मɅ समय
अंश/टाइम èलाइस (time slice) कȧ गणना करते हɇ तो आप देखते हɇ ͩक यह समान नहȣं है।
यǑदआपयहांटेबलपरवापसदेखतेहɇ, तोआपदेखतेहɇ ͩक100 से110 कȧ ĤाथͧमकतातकजानेमɅ
200 ͧमलȣसेकंडकासमयभागहै; हालांͩक, 130 से139 तकजानेकेͧलएकेवल45 ͧमलȣसेकंडका
समयअंतराल/टाइमèलाइस(time slice) अंतरहोताहै।इसͧलए, इसकेसाथहमइसͪवशेषवीͫडयो
åयाÉयान को समाÜत कर दɅगे।
तोअगलेåयाÉयानमɅ हमसीएफएसशेɬयूलर(CFS scheduler) कोदेखɅगे, जोनवीनतमशेɬयूलर
(scheduler) यावत[मानशेɬयूलर(scheduler) हैिजसकाउपयोगͧलनÈसकनȶल(Linux Kernel) मɅ
ͩकया जाता है।
धÛयवाद।"
23,0,,"ऑपरेǑटंग ͧसèटम (Operating System) का पǐरचय
Ĥोफेसर चेèटर रेबेरो
संगणक ͪव£ान और अͧभयांǒğकȧ ͪवभाग
भारतीय Ĥौɮयोͬगकȧ संèथान, मġास
सÜताह- 05
åयाÉयान - 22
कàÜलȣटलȣ फेयर शेɬयूͧलंग (Completely Fair Scheduling)
​इसवीͫडयोåयाÉयानमɅ, हम‘कàÜलȣटलȣ फेयरशेɬयूलर’ (Completely Fair Scheduler) को
देखɅगे।इसͧलए, पूरȣ तरहसेǓनçप¢ शेɬयूलरयासीएफएसशेɬयूलर(CFS scheduler) नवीनतम
संèकरणɉ मɅ ͧलनÈसकनȶल(Linux kernel) मɅ उपयोगͩकयाजानेवालाͫडफ़ॉãट/पूव[Ǔनयतशेɬयूलर
है।"
23,1,(èलाइडसमय का संदभ[ लɅ: 00:29),"इसͧलएसीएफएसशेɬयूलर(CFS scheduler) कोसंèकरणसंÉया2.6.23 केबादसेͧलनÈसकनȶल
(Linux kernel) मɅ शाͧमलͩकयागयाहै, औरइसे2007 सेशेɬयूͧलंगएãगोǐरदम(scheduling
algorithm) केǾपमɅ उपयोगͩकयागयाहै।इसͧलए, यह“रोटेǑटंगèटेअरकेसडेडलाइनशेɬयूलर”
(Rotating Staircase Deadline Scheduler) कोनकॉͧलवास(Con Kolivas) ɮवारा, परआधाǐरत
था।इसͧलए, ͪवशेषǾपसेǒबगओ(1) शेɬयूलर(O(1) scheduler) कȧ तुलनामɅ सीएफएसशेɬयूलर
(CFS scheduler) कालाभयहहैͩकइसमɅ कोईअनुमान/हेǐरिèटÈस(heuristics) नहȣंहɇ िजनका
उपयोगͩकयाजाताहोऔरइसमɅ आई/ओबाÚय(I/O bound) औरसीपीयूबाÚय(CPU bound)
ĤͩĐयाओं का बहुत हȣ सुǽͬचपूण[ Ĥबंधन/हɇडͧलंग है।
अǓनवाय[ ǾपसेइंटरैिÈटव(interactive) औरगैर-इंटरैिÈटव(non-interactive) याबैचĤͩĐयाएं
(batch processes) इसͪवशेषशेɬयूलर(scheduler) मɅ बहुतआसानीसेयोÊय/ͩफटहोतीहɇ।
इसͧलए, हमसीएफएसशेɬयूलर(CFS scheduler) काएकसंͯ¢ÜतͪववरणदेखɅगे।अबजैसानाम
सीएफएसशेɬयूलर(CFS scheduler) कासुझावदेताहैया‘पूरȣ तरहसेǓनçप¢ शेɬयूलर’/‘कàÜलȣटलȣ
फेयरशेɬयूलर’ (Completely Fair Scheduler) काउɮदेæयĤोसेसरसमययासीपीयू(CPU) समय
को, ĤͩĐयाओं के बीच Ǔनçप¢ Ǿप से या समान Ǿप से ͪवभािजत करना है।"
23,2,(èलाइडसमय का संदभ[ लɅ: 01:34),"दूसरेशÞदɉ मɅ, यǑदͧसèटममɅ ‘एन’ (‘N’) ĤͩĐयाएंमौजूदहɇ यातैयारकतार/रेडीÈयू(ready queue)
मɅ मौजूदहɇ औरǓनधा[ǐरतहोनेकȧ Ĥती¢ाकररहेहɇ, तोĤ×येकĤͩĐयाकोसीपीयू(CPU) समय100
के‘एन’ (‘N’) ĤǓतशतसेĤाÜतहोगा।तो, यहआदश[ Ǔनçप¢ता/आइͫडयलफेयरनेस(Ideal Fairness)
है।आइएइसआदश[ Ǔनçप¢ शेɬयूͧलंग/आइͫडयलफेयरͧशडूͧलंग(Ideal Fair scheduling) केͧलए
एकछोटासासैɮधांǓतकउदाहरणलɅ।आइएचारĤͩĐयाओंए, बी, सीऔरडी(A, B, C and D) पर
ͪवचारकरɅ, िजनकेĤèफोटसमय8 ͧमलȣसेकंड, 4 ͧमलȣसेकंड, 16 ͧमलȣसेकंडऔरडीकेĐमश: 4
ͧमलȣसेकंड हɇ।
तो, हमÈयाकरɅगे, हमबससमयको4 ͧमलȣसेकंडèलाइसकेभाग/Èवांट(quanta) केटुकड़ɉ मɅ
ͪवभािजतकरɅ औरअबहमÈयादेखɅगेͩकआदश[ Ǔनçप¢ शेɬयूͧलंग/आइͫडयलफेयरͧशडूͧलंग(Ideal
Fair scheduling) कैसेहोनीचाǑहए।तो, एकआदश[ Ǔनçप¢ शेɬयूͧलंग/आइͫडयलफेयरͧशडूͧलंग
(Ideal Fair scheduling) मɅ, अंतमɅ कहɅ कȧ इस4 ͧमलȣसेकंडअवͬध/इपोक(epoch) केअंतमɅ, तैयार
कतार/रेडीÈयू(ready queue) मɅ मौजूदसभीĤͩĐयाओंको, घड़ीचĐɉ/Èलॉकसाइकãस(clock
cycles) कȧ समान माğा मɅ ǓनçपाǑदत ͩकया जाना चाǑहए था।
उदाहरणकेͧलए, यǑदहमइसͪवशेषĤथमअवͬध/epoch कोदेखतेहɇ, तोइसमɅ 4 ͧमलȣसेकंडहɇ, और
हमारेपासतैयारकतार/ रेडीÈयू(ready queue) मɅ चारĤͩĐयाएंमौजूदहɇ; इसͧलएĤ×येकĤͩĐया4
को 4 से ͪवभािजत करनी चाǑहए जो ͩक Ĥोसेसर समय का 1 ͧमलȣसेकंड है।
इसͧलए, ए, बी, सीऔरडी(A, B, C and D) 1 ͧमलȣसेकंडकेͧलएǓनçपाǑदतहɉगे।इसीतरहदूसरे
चĐ केͧलए, चारĤͩĐयाएंͩफरसेहोतीहɇ, औरइसͧलए, इनचारĤͩĐयाओंकोटुकड़ेकाबराबरǑहèसा
ͧमलताहै।इसͧलए, Ĥ×येकĤͩĐयाएकͧमलȣसेकंडकेͧलएͩफरसेǓनçपाǑदतहोतीहै।अतः, इसͧलए,
सभीͧमलकरए(A) 2 ͧमलȣसेकंडकेͧलएǓनçपाǑदतͩकयागयाहै, बी(B) केͧलए2, सी(C) केͧलए
2, औरडी(D) केͧलए2 ͧमलȣसेकंड।इसीतरह, 3 और4 केͧलए, अतःचौथीअवͬध/epoch केअंत
मɅ, हम देखते हɇ ͩक ĤͩĐया बी (B) और डी (D) पूरȣ हो चुकȧ है। तो, आगे Èया होता है?"
23,3,(èलाइडसमय का संदभ[ लɅ: 03:32),"अबबी(B) औरडी(D) पूराहोनेकेबाद, हमदेखतेहɇ ͩकहमारेपासतैयारकतार/ रेडीÈयू(ready
queue) मɅ दोĤͩĐयाएंमौजूदहɇ जोͩकए(A) औरसी(C) हɇ, साथहȣ समयमाğा4 ͧमलȣसेकंडकेǾप
मɅ बनीहुईहै।तो, अबĤ×येकĤͩĐया4 को2 सेͪवभािजतकरतीहैजोͩकĤोसेसरसमयके2
ͧमलȣसेकंडहɇ।इसͧलए, ĤͩĐयाए(A) 2 ͧमलȣसेकंडकेͧलएǓनçपाǑदतहोतीहै, इसीतरहĤͩĐयासी
(C) 2 ͧमलȣसेकंडकेͧलएǓनçपाǑदतहोतीहै।इसीतरह, अगलȣ अवͬध/epoch केͧलए, ए(A) 2 और
ͧमलȣसेकंडकेͧलएǓनçपाǑदत/एÈसेÈयूटेड(executed) होतीहै, औरसी(C) 2 औरͧमलȣसेकंडकेͧलए
ǓनçपाǑदतहोतीहै।इसͧलए, दोनɉ 8 ͧमलȣसेकंडकेͧलएǓनçपाǑदतहोतीहɇ औरनतीजतन, ए(A) ने
Ǔनçपादन पूरा कर ͧलया है।"
23,4,(èलाइडसमय का संदभ[ लɅ: 04:16),"अब, आͨखरȣ Ǒहèसाहमदेखतेहɇ ͩककेवलसी(C) तैयारकतार/रेडीÈयू(ready queue) मɅ मौजूदहै
औरयहइसͧलएहैÈयɉͩकयहएकमाğ ĤͩĐयाहैजोतैयारकतार/रेडीÈयू(ready queue) मɅ मौजूद
है।तो, इसे4 ͧमलȣसेकंडकापूराèलॉटǑदयाजाताहै।इसͧलए, सी(C) 4 ͧमलȣसेकंडकेͧलएǓनçपाǑदत
होतीहैऔरउसकेबादअंǓतमèलॉटहोताहै, जहांयहअपनेĤèफोटकेसमयकोपूराकरनेकेͧलए
दुसरे4 ͧमलȣसेकंडकेͧलएǓनçपाǑदतहोतीहै।तो, आपइसआदश[/आइͫडयलशेɬयूͧलंग(ideal
scheduling) मɅ जोदेखतेहɇ वहयहहैͩकĤ×येकअवͬध/epoch मɅ याĤ×येकǓनधा[ǐरत-समय/èलॉट
(slot) मɅ, शेɬयूलर(scheduler) ĤͩĐयाओंकेबीचसमानǾपसेसमयकोͪवभािजतकरनेकाĤयास
कररहाहै, ताͩकअसàबɮधǾपसेसभीĤͩĐयाएंसीपीयू(CPU) मɅ एकहȣ समयकेͧलएǓनçपाǑदत
हɉ।इसͧलए, आपदेखतेहɇ ͩकयहाँसभीĤͩĐयाएं4 ͧमलȣसेकंडकेͧलएǓनçपाǑदतहोतीहɇ, इसकेअंतमɅ
सभीĤͩĐयायɅ 6 ͧमलȣसेकंडकेͧलएǓनçपाǑदतहोतीहै, ͩफर8 ͧमलȣसेकंडऔरइसीतरह।सीएफएस
शेɬयूलर(CFS scheduler) मɅ यह‘आदश[ Ǔनçप¢ शेɬयूͧलंग’/’आइͫडयलफेयरशेɬयूͧलंग’ (ideal fair
scheduling) कैसे शाͧमल है?"
23,5,(èलाइडसमय का संदभ[ लɅ: 05:21),"तो, यहवचु[अलरनटाइàस(Virtual Runtimes) केनामसेजानाजाताहै।Ĥ×येकĤͩĐयाकेपीसीबी
(PCB) मɅ, याǓनͩकजोĤ×येकĤͩĐयाके‘ĤͩĐयाǓनयंğणÞलॉक’/’ĤोसेसकÖĚोलÞलॉक’ (Process
Control Block) मɅ है, एकĤͪविçटमौजूदहैजो‘V run time’ केǾपमɅ जानाजाताहैयावचु[अलरन
टाइम(virtual run time) केǾपमɅ जानाजाताहै।Ĥ×येकशेɬयूͧलंगǒबंदुपर, यǑदकोईĤͩĐयाटȣ (t)
ͧमलȣसेकंडकेͧलएचलतीहैतोउसका‘V run time’ टȣ (t) ɮवाराबढ़ायाजाताहै।एकĤͩĐयाकेͧलए
‘V run time’ मɅ, इसͧलए एकाÛत/सामान Ǿप से वृɮͬध होगी।"
23,6,(èलाइडसमय का संदभ[ लɅ: 05:51),"अब, बुǓनयादȣ सीएफएस(CFS) ͪवचारयहहैͩकजबकोईसंदभ[ बदलाव/िèवचͩकयाजानाआवæयक
होताहै, हमेशाउसकाय[ कोचुनɅ िजसमɅ सबसेकम‘वीरनटाइम‘(‘Vruntime’) है।इसͧलए, यहͧमन
अंडरèकोरवीरनटाइम(min_vruntime) नामकचर/वेǐरएबल(variable) ɮवाराबनाएरखाजाताहै, यह
सबसेकमवचु[अलरनटाइम(virtual run time) वालेकाय[ केͧलएएकसूचक/पॉइंटर(pointer) है।तो,
अबइसͪवशेषĤͩĐयाकेͧलएजोसमयअंश/ टाइमèलाइस(time slice) आवæयकहैवहगǓतशील
(dynamic) समयअंश/टाइमèलाइस(time slice) हैिजसकȧ गणनाकȧ जातीहैऔरउÍचǐरज़ॉãयूशन
टाइमर इस ͪवशेष समय èलाइस के साथ ĤोĒाम ͩकया जाता है।
अबĤͩĐयासीपीयू(CPU) मɅ ǓनçपाǑदतकरनेकेͧलएशुǾ होताहै।जबͩफरसेकोईबाधा/इंटरÜट
(interrupt) उ×पÛनहोतीहै, तोएकसंदभ[ िèवचहोगा, यǑदएकछोटेसेरनटाइमकेसाथएकऔर
काय[ है।तो, आपदेखतेहɇ ͩकइसͪवशेषĤͩĐयाकोिजसेयहांचलानेकेͧलएचुनागयाहै, वहचलती
रहेगी, जब तक ͩक कम रन टाइम (run time) के साथ कोई अÛय काय[ न हो।"
23,7,(èलाइडसमय का संदभ[ लɅ: 06:51),"अबͪवͧभÛनकाय[ समयɉ/रनटाइàस(run times) केसाथइसͪवͧभÛनकायɟ कोĤबंͬधतकरनेके
ͧलए, सीएफएसशेɬयूलर(CFS scheduler) जोशेɬयूलरɉ (schedulers) केͪवपरȣतहैजोहमनेअभी
तकदेखेहɇ, तैयारकतार/रेडीÈयू(ready queue) काउपयोगनहȣंकरतेहɇ; इसकेबजाय, यहएक‘लाल
कालेपेड़’/'रेडÞलैकĚȣ' (RB Tree) डेटासंरचना(data structure) काउपयोगकरताहै।तो, इस'रेड
ÞलैकĚȣ' या'आरबीĚȣ' (RB Tree) डेटासंरचनामɅ, पेड़मɅ Ĥ×येकनोड(node) कोएकचलनेयोÊय
काय[ केǾपमɅ दशा[याजाताहै।नोɬसकोउनकेआभासी/वचु[अल(virtual) रनटाइमकेअनुसार
अनुĐͧमत/åयविèथत ͩकया जाता है।
बाɃ ओरकेनोɬस(Nodes) कापेड़केदाɃ ओरनोɬस(Nodes) कȧ तुलनामɅ कमरनटाइमयाकम
‘वीरनटाइम’ (‘vruntime’) होताहै, याǓनͩकयǑदआपइनͪवशेषचीजɉ कोदेखतेहɇ, तोĤ×येकनोड
एककाय[ हैऔरĤ×येकनोडमɅ एकसंÉयाͧलखीहैजोउसͪवशेषकाय[ केͧलएवचु[अलरनटाइमहै।
तो, आपदेखतेहɇ ͩकबाɃ ओरǑदएगएĤ×येककाय[ मɅ दाɃ ओरकाय[ कȧ तुलनामɅ कमवचु[अल
(virtual) काय[ समय/रन टाइम होता है।
अब, इस'आरबीĚȣ' (RB Tree) कासबसेअͬधकबांयांनोडवहकाय[ हैिजसकासबसेकम‘वीरन
टाइम’ (‘vruntime’) यासबसेकमवचु[अल(virtual) रनटाइमहोताहै।इसͧलए, इसͪवशेषमामलेमɅ,
यहȣ वोͪवशेषनोडहैजोसबसेकमवचु[अलरनटाइमवालेकाय[ सेमेलखाताहै, इसͧलएशेɬयूलर
(scheduler) को यह काय[ अगले ͩĐयाÛवयन/रन के ͧलए चुनना चाǑहए।
इसकाय[ कोखोजनेकेͧलए, दोतरȣकेहɇ जोसंभवहɇ; एकयहहैͩकआपएकपेड़कोपारकरसकतेहɇ
औरबाएंकȧ तरफजासकतेहɇ जबतकआपएकपƣे/लȣफ(leaf) तकनहȣंपहुंचजाते, यादूसरȣ तरफ
हमसीधे‘ͧमनअंडरèकोरवीरनटाइम’ (‘min_vruntime’) कȧ तरहएकसूचक/पॉइंटर(pointer) ले
सकतेहɇ जोपेड़केसबसेबाएंनोडकोइंͬगतकरताहै।इसͧलए, जबभीशेɬयूलर(scheduler)कोएक
संदभ[ बदलाव/कॉÛटेÈèटिèवच(context switch) करनेकȧ आवæयकताहोतीहै, तोउसेकेवलयह
देखनेकȧ आवæयकताहोगीͩकͧमनवीरनटाइम(min vruntime) ǒबंदुकहाँǓनदȶशकररहाहैऔरइस
ͪवशेषकाय[ कोचुनलेताहै।यहसबसेèवाभाͪवकǾपसेसबसेकमयाǓनàनतमवचु[अल(virtual) रन
टाइम के साथ काय[ होगा।"
23,8,(èलाइडसमय का संदभ[ लɅ: 08:48),"तो, सबसेकम‘वी-रन-टाइम’/vruntime कȧ यहपसंदओ(1) (O(1)) मɅ ͩकयाजासकताहैऔरइसͧलए,
'आरबीĚȣ' (RB Tree) मɅ मौजूदĤͩĐयाओंकȧ संÉयासेèवतंğ है।इसͧलए, समयèलाइसकेअंतमɅ,
यǑदयहĤͩĐयाजोवत[मानमɅ ǓनçपाǑदतकररहȣ है, वहअभीभीचलनेयोÊयहैͩकयहआई/ओ(I/O)
परअवǽɮधनहȣंहैयायहबाहरनहȣंहुआहैतोइसनयेवचु[अलरनटाइम(virtual run time) कȧ
गणनासीपीयू(CPU) मɅ इसकेǓनçपाǑदतͩकयेगयेसमयपरकȧ गईहै।ͩफरइसेअपनेवचु[अलरन
टाइम(virtual run time) केअनुǾपपेड़मɅ वापसडालाजाताहै।इसͧलए, एकĤͩĐयाकोदूसरेशÞदɉ मɅ
पेड़केबाɃ ओरसेचुनाजाएगाÈयɉͩकइसमɅ सबसेकमवचु[अल(virtual) रनटाइमहोताहैऔरͩफर
यह सीपीयू (CPU) मɅ कुछ समय के ͧलए या कहɅ तो टȣ (t) ͧमलȣसेकंड के ͧलए ͩĐयािÛवत होती है।
औरइसकेसमयकेटुकड़ेकेअंतमɅ, इसकेवचु[अलरनटाइम(virtual run time) कोटȣ (t) मानɉ से
बढ़ायाजाएगा, औरइसेͩफरपेड़/Ěȣ (tree) मɅ डालाजाएगा।अबयहपेड़केबाɃ ओरनहȣंजायेगा,
लेͩकनइसेबीचमɅ दाɃ ओरकहȣंभीडालाजाएगा।इसĤकारवचु[अलरनटाइमवृɮͬधकेǾपमɅ, एक
ĤͩĐयाबाɃ तरफसेदाɃ ओरकोबढ़तीहै।यहसुǓनिæचतकरताहैͩकĤ×येकĤͩĐयाकोǓनçपाǑदत
होनेकाअवसरͧमलताहैÈयɉͩकयहसुǓनिæचतकरताहैͩकएकǒबंदुयादूसरेपर, Ĥ×येकĤͩĐयाका
इसͪवशेषपेड़मɅ Ûयूनतमवचु[अलरनटाइमहोनेवालाहैऔरइसͧलए, ǓनçपाǑदतͩकयाजाएगाइस
Ĥकार भुखमरȣ/èटारवेशन (starvation) से बचा जाता है।"
23,9,(èलाइडसमय का संदभ[ लɅ: 10:24),"तो, हम'रेडÞलैकĚȣ' Èयɉ चुनतेहɇ याअͬधकउͬचतǾपसे, ͧलनÈसकनȶल(Linux kernel) ने
सीएफएसशेɬयूलर(CFS scheduler) केͧलए'रेडÞलैकĚȣ' (Red Black tree) काचयनÈयɉ ͩकया?
तो, एकèपçटकारणयहहैͩक'आरबीĚȣ' (RB Tree) èवयंसंतुͧलतहै।इसͧलए, वृ¢ मɅ आ×मǓनभ[र
ĤकृǓतकȧ वजहसेपेड़मɅ कोईभीमाग[ ͩकसीमाग[ सेदोगुनालंबानहȣंहोगा, पेड़केèवयंसंतुलनके
èवभावकेकारण।इसकेकारण, सभी​संचालन​लॉगएन(log n) केĐममɅ हɉगे, इसĤकारपेड़सेकायɟ
को सिàमͧलत करना या हटाना बहुत कुशलता से ͩकया जा सकता है।"
23,10,(èलाइडसमय का संदभ[ लɅ: 10:55),"अबसीएफएसशेɬयूलर(CFS scheduler) मɅ Ĥाथͧमकताओं/ͪĤऑǐरटȣज़(priorities) कोकैसेलागू
ͩकयाजाताहै? इसͧलए, अǓनवाय[ Ǿपसे, सीएफएस(CFS) ͩकसीͪवशेषĤाथͧमकताआधाǐरत
कतारɉ/Ĥायोǐरटȣ बेèडÈयूज(priority based queues) काउपयोगनहȣंकरताहैजैसाͩकहमनेओ(1)
शेɬयूलरमɅ देखाहै, बिãकयहवचु[अल(virtual) रनटाइमकावजन/मापनकरनेकेͧलएĤाथͧमकताओं
का उपयोग करता है।
उदाहरणकेͧलए, यǑदकोईĤͩĐयाटȣ ͧमलȣसेकंड(t milliseconds) केͧलएचलतीहैतोĤͩĐयाके
नाइस‘nice’ मूãयकेआधारपरआभासीरनटाइमवजनमɅ टȣ (t) ɮवाराबढ़ायाजाताहै, अǓनवाय[ Ǿप
सेĤͩĐयाकȧ िèथरĤाथͧमकताकेआधारपर।इसͧलए, कमĤाथͧमकताकाता×पय[ हैͩकउÍच
Ĥाथͧमकताकाय[ कȧ तुलनामɅ समयतेजगǓतसेचलताहै।इसͧलए, अǓनवाय[ Ǿपसेहमजोकररहेहɇ
वहयहहैͩकहमउससमयकेͧलएएकवजनĤदानकररहेहɇ, जोउसकेǓनçपादनकासमयहै, यानी
हमउससमयकोतेजकररहेहɇ याउससमयकोकमकररहेहɇ िजसपरĤͩĐयाचलतीहै।इसͧलए,
इस वजन काउपयोगसीएफएसशेɬयूͧलंगएãगोǐरदम(CFS scheduling algorithm) मɅ
Ĥाथͧमकताओं (priorities) को लागू करने के ͧलए ͩकया जाता है।"
23,11,(èलाइडसमय का संदभ[ लɅ: 12:01),"इसकेबादहमदेखɅगेͩकसीएफएसशेɬयूलर(CFS scheduler) ‘आई/ओबाÚय’ (I/O bound) और
‘सीपीयूबाÚय’ (CPU bound) ĤͩĐयाकेबीचअंतरकैसेकरताहै।इसͧलए, अǓनवाय[ Ǿपसेयहअंतर
बहुतकुशलतासेͩकयाजाताहै।यहइसतØयपरआधाǐरतहैͩकआई/ओबाÚय(I/O bound)
ĤͩĐयाओंमɅ बहुतछोटासीपीयू(CPU) Ĥèफोटहोताहै, औरइसͧलएइसका‘वी-रन-टाइम’/vruntime
बहुतमह×वपूण[ तरȣकेसेनहȣंबढ़ताहै।इसकेपǐरणामèवǾप, यह'आरबीĚȣ' (RB Tree) केबाएंǑहèसे
मɅ अͬधकǑदखाईनहȣंदेताहै।इसͧलए, यहअÛयĤͩĐयाओंकȧ तुलनामɅ अͬधकबारǓनçपाǑदतहो
जाताहै।यहइसतØयकेकारणहैͩकजैसाͩकहमनेउãलेखͩकयाहै, जबसमयआगेबढ़ताहै,
सीएफएसशेɬयूलर(CFS scheduler) मɅ Ĥ×येकĤͩĐयाकोसबसेबाɃ ओरनोɬस(nodes) सेचुना
औरǓनçपाǑदतͩकयाजाताहैऔरͩफरइसेदाɃ ओररखाजाताहै; इसĤकार, सामाÛयǾपसेĤ×येक
ĤͩĐया, शेɬयूलर (scheduler) मɅ मौजूद 'आरबी Ěȣ' (RB Tree) के दाǑहने भाग कȧ ओर बढ़ती है।
अब, आई/ओबाÚय(I/O bound) ĤͩĐयाकेͧलए, चूंͩक‘वी-रन-टाइम’/vruntime अͬधकवृɮͬधनहȣं
करताहैयाबहुतछोटेमािज[नɮवाराबढ़ताहै, इसͧलएयहदाएंͩकनारेपरनहȣंजाताहै, बिãकयहअभी
भीपेड़के बाएंǑहèसेकȧ तरफरहताहै।इसĤकार, बहुतशीē, यहèवयंकोएकसबसेकम
‘वी-रन-टाइम’/vruntime वालȣ ĤͩĐयाकेǾपमɅ पातीहैऔरइसेसीपीयू(CPU) मɅ ͩफरसेǓनçपाǑदत
होनेकामौकाͧमलेगा।अबदूसरेĤभावकेǾपमɅ छोटे‘वी-रन-टाइम’/vruntime याआई/ओबाÚय
ĤͩĐयाओं(I/O bound processes) केछोटेवचु[अलरनटाइम(virtual run time) केकारण, इसे
सीपीयू(CPU) मɅ ǓनçपाǑदतकरनेकेͧलएएकबड़ासमयअंश/ टाइमèलाइस(time slice) Ǒदयाजाता
है।इसĤकारहमदेखतेहɇ ͩकआई/ओबाÚय(I/O bound) औरसीपीयूबाÚय(CPU bound) ĤͩĐयाएं
सीएफएस एãगोǐरदम (CFS algorithm) ɮवारा काफȧ èवाभाͪवक Ǿप से ͪवͧशçट हɇ।"
23,12,(èलाइडसमय का संदभ[ लɅ: 13:50),"जबकोईनईĤͩĐयाबनाईजातीहै, तोइसे'रेडÞलैकĚȣ' (Red Black tree) मɅ जोड़ाजाताहै।अबयह
min_vruntime केĤारंͧभकमानकेसाथशुǾ होताहै, इसͧलएपेड़केसबसेअͬधकबाɃ ओरनोडमɅ
रखाजाताहैऔरयहसुǓनिæचतकरताहैͩकयहबहुतजãदȣ ǓनçपाǑदतहोजाताहै।इसͧलए, जैसाͩक
यहǓनçपाǑदतकरताहैइसकाǓनçपादनसमयइसपरǓनभ[रकरताहैͩकयायहएकइंटरैिÈटवया
सीपीयूबाÚय(CPU bound) ĤͩĐयाहै, 'आरबीĚȣ' (RB Tree) केभीतरइसकȧ िèथǓतअलग-अलग
होगी।यहसीएफएसशेɬयूलर(CFS scheduler) केͧलएएकसंͯ¢Üतपǐरचयथा, जोͧलनÈसकनȶल
(Linux kernel) के मौजूदासंèकरणɉ मɅ ͫडफ़ॉãट/पूव[Ǔनयतशेɬयूलर(default scheduler) है।
धÛयवाद।"
24,0,,"ऑपरेǑटंग ͧसèटम (Operating System) का पǐरचय
Ĥोफेसर चेèटर रेबेरो
संगणक ͪव£ान और अͧभयांǒğकȧ ͪवभाग
भारतीय Ĥौɮयोͬगकȧ संèथान, मġास
सÜताह – 06
åयाÉयान – 23
अंतर ĤͩĐया संचार/इंटर Ĥोसेस कàयुǓनकेशन (Inter Process Communication)
इसवीͫडयोमɅ हमइंटरĤोसेसकàयुǓनकेशन(Inter Process Communication) देखɅगे।अǓनवाय[ Ǿप
से, जबहमबड़ेअनुĤयोगɉ (applications) कोͧलखतेहɇ तोअÈसरउÛहɅ अलग-अलगĤͩĐयाओं
(processes) केǾपमɅ ͧलखनाकाफȧ उपयोगीहोताहै।इसͧलएइनĤͩĐयाओं(processes) केबीच
एककुशलसंचारकरनेकेͧलए, चीजɉ कोकुशलतापूव[ककरनेकेͧलएहम‘अंतरĤͩĐयासंचार’/’इंटर
ĤोसेसकàयुǓनकेशन’ (‘Inter Process Communication’) काउपयोगकरतेहɇ।इसͪवशेषवीͫडयोमɅ,
हमआईपीसी(IPC) केसंͯ¢ÜतपǐरचयकोदेखɅगेजोइंटरĤोसेसकàयुǓनकेशन(Inter Process
Communication) है और हम इसके कुछ उदाहरण देखɅगे।"
24,1,(èलाइडसमय का संदभ[ लɅ: 00:50),"इसͧलएहमनेएकĤͩĐयाकेइस‘वचु[अलमेमोरȣ åयू’ (Virtual Memory View) कोदेखाथा।हमने
कहाͩकजबकोईĤͩĐयाǓनçपाǑदतहोतीहैतोयहवचु[अलपतɉ (virtual addresses) कोभेजतीहैजो
इस‘वचु[अलमेमोरȣ मैप’ (‘Virtual Memory Map’) मɅ मैप(map) कȧ जातीहɇ।औरहमनेदेखाथाͩक
एकएमएमयू(MMU) हैजोèमृǓत/मेमोरȣ (memory) मɅ संĒहȣत‘पृçठताͧलका’/पेजटेबल(page
table) काउपयोगकरताहैऔरइनआभासीपतɉ (virtual addresses) कोभौǓतकपतɉ (physical
addresses) मɅ पǐरवǓत[तकरताहै।अबहमनेयहभीदेखाहैͩकसीपीयू(CPU) मɅ ǓनçपाǑदतĤ×येक
ĤͩĐया मɅ यह èवयं का वचु[अल मेमोरȣ मैप (Virtual Memory Map) होगा।"
24,2,(èलाइडसमय का संदभ[ लɅ: 01:23),"वचु[अलमेमोरȣ मैप(Virtual Memory Map) काउपयोगकुछèतरकाअमूत[ता/अÞèĚÈशन
(abstraction) Ĥदानकरताहै।अǓनवाय[ Ǿपसे, ǓनçपादनĤͩĐया/एÈसेÈयूǑटंगĤोसेस(executing
process) कोकेवलइसकेआभासीपते(virtual addresses) कोजाननाऔरउसआभासीपते
(virtual addresses) केसाथहȣ होनाचाǑहए, यहकेवल‘वचु[अलमेमोरȣ मैप’ (Virtual Memory
Map) केउपयोगकता[ èथानतकपहुंचसकतीहै।हमनेदेखाथाͩकएमएमयू(MMU) ͩफरइसमैͪपंग
(mapping) कोइसीभौǓतकपते/ͩफिजकलऐĜेसेस(physical addresses) मɅ èथानांतǐरतकरताहै।
इसͧलए, ǓनçपादनĤͩĐयाके पासयहǓनधा[ǐरतकरनेकाकोईतरȣकानहȣंहोगाͩकइसकȧ
èमृǓत/मेमोरȣ (memory) पहुंचकेͧलएसंबंͬधतभौǓतकपता/ͩफिजकलऐĜेस(physical address)
Èयाहै।तोउदाहरणकेͧलए, यǑदआपअपनेĤोĒाममɅ एकपूणाɍक'i' घोͪषतकरतेहɇ तोआप'i' से
संबंͬधतआभासीपता/वचु[अलएĜेस(virtual address) कोͪĤंटकरसकतेहɇ उदाहरणकेͧलए, ‘printf
&i’ केसाथ।हालांͩक, आपकेͧलएयहǓनधा[ǐरतकरनासंभवनहȣंहैͩकउपयोगकता[ èपेसमɅ उसͪवशेष
चर/वेǐरएबल(variable) 'i' केͧलएसंबंͬधत‘भौǓतकपता’/’ͩफिजकलऐĜेस’ (physical address) Èया
है।दूसरȣ बातजोवचु[अलमेमोरȣ मैप(Virtual Memory Map) ĤदानकरताहैͩकǓनçपादनĤͩĐया
केवलअपनेवचु[अलमेमोरȣ मैप(Virtual Memory Map) तकपहुंचसकतीहै।यǑदइसकȧ अपनी
ताͧलकाकेसाथकोईअÛयĤͩĐयाहै, तो, अबउपयोगकता[ èथानमɅ ǓनçपादनĤͩĐयाकेͧलएअÛय
ĤͩĐया के कुछ भी Ǔनधा[ǐरत करने का कोई तरȣका नहȣं है।"
24,3,(èलाइडसमय का संदभ[ लɅ: 02:42),"इसͧलए, जबएकसंदभ[ बदलाव/कॉÛटेÈèटिèवच(context switch) होताहैऔरएकनईĤͩĐया
ǓनçपाǑदतहोतीहैतोयहदूसरȣ ĤͩĐयाहैिजसकाआभासीपतामानͬचğ/वचु[अलएĜेसमैप(virtual
address map) यावचु[अलमेमोरȣ मैप(Virtual Memory Map) हैिजसकाउपयोगतबͩकयाजाता
है।इसͧलएइसĤͩĐयाकेपासͩकसीअÛयĤͩĐयाकेवचु[अलएĜेसमैपǓनधा[ǐरतकरनेकाकोईतरȣका
नहȣंहै।तोइनदोèलाइडɉ सेǓनçकष[ Ǔनकालनेकȧ बातयहहैͩक, ͩकसीĤͩĐयाकेपासͩकसीअÛय
ĤͩĐयाकेबारेमɅ कोईजानकारȣ याकोईडेटाǓनधा[ǐरतकरनेकाकोईतरȣकानहȣंहै।तोयहǑदयागया
है, एक ĤͩĐया दूसǐर ĤͩĐया के साथ संवाद कैसे करता है?"
24,4,(èलाइडसमय का संदभ[ लɅ: 03:15),"इसͧलएऐसाकरनेकेͧलए, इंटरĤोसेसकàयुǓनकेशन(Inter Process Communication) केǾपमɅ
जानाजानेवालाएकतंğ है।अǓनवाय[ Ǿपसेआईपीसी(IPC) याइंटरĤोसेससंचारकेसाथ, दो
ĤͩĐयाएं(processes) èवयंकेबीचडेटाभेजनेऔरĤाÜतकरनेमɅ स¢महɉगी।आईपीसी(IPC) का
लाभयहहैͩकĤͩĐयाओं(processes) कोमॉɬयूलर(modular) केǾपमɅ वापसͩकयाजासकताहै।
इसͧलएअǓनवाय[ ǾपसेĤ×येकĤͩĐयाएककाय[ करनेकेͧलएहोतीहैऔरĤͩĐयाएं(processes)
आईपीसी (IPC) के माÚयम से एक-दूसरे के साथ संवाद कर सकती हɇ।
उदाहरणकेͧलए, मानलɅ ͩकहमारेपासडेटाअͬधĒहणĤणालȣ औरǓनयंğणĤणालȣ है।अǓनवाय[ Ǿप
सेहमएकĤͩĐयाͧलख​सकतेहɇ जोबाहरȣ दुǓनयासेडेटाĤाÜतकरताहै, जैसेतापमान, दबावयागǓत,
औरउसकेबादयहदूसरȣ ĤͩĐयामɅ एकğ कȧ गईजानकारȣ याडेटाभेजसकताहैजोतबडेटाका
ͪवæलेषणकरताहैऔरकुछͪवशेषमापदंडɉ/पैरामीटस[ (parameters) कोǓनधा[ǐरतकरताहै।तोइन
पैरामीटरकोतीसरȣ ĤͩĐयामɅ भेजाजासकताहैजोतबकुछबाहरȣ डेटाकोͩĐयािÛवतकरताहै,
उदाहरणकेͧलएयहवाãवखोलसकताहैयावाãवबंदकरसकताहैयाकमरेकेतापमानको
समायोिजतकरसकताहै, औरइसीतरह।इसĤकार, हमदेखतेहɇ ͩकहमअपनेएिÜलकेशन
(application) मɅ एक मॉɬयूलर संरचना ĤाÜत करने मɅ स¢म हɇ।
Ĥ×येकĤͩĐयाकाकाय[ केवलएकपहलूपरÚयानकɅ Ǒġतकरनेकेͧलएहै।ĤͩĐयाओं(processes) के
बीचसंचारकोअंतरĤͩĐयासंचार/इंटरĤोसेसकàयुǓनकेशन(Inter Process Communication)
ɮवाराहाͧसलͩकयाजाताहै।ĤǾपी/नमूने-केऑपरेǑटंगͧसèटममɅ तीनसामाÛयतरȣकेहɇ िजनमɅ
आईपीसी(IPC) लागूͩकएजातेहɇ।येसाझाèमृǓत/शेयड[ मेमोरȣ (Shared memory), संदेश
देना/मैसेजपाͧसंग(Message passing) औरसंकेतɉ/ͧसÊनलस(Signals) केमाÚयमसेहɇ।तोआइए
इन सभी चीजɉ को देखɅ।"
24,5,(èलाइडसमय का संदभ[ लɅ: 05:00),"तो, साझाèमृǓत/शेयड[ मेमोरȣ (Shared memory) केसाथहमारेपासएकĤͩĐया/Ĥोसेस(process) है
जोरैम(RAM) मɅ एक¢ेğ बनातीहैिजसेतबͩकसीअÛयĤͩĐयाɮवाराउपयोगͩकयाजाताहै।
इसͧलएअǓनवाय[ Ǿपसे, ĤͩĐया1 औरĤͩĐया2 केबीचसंचारइसͪवशेषसाझाèमृǓत/शेयड[ मेमोरȣ
(Shared memory) के माÚयमसेहोरहाहै।दोनɉ ĤͩĐयाएं(processes) Ǔनयͧमतकामकाजी
èमृǓत/रेगुलरवͩकɍ गमेमोरȣ (regular working memory) कȧ तरहसाझाèमृǓत/शेयड[ मेमोरȣ (Shared
memory) तकपहुंचसकतीहɇ, ताͩकवेयातोइसͪवशेषसाझाèमृǓत/शेयड[ मेमोरȣ (Shared
memory) कोएक-दूसरेसेèवतंğ होकरपढ़याͧलखसकɅ ।इसकालाभयहहैͩकसंचारबेहदतेज़है,
इसमɅ कोईͧसèटमकॉलस(system calls) शाͧमलनहȣंहɇ।और, केवलआवæयकतायहहैͩकआपयहां
एकसरणी/ऐरे(array) पǐरभाͪषतकरसकतेहɇ औरͩफरसरणी/ऐरे(array) को‘साझाèमृǓत’/’शेयड[
मेमोरȣ’ (Shared memory) मɅ भर सकते हɇ िजसे बाद मɅ अÛय ĤͩĐया ɮवारा पढ़ा जा सकता है।
साझाèमृǓत/शेयड[ मेमोरȣ (Shared memory) Ǻिçटकोणकȧ सीमायहहैͩकयहğुǑटकेͧलए
अ×यͬधकĤवण/उÛमुखहै; इसके ͧलएदोĤͩĐयाओं(processes) कोसमकाͧलक/ͧसंĐनाइज़
(synchronized) करनेकȧ आवæयकताहै।इसͧलए, हमͧलनÈस(Linux) मɅ साझाèमृǓत/शेयड[ मेमोरȣ
(Shared memory) को कैसे काया[िÛवत ͩकया जाता है इसका एक छोटा सा उदाहरण लɅगे।"
24,6,(èलाइडसमय का संदभ[ लɅ: 06:05),"इसͧलएअǓनवाय[ Ǿपसे, ͧलनÈसऑपरेǑटंगͧसèटम(Linux Operating System) मɅ साझा
èमृǓत/शेयड[ मेमोरȣ (Shared memory) मɅ, हमारेपासतीनͧसèटमकॉल(system calls) हɇ िजनका
उपयोगͩकयाजाताहै।सबसेपहले‘shmget’ या‘shared memory get’, जोतीनपैरामीटरलेतीहै;
एककुंजी(key), आकार(size), औरझंडे(flags)।तोयहͧसèटमकॉलएकसाझामेमोरȣ खंड/शेयड[
मेमोरȣ सेगमɅट(shared memory segment) बनाताहै।यहएकसेगमɅटकȧ आईडी(ID)
ǐरटन[/वापस-देताहैजोͩक- 'shmid' - सेगमɅटकȧ साझामेमोरȣ आईडी(ID) है।तोपैरामीटरकुंजी
(key) उससाझामेमोरȣ सेगमɅटकेͧलएएकअɮͪवतीयपहचानकता[ (unique identifier) है, जबͩक
आकार(size) साझाèमृǓतकाआकारहै।तोयहआमतौरपरपेजआकारतकबढ़ताहैजोͩक4
ͩकलोबाइट(kilobytes) है।तो, इसĤकारएकͪवशेषĤͩĐयामɅ एकसाझाèमृǓत(shared memory)
बनाई जाती है।
अबएकअÛयĤͩĐयाइससाझामेमोरȣ कोइसͪवशेषͧसèटमकॉल(system call) ɮवारासंलÊनकर
सकतीहैजोͩकसाझामेमोरȣ अटैच(shared memory attach) - ‘shmat’ है।इसͧलए, इसͪवशेष
कॉलकोसाझाèमृǓत/शेयड[ मेमोरȣ (shared memory) कȧ आईडी(ID), औरपता/एĜेस(address),
औरझंडे/ÝलैÊस(flags) कȧ आवæयकताहोतीहै।इसͧलए, अǓनवाय[ Ǿपसेͧसèटमकॉल(system
call) साझाèमृǓत/शेयड[ मेमोरȣ (shared memory) कोकॉͧलंगĤͩĐयाकेपताèथान(address
space) परसंलÊनकरेगा।पता/एĜेस(address) साझाèमृǓतपताèथानकेͧलएएकसूचकहै।तोहम
एकउदाहरणकेमाÚयमसेइसेऔरअͬधकसमझɅगे।साझामेमोरȣ अटैच(attach) केͪवपरȣतसाझा
मेमोरȣ ͫडटेच(detach) हैजहांएकĤͩĐयासाझाèमृǓत/शेयड[ मेमोरȣ (shared memory) कोअलग
करसकतीहै, यहउपयोगकता[ èथानहै।इसͧलए, ͫडटेचͧसèटमकॉल(system call) साझामेमोरȣ
आईडी (ID) लेता है।"
24,7,(èलाइडसमय का संदभ[ लɅ: 07:40),"आइएदेखतेहɇ, इसउदाहरणकेसाथसाझाèमृǓत/शेयड[ मेमोरȣ (Shared Memory) काएकउदाहरण।
तो, आइएहमकहɅ ͩकहमनेसव[रडॉटसी(server.c) नामकइसͪवशेषकाय[Đमकोͧलखाहैऔरहम
इसमɅ एकसाझाèमृǓत/शेयड[ मेमोरȣ (Shared Memory) बनातेहɇ।इसͧलएहम5678 नामकएक
कुंजीकोपǐरभाͪषतकरतेहɇ, यहकुंजीकेͧलएकुछमनमानामूãयहै, लेͩकनआवæयकतायहहैͩकइस
कुंजीकोसाझाèमृǓत/शेयड[ मेमोरȣ (Shared Memory) कोͪवͧशçटǾपसेपहचाननाचाǑहए।तोहम
इसफंÈशन‘shmget’ कोआéवानकरनेकेͧलएइसकुंजीकाउपयोगकरसकतेहɇ, हमइसेकुंजीपास
करतेहɇ, हमइसे‘shm’ आकारपासकरतेहɇ, िजसे‘shm’ आकारकोसाझाèमृǓत/शेयड[ मेमोरȣ
(Shared Memory) केआकारकेǾपमɅ पǐरभाͪषतͩकयागयाहैिजसेहमबनानाचाहतेहɇ।ÚयानदɅ
ͩक; यहआकारहालांͩकहमनेकेवल27 बाइɪसकेǾपमɅ ǓनǑद[çटͩकयाहै, हमएकपृçठतक
ͪवèताǐरत हो जाएंगे, याǓन कȧ हम इसके अनुǾप 4 ͩकलोबाइट का एक पृçठ तैयार करɅगे।
तीसरापैरामीटर(parameter) अनुमǓतहै, िजसेहमइसे‘IPC_CREAT’ केǾपमɅ देखतेहɇ ͩकहमइस
ͪवशेषसाझाèमृǓत/शेयड[ मेमोरȣ (Shared Memory) कोबनारहेहɇ औरयेअनुमǓतयांहɇ: अनुमǓतयां
पढ़Ʌ, ͧलखɅ, ǓनçपाǑदतकरɅ।औरǓनिæचतǾपसे, यǑदयहफ़ंÈशन(functions) ͪवफलरहताहैतोयह
यहांपरĤवेशकरताहैऔरबाहरǓनकलताहै।अÛयथा, यǑदयहसफलतापूव[कǓनçपाǑदतकरताहैतो
हमɅ वैध साझा मेमोरȣ आईडी (ID) ͧमलती है।
अगलाभागसाझाèमृǓतसंलÊनककोआमंǒğतकरनाहै- shmat इसͪवशेषआईडीकोĤदानकरेगा
औरहमɅ इसͪवशेषसाझामेमोरȣ केͧलएएकसूचक/पॉइंटर(pointer) ͧमलेगा।तो, shm याǓनchar
star shm हैयहसाझाèमृǓतकेͧलएएकसूचक/पॉइंटर(pointer) है।अबसाझाèमृǓतअनुलÊनक
(shared memory attach) इस ͪवशेष साझा èमृǓत मɅ एक सूचक/पॉइंटर (pointer) लौटाएगा।
अबयǑदयह‘माइनस1’ (-1) लौटाताहैतोयहएकğुǑटकेकारणहोताहैऔरहमबाहरǓनकलरहेहɇ।
अबइसͪवशेषǒबंदुपरहमनेसाझाèमृǓतमɅ एकपॉइंटरĤाÜतͩकयाहैऔरहमउसͪवशेष
सूचक/पॉइंटर(pointer) केǾपमɅ एकमानकसूचक/पॉइंटर(pointer) केǾपमɅ उपयोगकरसकतेहɇ
जैसाͩकहमएकसीĤोĒाममɅ उपयोगकरतेहɇ।तोउदाहरणकेͧलए, यहांपरहमनेसूचक/पॉइंटर
(pointer) कोइसवैǐरएबल(variable) s तकलेजायाहैिजसेchar star s केǾपमɅ पǐरभाͪषतͩकया
गयाहैऔरहमनेइसचीज़मɅ वण[मालाको- a सेz मɅ रखाहै।औरआͨखरकार, हमनेइसेएकnull
termination केसाथसमाÜतकरǑदयाहैऔरͩफरहमलगातारएकͪवĮामलूपमɅ जारहेहɇ, इसͧलए
हम बाद मɅ इन दो बयानɉ पर वापस आ जाएंगे।
अब, आइएइसकोडकेÈलाइंटसाइड(client side) कोदेखɅ।इसͧलएहमइसshmget कोआéवान
करतेहɇ औरइसेएककुंजीदेतेहɇ, यहकुंजी5678 है, साझाèमृǓतआकार27 पहलेवालȣ हैऔरहम
अनुमǓतयांĤदानकररहेहɇ।ÚयानदɅ ͩकहमɅ यहांCREAT देनेकȧ आवæयकतानहȣंहैÈयɉͩकसाझा
èमृǓत¢ेğ पहलेसेहȣ बनायागयाहै।ͩफरहमइसͪवशेषसाझामेमोरȣ सेगमɅटसेपहलेकेǾपमɅ
संलÊनहोतेहɇ, हमफ़ंÈशनशेयड[ मेमोरȣ अटैच(shared memory attach) - ‘shmat’ काआéवान
करतेहɇ औरहमइसेशेयड[ मेमोरȣ आईडी(shared memory ID) पासकरतेहɇ।ͩफरहमɅ एकपॉइंटर
(pointer) ‘shm’ ͧमलता है जो इस साझा èमृǓत èथान के ͧलए एक सूचक/पॉइंटर (pointer) है।
इसͧलए, अǓनवाय[ Ǿपसेसव[रऔरÈलाइंटदोनɉ हȣ एकहȣ भौǓतकèमृǓतपेज(page) कोइंͬगतकर
रहेहɇ।अबहमवाèतवमɅ इसͪवशेषसाझामेमोरȣ ¢ेğ सेडेटापढ़सकतेहɇ।तोयादरखɅ ͩकसव[रनेa से
z तकमानǑदयाहैयाǓनकȧ a b c d सेz तक, जबͩकइसमामलेमɅ हममानकोइसͪवशेषपॉइंटर
(pointer) s मɅ a सेz तकपढ़सकतेहɇ औरèĐȧनमɅ इसेͪĤंटकरसकतेहɇ।तोएकबारजबहमने
साझाèमृǓतसेसभीडेटापढ़नापूराकरͧलयाहैतोहमनेइसèटार(*) कोसाझाèमृǓतèथानमɅ रखाहै।
यह साझा èमृǓत मɅ पहला èथान है।
अबयादरखɅ ͩकसव[रपरयहांहमनेwhile लूपलगायाहैजोलगातारलूपकरताहैजबतकͩकसाझा
èमृǓतमɅ इंͬगतपहलापैरामीटर(parameter) एकèटार(*) नहो।तोजबहमएकèटार(*) ĤाÜतकरते
हɇ तोइसकामतलबहैͩकÈलाइंट(client) नेसभीडेटापढ़नापूराकरͧलयाहैऔरइसͧलएसव[र
(server) बाहरǓनकलसकताहै।इसीतरहसेÈलाइंट(client) भीबाहरǓनकलसकताहै।तो, आप
देखते हɇ ͩक हमारे पास दो ĤͩĐयाएं (processes) हɇ; एक सव[र (server) है, एक Èलाइंट (client) है।
औरइनदोĤͩĐयाओं(processes) मɅ अपनाèवयंकावचु[अलएĜेसèपेस(virtual address space)
है, लेͩकनसाझाकȧ गईमेमोरȣ ɮवाराबनाईगईइसशेयड[ मेमोरȣ गेट(shared memory get) और
शेयड[ मेमोरȣ अटेच(shared memory attach) केउपयोगसेसाझाͩकयागयाहै, हमएकसाझा
मेमोरȣ ¢ेğ बनानेमɅ स¢महɇ जोसव[रऔरÈलाइंटकेबीचआमहै।ͩफरहमनेउसͪवशेषसाझामेमोरȣ
¢ेğ केͧलएएकपॉइंटर(pointer) ĤाÜतͩकयाहैजोͩक‘s on shm’ हैऔरसव[रडेटाकोसाझामेमोरȣ
¢ेğ मɅ रख सकता है, जबͩक Èलाइंट डेटा पढ़ कर सकता है, उपरोÈत का उãटा भी संभव है।
औरइसकेअंतमɅ हमɅ यहÚयानरखनाहोगाͩकसव[र(server) औरÈलाइंट(client) केबीचएक
ͧसंĐनाइज़ेशन (synchronization) आवæयक है। तो यह समकालȣनता/ͧसंĐनाइज़ेशन
(synchronization) कȧ आवæयकताèपçटǾपसेइसͪवशेषसव[रÈलाइंटमॉɬयूलमɅ ĤोĒामहोना
चाǑहए।"
24,8,(èलाइडसमय का संदभ[ लɅ: 12:54),"इसकेबाद, हमसंदेशभेजना/मैसेजपाͧसंग(Message Passing) देखɅगे।साझाèमृǓत(shared
memory) केͪवपरȣतजैसाहमनेअभीदेखाहैजहांͩकसाझाèथानकोउपयोगकता[ èथानकेǑहèसेके
ǾपमɅ बनायागयाहै, साझासंदेशकोपासकरनेवालेसंदेशमɅ कनȶल(kernel) मɅ बनायागयाहै।
अǓनवाय[ ǾपसेहमɅ दोĤͩĐयाओं(processes) केबीचसंवादकरनेकेͧलएͧसèटमकॉल(system
call) कȧ आवæयकताहोतीहैजैसेभेजनाऔरĤाÜतकरना।यǑदकोईĤͩĐया2 ĤͩĐया1 कोसंसाͬधत
करनेकेͧलएडेटाभेजनाचाहताहै, तोयहĤेषणsend ‘Ĥणालȣ कॉल’/(‘system call’) काआéवान
करेगा।तोयहकनȶल(kernel) कोǓनçपाǑदत(execute) करनेकाकारणबनताहैऔरइसके
पǐरणामèवǾपडेटासाझाèमृǓतमɅ वापसआजाएगा।हालांͩक, जबĤͩĐया1 आवेषणĤाÜतहोताहै,
तो साझा èमृǓत से डेटा को ĤͩĐया 1 ɮवारा पढ़ा जाएगा।
इसͪवशेषसंदेशकोपासकरनेकालाभयहहैͩकसाझाकरणèपçटहै।अǓनवाय[ Ǿपसेदोनɉ ĤͩĐया1
औरĤͩĐया2 कोकनȶलकेͧलएएकदूसरेकेबीचडेटाèथानांतǐरतकरनेकेͧलएसमथ[नकȧ
आवæयकताहोगी।सीमाएंयहहैͩकयहधीमाहै, भेजनेयाĤाÜतकरनेकेͧलएĤ×येककॉलमɅ
जानकारȣ केĐम-बंधन/माश[ͧलंग(marshalling) याĐम-मुÈत/डेमशशͧलंग(demarshalling) शाͧमल
हɇ।औरजैसाͩकहमसामाÛयǾपसेजानतेहɇ, एकͧसèटमकॉल(system call) मɅ मह×वपूण[
ऊपरȣ-काय[ होतेहɇ।इसͧलए, साझाèमृǓतकȧ तुलनामɅ संदेशभेजना/मैसेजपाͧसंग(Message
Passing) काफȧ धीमीहै।हालांͩक, यहकमğुǑटĤवणहैइसͧलएसाझाèमृǓतÈयɉͩककनȶल
साझाकरणकाĤबंधनकरताहै, औरइसͧलएĤͩĐया1 औरĤͩĐया2 केबीचͧसंĐनाइज़ेशनकरनेमɅ
स¢म होगा।"
24,9,(èलाइडसमय का संदभ[ लɅ: 14:27),"संदेशभेजना/मैसेजपाͧसंग(Message Passing) काएकऔरबहुतआमएिÜलकेशनपाइÜस(Pipes)
काउपयोगहै।अबकेवलमाता-ͪपता/पैरɅट(parent) औरबाल/चाइãड(child) ĤͩĐयाओं(processes)
केबीचपाइपकाउपयोगͩकयाजाताहै।अǓनवाय[ Ǿपसे, आपकेवलमाता-ͪपता/पैरɅट(parent) ĤͩĐया
सेबाल(child) ĤͩĐयातकडेटा(data) संवादकरसकतेहɇ औरͪवपरȣतǾपसेभी।पाइप(pipes) का
एकऔरपहलूयहहैͩकयहएक-Ǒदशा×मक/यूǓनडायरेÈशनल(unidirectional) है।अबजबएकपाइप
(pipe) बनायाजाताहैतोआमतौरपरदोफाइलͫडिèĐÜटर(file descriptors) होतेहɇ जोएफडी[0]
(fd [0]) सेजुड़ेहोतेहɇ िजसकाउपयोगपाइपसेपढ़नेकेͧलएͩकयाजाताहै, जबͩकएफडी[1] (fd [1])
पाइपकोͧलखनेके ͧलएĤयोगͩकयाजाताहै।इसͧलएहमइसͪवशेषआईपीसी(IPC) कȧ
एक-Ǒदशा×मक/यूǓनडायरेÈशनल(unidirectional) ĤकृǓतकोजानतेहɇ।तो, एफडी[1] (fd [1]) ͪवशेष
ǾपसेपाइपबफरकोͧलखनेकेͧलएĤयोगͩकयाजाताहै, जबͩकएफडी[0] (fd [0]) पाइपबफर(pipe
buffer) से पढ़ने के ͧलए Ĥयोग ͩकया जाता है।"
24,10,(èलाइडसमय का संदभ[ लɅ: 15:14),"तोमाता-ͪपता/पैरɅट(parent) औरबाल/चाइãड(child) केबीचɮͪवमागȸ/दोतरफासंचारĤाÜतकरनेके
ͧलए, हमɅ दोपाइपĤाÜतकरनेकȧ आवæयकताहोगी; पाइप0 औरपाइप1।तो, जबपाइप0 खोला
जाताहैतोयहदोफ़ाइलͫडिèĐÜटरस(file descriptors) बनाएगा; एकपाइप0 पढ़नेकेͧलएऔर
दूसरेकोपाइप0 सेͧलखनेकेͧलए।इसीतरह, पाइप1 कोͧलखनेऔरपाइपसेपढ़नेकेͧलएदोफाइल
ͫडिèĐÜटर(file descriptors) हɇ।इसीĤकारचाइãडĤोसेस(child prodess) मɅ पाइपकेͧलएदोजोड़ी
फाइल ͫडिèĐÜटरस (file descriptors) हɇ।
अबआपÚयानदɅ ͩकइनअǓतǐरÈतवण[नकता[ओं/ͫडिèĐÜटस[ (descriptors) कȧ आवæयकतानहȣंहै,
इसͧलएहमइसतरहकुछĤाÜतकरनेके ͧलएवाèतवमɅ अǓतǐरÈतफ़ाइलͫडिèĐÜटस[ (file
descriptors) कोबंदकरसकतेहɇ।अबजबपैरɅट(parent) चाइãड(child) कोकुछजानकारȣ भेजताहै,
तोपैरɅट(parent) पाइप0 परͧलखेगाजबͩकचाइãड(child) पाइप0 सेपढ़ेगा।इसकेͧलएचाइãड
(child) पैरɅट(parent) कोकुछजानकारȣ भेजताहै, चाइãड(child) पाइप1 परͧलखेगापैरɅट(parent)
पाइप 1 से पढ़ेगा।"
24,11,(èलाइडसमय का संदभ[ लɅ: 16:23),"तोआइएउपयोगकता[ पाइपकाएकउदाहरणदेखɅ।तोयहͩफरसेएकमानकͧलनÈस(Linux)
उदाहरणहैऔरजैसाͩकहमनेकहाहै, इसͧलएहमपैरɅट(parent) औरचाइãड(child) ĤͩĐयाबनातेहɇ
ताͩकपैरɅट(parent) सेचाइãड(child) कोएकएक-Ǒदशा×मकसंचारहो।तोआइएहमइसͪवशेषचीज़
कोदेखɅ।सबसेपहलेहमपाइप(pipe) नामकइसͪवशेषͧसèटमकॉल(system call) काआéवान
करतेहɇ औरइसेयहपाइपएफडी(pipefd) देतेहɇ।तोपाइपएफडी(pipefd) कोयहांपरपǐरभाͪषतͩकया
गयाहैऔरदोत×वलेताहɇ औरͩफरहम‘फोक[ ’/fork नामकĤणालȣ काआéवानकरताहै।इसͧलए
हमनेफोक[ ͧसèटमकॉल(system call) काअÚययनͩकयाहैजोएकचाइãड(child) ĤͩĐयातैयार
करेगीजोमूलĤͩĐयाकासटȣकडुिÜलकेटहै।तोमाता-ͪपताकȧ ĤͩĐयामɅ एकpid कामूãयजोͩक
फोक[ ɮवाराǐरटन[ कामूãयहै, वहचाइãड(child) काpid वैãयूहै, औरयहएकमानहैजो0 सेबड़ाहै।
दूसरȣ तरफ चाइãड (child) कȧ ĤͩĐया मɅ फोक[ (fork) ɮवारा मूãय वापसी 0 है।
तो, देखतेहɇ ͩकपहलेचाइãड(child) कȧ ĤͩĐयामɅ Èयाहोताहै।तोबÍचेकȧ ĤͩĐयामɅ Èयɉͩक
ͪपड(pid) वैãयू0 है, तोयहयहांआजाएगाऔरपहलȣ बातयहहैͩकहमÈयाकरतेहɇ, हमपाइपएफडी
[0] (pipefd [0]) बंदकरतेहɇ।तो, बंदपाइपफ़ेड[0] (pipefd [0]) कामतलबयहहोगाͩकहमचाइãड
(child) कोपढ़ने/रȣड(read) वालȣ पाइपबंदकररहेहɇ, ऐसाइसͧलएहैͩकहमयहांपाइप0 केअनुǾप
दोपाइपकȧ तरहहɇ औरहमनेकेवलएकपाइपकोबंदकरǑदयाहैजबͩकपाइप1 जोसहȣ फ़ाइल
वण[नकता[/फ़ाइलͫडिèĐÜटर(file descriptor) हैअभीभीखुलाहै।अबदेखतेहɇ ͩकचाइãड(child) कȧ
ĤͩĐयामɅ Èयाहोताहै, चाइãड(child) कȧ ĤͩĐयामɅ फोक[ (fork) ɮवारालौटाईगईpid कामान0 होता
है, इसͧलए इसके पǐरणामèवǾप इस ͪवशेष कोड को ǓनçपाǑदत ͩकया जाएगा।
तोपहलेइसकोडमɅ, हमपहलेपाइपएफडी[0] (pipefd [0]) बंदकररहेहɇ।तोइसकामतलबहैͩक
पढ़नेकȧ पाइप/रȣडपाइप(read pipe) सेसंबंͬधतफाइलͫडिèĐÜटर(file descriptor) बंदहै।दूसरा,
हमͩफरफाइलͫडिèĐÜटर(file descriptor) 1 केअनुǾप‘fdopen’ नामकदूसरȣ फ़ाइलखोलरहेहɇ
औरइसेͧलखने/राइट(write) केतरȣकेमɅ खोलागयाहैऔरहमͩफरfprintf out “Hello world” का
उपयोगकरसकतेहɇ।तोअǓनवाय[ ǾपसेहमपाइपकेसाथÈयाकररहेहɇ इसकेवण[नकता[/ͫडिèĐÜटर
(descriptor) 1 केसाथहम""हैलोवãड["" (“Hello world”) ͧलखरहेहɇ।तोयǑदआपइसͪवशेषचीज़पर
वापसजातेहɇ, तोहमजोदेखरहेहɇ वहयहहैͩकहमइसपाइप1 मɅ ""हैलोवãड["" (“Hello world”) ͧलख
रहे हɇ।
अबपैरɅट(parent) ĤͩĐयामɅ, जोयहांपरǓनçपाǑदतहोगाÈयɉͩकfork उसमूãयकेसाथवापसआ
जाएगाजो0 सेअͬधकहै, इसͧलएहमͧलखनेकȧ पाइपबंदकररहेहɇ औरfdopen, काउपयोगकररȣड
पाइप(read pipe) खोलरहेहɇ।इसͧलएहमपाइपमɅ जोकुछभीधकेलचुकेहɇ उसेपढ़नेकेͧलएfscanf
काउपयोगकररहेहɇ, इसमामलेमɅ यह""हैलोवãड["" (“hello world”) हैऔरइसेèĐȧनपरͪĤंटकररहा
है।
इसͧलए, अǓनवाय[ ǾपसेहमनेĤोĒाममɅ जोकाया[िÛवतͩकयाहैवहयहǓनचलाǑहèसाहै।तोचाइãड
(child) इसपाइपकोͧलखनेकेतरȣकेमɅ खोलताहैऔरइसपाइपमɅ ""हैलोवãड["" (“hello world”)
डालताहै, जबͩकपैरɅट(parent) पठन/रȣडतरȣके(read mode) मɅ पाइप1 खोलताहैऔरपाइपसे
िèĚंग""हैलोवãड["" (“hello world”) पढ़ताहै।इसĤकार, िèĚंग""हैलोवãड["" (“hello world”) कोचाइãड
(child) सेपैरɅट(parent) मɅ èथानांतǐरतकरǑदयागयाहै।तोआपवाèतवमɅ इसͪवशेषकाय[Đमको
लागू करने और ͧलनÈस (Linux) ͧसèटम मɅ ǓनçपाǑदत करने का Ĥयास कर सकते हɇ।
(èलाइडसमय का संदभ[ लɅ: 19: 58)
इसकेअलावा, मैसेजपाͧसंग(message passing), साझाèमृǓत(shared memory) औरपाइप
(pipe) िजÛहɅ हमनेअभीतकपढ़ाहै।अंतरĤͩĐयासंचार/इंटरĤोसेसकàयुǓनकेशन(Inter Process
Communication) काएकतीसरातरȣकाͧसÊनल(Signals) केǾपमɅ जानाजाताहै।तो, ͧसÊनल
(Signals) ĤͩĐयाओं (processes) के बीच असमकाͧलक (asynchronous) एक-Ǒदशा×मक
/यूǓनडायरेÈशनल(unidirectional) संचारहɇ।ऑपरेǑटंगͧसèटमकुछपूव[Ǔनधा[ǐरतसंकेतɉ को
पǐरभाͪषतकरताहैऔरइनसंकेतɉ कोऑपरेǑटंगͧसèटमसेĤͩĐयामɅ याएकĤͩĐयाकेबीचदूसरेमɅ
भेजाजासकताहै।ͧसÊनलअǓनवाय[ Ǿपसेछोटेपूणाɍकहोतेहɇ, उदाहरणकेͧलएआपइनमɅ सेĤ×येक
पूणाɍक/इंटȣजरकापूव[Ǔनधा[ǐरतअथ[ होगा।उदाहरणकेͧलए, 9 कामतलबएकĤͩĐयाकोमारनाहोगा,
जबͩक 11 का मतलब ͪवभाजन दोष/सेगमɅटेशन (segmentation fault) होगा और भी इसी तरह।
इसͧलएĤͩĐयाकोसंकेतभेजनेकेͧलएहमउदाहरणकेͧलएkill हैइसेइसpid परभेजसकतेहɇ और
हमयहͪवशेषͧसÊनलनंबरभेजसकतेहɇ जोएकपूणाɍकहै।ताͩकĤͩĐयाउसͧसÊनलकोसंभालसके,
यहͧसÊनल(signal) नामकइसͪवशेषफ़ंÈशनकोपǐरभाͪषतकरताहै, जोͧसÊनलनंबर(signal
number) लेताहैउदाहरणकेͧलए9 या11 औरͩफरहɇडलर(handler)।तो, हɇडलर(handler) उस
ͪवशेषसंÉयाकेͧलएͧसÊनलहɇडलरकेͧलएएकसूचक/पॉइंटर(pointer) है।इसͧलएनतीजतनहम
एकĤͩĐयासेदूसरेसेͧसÊनलभेजसकतेहɇ औरͧसÊनलकेĤकारकेआधारपरसंबंͬधतहɇडलर
(handler) ǓनçपाǑदत ͩकया जाएगा।
इसवीͫडयोमɅ हमनेआईपीसी(IPC) केͧलएएकसंͯ¢Üतपǐरचयदेखाथा।अǓनवाय[ Ǿपसे, हमने
ͪवͧभÛनĤकारके आईपीसी(IPC) कȧ तरह, संदेशगुजरने(message passing), साझाèमृǓत
(shared memory), पाइप(pipes) औरͧसÊनलकाउपयोगकरकेअसमकालȣनèथानाÛतरणदेखा
था।ĤͩĐयाओं(processes) केबीचसंवादकरनेकेͧलएइनआईपीसी(IPC) काåयापकǾपसे
ͧसèटम(system) मɅ उपयोगͩकयाजाताहै।औरइसͧलए, हमउनअनुĤयोगɉ (applications) को
हाͧसलकरनेयाबनानेमɅ स¢महɇ जोछोटेकाय[Đमɉ केसाथबेहदमॉɬयूलर(modular) हɇ, Ĥ×येक
काय[Đम/ĤोĒाम पूरे ͧसèटम मɅ केवल एक Ǔनिæचत पहलू पर Úयान कɅ Ǒġत करता है।
धÛयवाद।"
25,0,,"ऑपरेǑटंग ͧसèटम (Operating System) का पǐरचय
Ĥोफेसर चेèटर रेबेरो
संगणक ͪव£ान और अͧभयांǒğकȧ ͪवभाग
भारतीय Ĥौɮयोͬगकȧ संèथान, मġास
सÜताह – 06
åयाÉयान – 24
समकालȣनता /​ͧसंĐनाइज़ेशन (​Synchronization)
नमèकार।
आͨखरȣ ​वीͫडयो​मɅ ​हमने​आईपीसी (IPC) ​या​इंटर Ĥोसेस कàयुǓनकेशन (Inter Process
Communication) ​देखा​था।​इसͧलए​हमने​देखा​था​ͩक​आईपीसी(IPC) के​कारण​हम​कई​ĤͩĐयाओं
(modularity)
कोͧमलाकर​अनुĤयोग/एÜलȣकेशन​बना​सकते​हɇ ​और​हम​मॉɬयूलǐरटȣ ​हाͧसल​कर​सकते
, ,
हɇ।​और​मॉɬयूलर(modular) ​ĤͩĐयाओं​के​पǐरणामèवǾप ​Ĥ×येक​ĤͩĐया​एक​ͪवͧशçट​काय[ ​कर​रहȣ ​है
हम​अनुĤयोगɉ/एÜलȣकेशन​को​समझने​मɅ ​बहुत​हȣ ​कुशल​और​आसान​हो​सकते​हɇ।​इस​मॉɬयूलर
(modular) Ǻिçटकोण​और​आईपीसी (IPC) के ​उपयोग​होने​का​एक​पǐरणाम​ͧसंĐनाइज़ेशन
(synchronization)कȧ ​आवæयकता​है।​इस​वीͫडयो​मɅ ​हम​देखɅगे​ͩक​ͧसंĐनाइज़ेशन(synchronization)
,
Èया​है​और​ͧसंĐनाइज़ेशन(synchronization)के​अनुǾप​कौन​से​मुɮदे​हɇ ​और​इसे​कैसे​हल​ͩकया​जा
सकता ​है
?
: 01:03)
(​èलाइडसमय ​का ​संदभ[ ​लɅ
आइए​बताएं​ͩक​इस​Ĥेरक​पǐरǺæय​के​साथ​ͧसंĐनाइज़ेशन(synchronization) ​Èया​है।​आइए​हम​कहते​हɇ
ͩक​हमारे​पास​दो​काय[Đम​हɇ
;
​ĤोĒाम0 ​और​ĤोĒाम1, ​और​एक​साझा​चर/शेयड[ वेǐरएबल(shared
variable) ​जो​काउंटर(counter) के​Ǿप​मɅ ​पǐरभाͪषत​ͩकया​गया​है।​यह​एक​Êलोबल​शेयड[ ​वेǐरएबल
int
​काउंटर/counter
5
​के​बराबर​है।​इसͧलए
,
​ĤोĒाम0 ​मɅ ​हम​काउंटर(counter) को1 ​से​बढ़ा​रहे​हɇ
,
,
जबͩक​ĤोĒाम1 ​मɅ ​हम1 ​से​काउंटर(counter) को​कम​कर​रहे​हɇ ​अǓनवाय[ ​Ǿप​से​काउंटर(counter)
को1 ​से​कम​कर​रहे​हɇ।​अब​जब​हम​जानते​हɇ ​ͩक​कब​हम​इस​काय[Đम​को​ǓनçपाǑदत​करते​हɇ
,
​आइए​हम
‘​एक/ͧसंगल​कोर​Ĥोसेसर’ (​single core processor​) ​मɅ ​कहɅ।​तो
,
​ĤोĒाम0 ​कुछ​समय​के​ͧलए​ǓनçपाǑदत
होगा
,
​ͩफर​एक​कॉÛटेÈèटिèवच(context switch) होगा
,
​ͩफर​ĤोĒाम2 ​ǓनçपाǑदत​होगा​और​ͩफर
ĤोĒाम1 ​ǓनçपाǑदत​होगा​और​इसी​तरह।​मान​लȣिजए​ͩक
,
​यह​एक​राउंडरॉǒबनशेɬयूͧलंग(Round
Robin scheduling) ​है​और​यह​मानते​हुए​ͩक​कोई​अÛय​ĤͩĐया​मौजूद​नहȣं​है।​अब​सवाल​यह​है​ͩक
काउंटर (counter) का ​मान /​मूãय ​Èया ​होगा
?
: 02:03)
(​èलाइडसमय ​का ​संदभ[ ​लɅ
, ,
कोई​उàमीद​करेगा​ͩक​काउंटर(counter) वैãयू5 ​है ​आइए​हम​ĤोĒाम0 ​को​पहले​ǓनçपाǑदत​करɅ
इसͧलए​यह​काउंटर(counter) के​मूãय​मɅ ​वृɮͬध​करने​जा​रहा​है
,
​इसͧलए​काउंटर(counter) यहां6 ​हो
गया​है।​और​ͩफर​ĤोĒाम1 ​ǓनçपाǑदत​करता​है​और​यह​काउंटर(counter) के​मूãय​को​कम​करता​है
और​चूंͩक​एक​काउंटर(counter) साझा​ͩकया​जाता​है​और​उसके​पास6 ​का​मान​घट​जाता​है।​दूसरȣ
ओर
,
​अगर​हमɅ ​ĤोĒाम1 ​पहले​ǓनçपाǑदत​करता​है​और​ͩफर​ĤोĒाम0, ​तो​काउंटर​माइनस​माइनस
(counter --) , ,
​काउंटर​को5 ​से4 ​तक​कम​करने​का​कारण​बनता​है​और​ͩफर​ĤोĒाम0 ​ǓनçपाǑदत​करता​है
यह​ͪवशेष​लाइन​काउंटर(counter) को4 ​से5 ​तक​बढ़ा​देती​है।​इस​Ĥकार
,
​कोई​उàमीद​करेगा​ͩक​इन
दोनɉ ​काय[Đमɉ ​के​अंत​मɅ ​पǐरणाम​काउंटर(counter)के​मूãय​के​ͧलए5 ​होगा।​लेͩकन​अब​हम​जो
,
Ǒदखाएंगे​वह​यह​है​ͩक ​हम​काउंटर(counter) के​मूãय​के​ͧलए4 ​और6 ​के​मूãय​भी​ĤाÜत​कर​सकते​हɇ।
तो ​आइए ​इसे ​और ​ͪवèतार ​से ​देखɅ।
: 03:08)
(​èलाइडसमय ​का ​संदभ[ ​लɅ
तो, आइएइनǓनदȶशɉ कोǓनçपाǑदतकरनेकेतरȣकेमɅ औरगहराईसेदेखɅ।आइएदेखɅ ͩकजब
हमवाèतवमɅ इसकाउंटर(counter)कोबढ़ारहेहɇ तोÈयाहोताहै।इसͧलए, अǓनवाय[ Ǿपसे
हमजोकररहेहɇ वहयहहैͩकहमदेखरहेहɇ ͩकजबहमअसɅबलȣ इंèĚÈशन(assembly
instruction) केसंबंधमɅ काउंटरÜलसÜलस(counter ++) कररहेहोतेहɇ तोÈयाहोताहै।
तोसबसेपहले, èमृǓतमɅ संĒहȣतकाउंटर(counter) कामानआर1 (R1) कहलाताहैऔर
ͩफरआर1 (R1) को1 सेबढ़ायाजाताहै।तोदूसरȣ पंिÈतआर1 (R1) आर1 Üलस1
(R1+1) के बराबरहैऔरͩफरआर1 (R1) मेमोरȣ मɅ वापसआगयाहै।तो, आर1 (R1)
वापस काउंटर (counter) के मूãय मɅ वापस आ गया है जो èमृǓत मɅ संĒहȣत है।
तो​संÉयाओं​के​संदभ[ ​मɅ
,
​इसͧलए​हमारे​पास5 ​है​जो​काउंटर(counter) है
,
​इसͧलए​काउंटर(counter)
कȧ ​अंतव[èतु /​सामĒी5 ​है​और​इसे​आर1 (R1) ​मɅ ​लोड(load) ​ͩकया​गया​है
,
​ͩफर5 ​बढ़ाया​गया​है
,
इसͧलए​आर1 (R1) ​मɅ
6
​है​और​आर1 (R1) ​का​मान​वापस​काउंटर(counter)मɅ ​वापस​आ​गया​है​।
तो
, 6
​का​यह​मान​काउंटर(counter) ɮवारा​ǓनǑद[çट​èमृǓत​èथान​पर​वापस​आ​गया​है​और​इसͧलए6
काउंटर (counter) मɅ ​वापस ​आ ​गया ​है।
​अब
,
​मान​लɅ ​ͩक​एक​कॉÛटेÈèट​िèवच(context switch) ​है
,
​वहȣ ​बात​ͩफर​से​होती​है।​तो​काउंटर
(counter) का​मूãय​आर2 (R2) ​मɅ ​लोड​ͩकया​गया​है
,
​इसͧलए​आर2 (R2) ​का​मूãय6 ​है
,
​तो​हम​आर2
(R2) ​को1 ​से​कम​कर​रहे​हɇ
,
​इसͧलए​आर2 (R2)
6
​घटाव1 ​हो​जाता​है​जो5 ​है।​और​ͩफर​रिजèटर
आर2 (R2) ​को​èमृǓत​èथान​काउंटर(counter) मɅ ​वापस​संĒहȣत​ͩकया​जाता​है।​इसͧलए
,
​आर2
(R2)
5
​है
;
​इसͧलए5 ​का​मान​काउंटर(counter) मɅ ​वापस​संĒहȣत​ͩकया​जाता​है।​तो​काउंटर
(counter) के ​मूãय ​को ​ǓनçपाǑदत ​करने ​वाले ​इन ​दो ​काय[Đमɉ ​के ​अंत ​मɅ
5
​है।
, 4
तो​अब​हम​दूसरे​दो​पǐरǺæयɉ ​को​देखɅ ​जब​हमɅ ​के​Ǿप​मɅ ​काउंटर(counter) का​मूãय​ͧमलता​है​और
, ,
जब​हमɅ ​काउंटर(counter) का​मूãय6 ​के​Ǿप​मɅ ​ͧमलता​है।​तो ​चलो​हम​इस​पǐरǺæय​को​देखते​हɇ
इसͧलए​ĤोĒाम0 ​ǓनçपाǑदत​करता​है​और​काउंटर(counter) के​मूãय​को​आर1 (R1) ​मɅ ​लोड​करता
है
;
​इसͧलए​याद​रखɅ ​ͩक​आर1 (R1) ​का​मूãय5 ​है।​अब​यहां​एक​कॉÛटेÈèटिèवच(context switch)
है​और​Ĥोसेस1 ​Ǔनçपादन​करता​है।​अब​यहां​पर​काउंटर(counter) का​मूãय​अभी​भी5 ​है​और​इसे
रिजèटर​आर2 (R2) ​मɅ ​लोड​ͩकया​गया​है।​ͩफर​आर2 (R2)
1
​से​कम​हो​गया​है
,
​इसͧलए​आर2 (R2) ​मɅ
अब4 ​है।​और4 ​का​मान​काउंटर(counter) मɅ ​वापस​संĒहȣत​ͩकया​जाता​है।​तो​अब
,
​èमृǓत​मɅ
काउंटर(counter)का ​मूãय
4
​है।
अब​यहाँ​ͩफर​से​एक​कॉÛटेÈèटिèवच(context switch) ​है​और​याद​करɅ ​जब​कोई​कॉÛटेÈèटिèवच
(context switch) ​होता​है​तो​ĤोĒाम0 ​वहां​से​जारȣ ​होताहै​जहां​से​यह​ǽक​गया​था।​अǓनवाय[ ​Ǿप​से
,
,
कनȶल​मɅ ​कॉÛटेÈèटिèवच(context switch)को​संĒहȣत​ͩकया​गया​था ​इसे​वापसĤͩĐया /​Ĥोसेस0
(process 0) , ,
​मɅ ​बहाल​कर​Ǒदया​गया​है ​जहां​से​इसे​जारȣ ​रखा​जा​सकता​है।​इसͧलए ​हम​देखते​हɇ ​ͩक​इस
ͪवशेष​ǒबंदु​पर​आर1 (R1) ​का​मान5 ​था​और​कॉÛटेÈèटिèवच(context switch)के​बाद​हमारे​पास
R1 ,
​वापस5 ​पर​ͩफर​से​है ​इसͧलएR1 ​को6 ​ĤाÜत​करने​के​ͧलए1 ​से​बढ़ाया​गया​है​और6 ​का​मान​काउंटर
(counter) मɅ ​संĒहȣत​ͩकया​जाता​है।​इसͧलए
,
​इस​Ǔनçपादन​के​अंत​मɅ ​हमɅ ​काउंटर(counter)
6
मूãय/वैãयू ​के ​बराबर ​ͧमलता ​है।
,
अब​हमɅ ​तीसरे​मामले​को​देखɅ ​जब​हमɅ ​काउंटर(counter) वैãयू4 ​के​बराबर​ͧमलता​है।​तो​यह​ǒबãकुल
दूसरे​मामले​के​ͪवपरȣत​है​िजसमɅ ​ĤोĒाम1 ​पहले​ǓनçपाǑदत​ͩकया​गया​है।​तो​अǓनवाय[ ​Ǿप​से​िजस
काउंटर(counter) का5 ​का​मान​आर2 (R2) ​मɅ ​लोड​हो​जाता​है
,
​इसͧलए​आर2 (R2) ​मɅ
5
​है।​अब​एक
कॉÛटेÈèटिèवच(context switch) है​िजसके​कारण​ĤोĒाम0 ​ǓनçपाǑदत​हो​रहा​है​और​काउंटर
(counter) का​मूãय​आर2 (R2) ​मɅ ​लोड​ͩकया​गया​है
,
​जो​ͩक6 ​और6 ​है​वापस​काउंटर(counter)मɅ
,
वापस​आ​गया​है ​तो​काउंटर(counter) के​पास​अब6 ​का​मान​होगा।​इसͧलए​एक​कॉÛटेÈèटिèवच
(context switch) ͩफर​से​शुǾ ​होता​है​जहां​से​ĤोĒाम1 ​को​बंद​कर​Ǒदया​गया​था।​तो
,
​हम​देखते​हɇ ​ͩक
आर2 (R2) ​का​मूãय5 ​था।​अब
,
​आर2 (R2)
1
​से​कम​हो​गया​है
,
​िजससे​यह4 ​हो​जाता​है।​और4 ​का
,
मान​काउंटर(counter) के​अनुǾप​èमृǓत​èथान​मɅ ​संĒहȣत​ͩकया​जाता​है।​इस​Ĥकार ​इस​मामले​मɅ
Ǔनçपादन ​के ​अंत ​मɅ ​काउंटर (counter) का ​मूãय
4
​है।
तो
,
​यह​उन​मुɮदɉ ​का​एक​उदाहरण​था,तब​होगा​जब​हमारे​पास​साझा​èमृǓत​हो।​तो​भले​हȣ ​काउंटर
(counter) को​ͩकसी​अÛय​èथान​पर​कम​करने​के​दौरान​काउंटर(counter) को​बढ़ाने​के​ͧलए​एक
, ,
बहुत​हȣ ​सरल​ऑपरेशन​हुआ ​हमने​देखा​ͩक​पǐरणाम​अलग -​अलग​हो​सकते​हɇ ​इस​पर​Ǔनभ[र​करता​है​ͩक
Ǔनदȶश​कैसे​ǓनçपाǑदत​ͩकए​जाते​हɇ ​और​कॉÛटेÈèटिèवच(context switch) कैसे​होता​है।​इसͧलए
हम​रेस​िèथǓतयɉ (race conditions) ​के​Ǿप​मɅ ​जाने​जाने​वाले​इस​पǐरǺæय​को​अͬधक​औपचाǐरक​Ǿप
से ​पǐरभाͪषत ​करɅगे।
: 07:43)
(​èलाइडसमय ​का ​संदभ[ ​लɅ
एक​रेस​कंडीशन(race condition) ​एक​ऐसी​िèथǓत​है​जहां​कई​ĤͩĐयाएं​उसी​डेटा​तक​पहुंचकर​और
कुशलतापूव[क​उपयोग​करती​हɇ।​इसͧलए​ĤͩĐया​का​यह​Ǒहèसा​जो​आम​या​साझा​डेटा​तक​पहुंचता​है​उसे
एक​ͩĐǑटकलसेÈशन(critical section) के​Ǿप​मɅ ​जाना​जाता​है।​रेसकंडीशन(race condition)
का​नतीजा​उस​Đम​पर​Ǔनभ[र​करेगा​िजसमɅ ​उस​डेटा​तक​पहुंच​होती​है।​जैसा​ͩक​हमने​ͪपछले​उदाहरण​मɅ
,
देखा​है ​इस​पर​Ǔनभ[र​करता​है​ͩक​कौन​सा​ĤोĒाम​पहले​ǓनçपाǑदत​करता​है​और​साथ​हȣ ​कॉÛटेÈèट
िèवच(context switch) कैसे​होता​है
,
​इस​पर​Ǔनभ[र​करता​है​ͩक​पǐरणाम​अलग -​अलग​होगा।​रेस​कȧ
िèथǓत​कोरोका​जा​सकता​है​िजसे​ͧसंĐनाइज़ेशन(synchronization) के​Ǿप​मɅ ​जाना​जाता​है​।
अǓनवाय[ ​Ǿप​से
,
​ͧसंĐनाइज़ेशन(synchronization)के​साथ​हम​यह​सुǓनिæचत​करɅगे​ͩक​एक​समय​मɅ
केवल ​एक ​हȣ ​ĤͩĐया ​मह×वपूण[ ​डेटा ​मɅ ​हेरफेर ​करेगी।
,
तो​हमारे​उदाहरण​पर​वापस​आना​आवæयक​है ​यह​है​ͩक​हम​इस​¢ेğ ​के​Ǔनदȶशɉ ​को​ͬचिéनत​करɅगे​जो
एक​मह×वपूण[ ​खंड​के​Ǿप​मɅ ​साझा​डेटा​को​ͩकस​Ĥकार​कुशलतापूव[क​उपयोग​करते​हɇ।​ͩफर​हमारे​पास​यह
सुǓनिæचत​करने​के​ͧलए​कुछ​अǓतǐरÈत​तकनीकɅ ​हɉगी​ͩक​ͩकसी​Ǒदए​गए​समय​मɅ ​ͩĐǑटकलसेÈशन
(critical section) मɅ ​एक​से​अͬधक​ĤͩĐया​ǓनçपाǑदत​नहȣं​हो​सकती​है।​इसͧलए​हम​इसे​इस​ͪवशेष
वीͫडयो ​मɅ ​अͬधक ​ͪवèतार ​से ​देखɅगे ​जो ​इसका ​अनुसरण ​करते ​हɇ।
: 09:09)
(​èलाइडसमय ​का ​संदभ[ ​लɅ
, system
रेस​कȧ ​िèथǓत​न​केवल​एकल​कोर​ͧसèटम​मɅ ​होती​है ​बिãक​मãटȣकोर​ͧसèटम(multicore )​मɅ
,
भी​होती​है।​इसͧलए ​अǓनवाय[ ​Ǿप​से​यह​कम​करने​के​ͧलए​काफȧ ​èपçट​है​ͩक​इस​तØय​के​कारण​ͩक​एक
मãटȣकोर​ͧसèटम(multicore system) ​मɅ ​Ĥ×येक​Ĥोसेसर​एक​साथ​ǓनçपाǑदत​हो​रहा​है
,
​यह​संभावना
है​ͩक​शेयड[ वेǐरएबल(shared variable) को​दोनɉ ​ĤोĒाàस(programs) ɮवारा​एक​हȣ ​समय​मɅ
,
एÈसेस​ͩकया​जा​सके।​इसͧलए ​एकल​कोर​ͧसèटम​कȧ ​तुलना​मɅ ​बहु​कोर​ͧसèटम​मɅ ​रेसकंडीशंस(race
condition) अͬधक ​èपçट ​है।
: 09:42)
(​èलाइडसमय ​का ​संदभ[ ​लɅ
अब
,
​देखते​हɇ ​ͩक​ͩĐǑटकलसेÈशन(critical section) समèया​के​समाधान​कैसे​ĤाÜत​ͩकए​जा​सकते
हɇ।​ͩĐǑटकल सेÈशन(critical section) ​समèया​के ​ͧलए​ͩकसी​भी​समाधान​को​Ǔनàनͧलͨखत
; exclusion),
आवæयकताओं​को​पूरा​करना​चाǑहए।​य़े​हɇ ​एक​àयूचुअल​एÈसÈलूशन(mutual ​दोĤोĒेस
(progress),
​और​तीन​नो​èटारवेशन(no
starvation)
​या​बॉÖडेडवेट(bounded wait) ।​àयूचुअल
एÈसÈलूशन(mutual exclusion) मɅ
,
​ͩĐǑटकलसेÈशन(critical section) समाधान​को​यह
सुǓनिæचत​करना​चाǑहए​ͩक​ͩकसी​Ǒदए​गए​समय​मɅ ​एक​से​अͬधक​ĤͩĐया​ͩĐǑटकलसेÈशन(critical
section) मɅ ​न ​हो।
ĤोĒेस(progress) ​को​यह​सुǓनिæचत​करना​चाǑहए​ͩक​जब​ͩĐǑटकलसेÈशन(critical section) ​मɅ
कोई​ĤͩĐया​न​हो
,
​तो​उस​ͩĐǑटकलसेÈशन(critical section) मɅ ​Ĥवेश​करने​का​अनुरोध​करने​वालȣ
wait)
ͩकसी​भी​ĤͩĐया​को​ǒबना​ͩकसी​देरȣ ​के​अनुमǓत​दȣ ​जानी​चाǑहए।बॉÖडेड​वेट(bounded ​या​नो
èटारवेशन(no starvation) का​मतलब​है​ͩक​एक​ĤͩĐया​कȧ ​ͩĐǑटकलसेÈशन(critical section)
मɅ ​Ĥवेश​करने​कȧ ​संÉया​पर​ऊपरȣ ​सीमा​है​जबͩक​दूसरȣ ​इंतजार​कर​रहा​है।​अǓनवाय[ ​Ǿप​से
,
​इसका
मतलब​है​ͩक​ͩĐǑटकलसेÈशन(critical section) मɅ ​पहुंच​ĤाÜत​करने​के​ͧलए​एक​ĤͩĐया​को
असीͧमत ​Ǿप ​से ​लंबे ​समय ​तक ​इंतजार ​नहȣं ​करना ​चाǑहए।
: 10:44)
(​èलाइडसमय ​का ​संदभ[ ​लɅ
सभी​ͩĐǑटकल सेÈशन (critical section) समèयाएं, ​ͩĐǑटकल सेÈशन (critical section)
समèया​को​हल​करने​के​ͧलए​लॉͩकंग(locking) ​और​अनलॉͩकंग(unlocking) ​के​Ǿप​मɅ ​जाने​वालȣ
तकनीकɉ ​का​उपयोग​करती​हɇ।​अǓनवाय[ ​Ǿप​से
,
​समाधान​मɅ ​हमारे​पास​ऐसा​कुछ​होगा​जो​एक​साझा
चर/शेयड[ वेǐरएबल(​shared variable​) ​है।​इसͧलए​हम​लॉक​के​Ǿप​मɅ ​जाने​वाले​कुछ​को​पǐरभाͪषत​करते
हɇ ​और​इसे​एल(L) ​के​Ǿप​मɅ ​पǐरभाͪषत​करते​हɇ।​इसͧलए​मह×वपूण[ ​खंड​मɅ ​Ĥवेश​करने​से​पहले​काय[Đम
L) ,
को​लॉक​एल(lock ​काआéवान​करना​चाǑहए ​और​मह×वपूण[ ​खंड​से​बाहर​Ǔनकलने​के​दौरान​अनलॉक
एल(unlock
L)
​कोबुलाया​जाना​चाǑहए।​इसी​Ĥकार​Ĥ×येक​काय[Đम​जो​एक​हȣ ​ͩĐǑटकलसेÈशन
(critical section) का​उपयोग​करता​है
,
​Đमशः​ͩĐǑटकलसेÈशन(critical section) मɅ ​Ĥवेश​करने
और ​बाहर ​Ǔनकलने ​से ​पहले ​लॉक (lock) ​और ​अनलॉक (unlock) ​करना ​चाǑहए।
L) ,
अब​लॉक(lock) ​Èया​करता​है​ͩक​यह​लॉक​एल(lock ​को​ͪवशेष​Ǿप​से​ĤाÜत​करता​है।​इसͧलए
लॉक(lock) ​के​बाद​फंÈशन(function)​लॉक​एल(lock L) ​Ǔनçपादन​पूरा​करने​के​बाद​अपने​Ǔनçपादन​को
, ,
पूरा​करता​है ​यह​सुǓनिæचत​ͩकया​जाता​है​ͩक​वाèतव​मɅ ​एक​ĤͩĐया ​इस​मामले​मɅ ​केवल​यह​ĤͩĐया
section) section)
ͩĐǑटकल​सेÈशन(critical ​मɅ ​Ĥवेश​करती​है​और​ͩĐǑटकल​सेÈशन(critical ​मɅ ​मौजूद
,
होती​है।​जब​अनलॉक(unlock) ​ͩकया​जाता​है​तो​लॉक(Lock) ​के​ͧलए​ͪवशेष​पहुंच​जारȣ ​कȧ ​जाती​है ​यह
अÛय​ĤͩĐयाओं​को​मह×वपूण[ ​खंड/ͩĐǑटकलसेÈशन(critical section) ​तक​पहुंचने​कȧ ​अनुमǓत​देती
है।​अब​लॉͩकंग​और​अनलॉͩकंग​इस​तरह​से​ͫडजाइन​कȧ ​जानी​चाǑहए​ͩक​मह×वपूण[ ​वग[ ​समाधान​कȧ
तीन ​आवæयकताओं ​को ​संतुçट ​ͩकया ​जाना ​चाǑहए
,
​जो ​पारèपǐरक ​बǑहçकार
,
​ĤगǓत ​और ​बाÚय ​Ĥती¢ा ​है।
तो​हम​आपसी‘​पारèपǐरक​बǑहçकार’/àयूÍयूअलएÈसÈलूशन(mutual exclusion) ​पहले​से​हȣ ​देख
,
चुके​थे​और​हमɅ ​ĤगǓत/ĤोĒेस(progress) ​देखने​दɅ।​तो ​ĤगǓत/ĤोĒेस(progress) का​मतलब​है​ͩक
हमɅ ​कहना​है​ͩक​ĤोĒाम0 ​मह×वपूण[ ​खंड​मɅ ​नहȣं​है​और​हम​बताएं​ͩक​ĤोĒाम1 ​यहां​आया​है​और​उसने
,
लॉक​का​अनुरोध​ͩकया​है।​तो​ĤगǓत​का​मतलब​है​ͩक ​Èयɉͩक​कोई​अÛय​काय[Đम​मह×वपूण[ ​खंड​मɅ ​नहȣं
है
,
​इसͧलए​इसे​तुरंत​लॉक​Ǒदया​जाना​चाǑहए।​इसͧलए
,
​ĤोĒाम1 ​को​लॉक​के​ͧलए​ͪवशेष​पहुंच​ĤाÜत
करनी ​चाǑहए।
बाउंड​वेट(bounded wait)का​मतलब​यह​ͪवशेष​पǐरǺæय​है।​आइए​हम​कहɅ ​ͩक​ĤोĒाम0 ​मह×वपूण[ ​खंड
मɅ ​मौजूद​है​जबͩक​ĤोĒाम1 ​ने​लॉक​का​अनुरोध​ͩकया​है।​इसͧलए​ͩĐǑटकलसेÈशन(critical
section) मɅ ​पहुंचने​से​पहले​ĤोĒाम1 ​को​Ĥती¢ा​करने​के​ͧलए​ͩकतना​समय​लगता​है
,
​यह​समाधान​यह
सुǓनिæचत​करना​चाǑहए​ͩक​ĤोĒाम0 ​एल(​L​) ​को​अनलॉक​करता​है​और​केवल​तभी​ĤोĒाम1 ​लॉक​मɅ
, ,
Ĥवेश​करेगा।​इसͧलए ​ĤोĒाम1 ​Ĥती¢ा​करने​कȧ ​माğा​पर​बाÚय​है ​अगर​यह​लॉक​का​अनुरोध​करता​है
जबͩक ​ĤोĒाम
0
​पहले ​से ​हȣ ​मह×वपूण[ ​खंड ​मɅ ​है।
: 13:26)
(​èलाइडसमय ​का ​संदभ[ ​लɅ
ͩकसी​ĤोĒाम​मɅ ​लॉक(lock) ​और​अनलॉक(unlock) ​संरचनाओं​का​उपयोग​यह​सुǓनिæचत​करेगा​ͩक
ͩĐǑटकलसेÈशन(critical section) एटॉͧमक(atomic) ​है।​तो​हमɅ ​इस​लॉͩकंग​तंğ ​का​उपयोग​करने
कȧ ​आवæयकता​कब​है
?
​Ǔनदȶश​जैसे​ͩकadd
eax to ebx
​एटॉͧमक(atomic) ​Ǔनदȶश​है​और​इसे
एÈसिÜलͧसतलॉͩकंग(explicit locking) कȧ ​आवæयकता​नहȣं​है।​हालांͩक
,
​कई​Ǔनदȶश​जहां​आपके
पास​Ǔनदȶशɉ ​का​अनुĐम​है​और​यǑद​आपको​उÛहɅ ​परमाणु/एटॉͧमक(atomic) ​बनाने​कȧ ​आवæयकता​है​तो
,
èपçट​लॉͩकंग(locking) ​और​अनलॉͩकंग(unlocking) ​आवæयक​है ​इसͧलए​ऑपरेǑटंग​ͧसèटम
(operating system) ​मɅ ​कोड​का​Ĥ×येक​टुकड़ा​चेक​ͩकया​जाना​चाǑहए​यǑद​उÛहɅ ​एटॉͧमक(atomic)
बनाने​कȧ ​आवæयकता​है​या​नहȣं।​अǓनवाय[ ​Ǿप​से​बाधा -​वाले/इंटरÜट​हɇडलर(​interrupt handlers​) ​को
शाͧमल ​करने ​वालȣ ​चीजɉ ​को ​एटॉͧमक
(atomic)
​बनाने ​के ​ͧलए ​जांच ​कȧ ​आवæयकता ​होती ​है।
,
तो​इस​ͪवशेष​वीͫडयो​मɅ ​हमने​Ǔनदȶशɉ ​को​लॉक(lock) ​करने​और​अनलॉक(unlock) ​करने​कȧ
,
आवæयकता​देखी​थी।​तो​अगले​वीͫडयो​मɅ ​हम​यह​देखने​जा​रहे​हɇ ​ͩक​ͧसèटम​मɅ ​ऐसे​लॉͩकंग(locking)
और ​अनलॉͩकंग (unlocking) ​तंğ ​कैसे ​लागू ​ͩकए ​जाते ​हɇ।
धÛयवाद।"
26,0,,"ऑपरेǑटंग ͧसèटम (Operating System) का पǐरचय
Ĥोफेसर चेèटर रेबेरो
संगणक ͪव£ान और अͧभयांǒğकȧ ͪवभाग
भारतीय Ĥौɮयोͬगकȧ संèथान, मġास
सÜताह- 06
åयाÉयान - 25
लॉͩकंग (Locking) को कैसे काया[िÛवत करɅ (सॉÝटवेयर समाधान)
नमèकार।ͪपछलेवीͫडयोमɅ, हमनेͩĐǑटकलसेÈशन(critical section) कापǐरचयदेखाथा।हमने
देखाथाͩकͩĐǑटकलसेÈशन(critical section) कȧ समèयाकोहलकरनेकेͧलए, 3 आवæयकताएं
थीं।पहलाàयूÍयूअलएÈसÈलूशन(mutual exclusion) , दूसरȣ ĤोĒेस(progrss) औरतीसराबॉÖडेड
वेट(bounded weight) है।इसवीͫडयोमɅ, हमͩĐǑटकलसेÈशन(critical section) समèयाकेͧलए
कुछ सॉāटवेयर समाधान देखɅगे।"
26,1,(èलाइडसमय का संदभ[ लɅ: 00:43),"तोचͧलएइंटरÜट(interrupt) कोअ¢मकरकेअͬधकसरलसमाधानसेशुǾ करतेहɇ, इसͧलएयह
समाधानकेवलएकलकोरͧसèटम(single core system) केͧलएलागूहोताहै।मãटȣकोरͧसèटम
(multicore system) केसाथ, अǓनवाय[ Ǿपसे“उÛनतĤोĒामकरनेयोÊयइंटरÜट” (interrupt)
ǓनयंğणकेͧसèटममɅ मौजूदरहनेकेकारण; इंटरÜɪसकोकईĤोसेसरकोǾटͩकयाजाताहै।इसͧलए
यहसमाधानमãटȣकोरͧसèटमपरकामनहȣंकरेगा।दूसरȣ ओर, एकलकोरĤोसेसर(single core
processor) याएकलकोरͧसèटमकेͧलए, इंटरÜट(interrupt)अ¢मकरनेसेकामकरेगा।अǓनवाय[
ǾपसेहमनेदेखाथाͩकयǑदइंटरÜट(interrupt) अ¢महɇ तोयहसंदभ[ िèवͬचंग(context switching)
कोरोकदेगाऔरकॉÛटेÈèटिèवͬचंग(context switching) कोरोकनेसेइसकाअथ[ होगाͩकͩĐǑटकल
सेÈशन(critical section) को इसके एÈसेÈयूशन (execution) के दौरान पूव[-खालȣ/ĤीàÜटेड
(pre-empted) नहȣं ͩकया जाएगा।
चͧलएदेखतेहɇ ͩकͩĐǑटकलसेÈशन(critical section) समèयाकोहलकरनेकेͧलएइंटरÜट
(interrupt) काउपयोगकैसेͩकयाजासकताहै।इसͧलए, हमारेपासदोĤोसèसेस(processes) हɇ,
Ĥोसेस1 औरĤोसेस2 हैऔरउनकेपासयहͩĐǑटकलसेÈशन(critical section) हैजोलालरंगमɅ
Ǒदखायागयाहै।इसͩĐǑटकलसेÈशन(critical section) मɅ, दोनɉ ĤͩĐयाएंसमानसाझाडेटातक
पहुंच/एÈसेस(access) याबदलाव/मॉͫडफाई(modify) करतीहɇ।यहसुǓनिæचतकरनेकेͧलएͩक
ͩĐǑटकलसेÈशन(critical section) समèयाहलहोगईहैऔरदोनɉ ĤͩĐयाएंएकहȣ समयमɅ
ͩĐǑटकलसेÈशन(critical section) मɅ समाÜतनहȣंहोतीहɇ, हमͩĐǑटकलसेÈशन(critical section)
मɅ Ĥवेश करने से पहले इंटरÜट (interrupt) अ¢म करते हɇ।
जबͩक, दूसरȣ तरफ, ͩĐǑटकलसेÈशन(critical section) छोड़तेसमयइंटरÜट(interrupt) ͩफरसे
स¢महोतेहɇ।जैसाͩकहमनेदेखाहैइंटरÜट(interrupt) कोअ¢मकरनेसेĤोसेसकोसमयकेटुकड़ेके
अंतमɅ पूव[-खालȣ/ĤीàÜटेड(pre-empted) होनेसेरोकǑदयाजाएगा।अǓनवाय[ Ǿपसे, एकटाइमर
बाधा/इंटरÜट(interrupt) नहȣंहोगीजोऐसाहोगाजोपूव[-खालȣ/ĤीàÜटेड(pre-empted) सेĤोसेस1 को
रोकदेगा।इसͧलए, हमदेखतेहɇ ͩकयहएकबहुतहȣ सरलसमाधानहैऔरĤोसेस1 इंटरÜट(interrupt)
को अ¢म करने के पǐरणामèवǾप होने वालȣ ͩकसी अÛय बाधा के ǒबना ǓनçपाǑदत करना जारȣ रखेगी।
इसीĤकार, जबĤोसेस2 इसͩĐǑटकलसेÈशन(critical section) मɅ Ĥवेशकरतीहै, तोयहबाधाओंको
अ¢मकरताहै; औरͩĐǑटकलसेÈशन(critical section) छोड़नेपर, यहͩफरसेइंटरÜट(interrupt)
कोस¢मबनाताहै।इसͧलए, ͩĐǑटकलसेÈशन(critical section) मɅ ĤवेशकरनेऔरͩĐǑटकल
सेÈशन(critical section) केबाहरǓनकलनेपरअनलॉͩकंगतंğ मɅ ĤवेशकरनेसेपहलेइंटरÜट
(interrupt) कोअ¢मकरनेऔरस¢मकरनेकायहअनुĤयोगलॉͩकंग(locking) तंğ (mechanism)
केसमानहै।लॉͩकंगयहसुǓनिæचतकरेगीͩकͩकसीएकसमयमɅ मह×वपूण[ अनुभागमɅ केवलएक
ĤोसेसĤवेशयाǓनçपाǑदतहो।जबͩकअनलॉͩकंगतंğ याǓनकȧ जबइंटरÜट(interrupt) स¢महोतेहɇ,
तबअÛयĤͩĐयाओंको‘मह×वपूण[ अनुभाग’/ͩĐǑटकलसेÈशन’ (critical section) मɅ Ĥवेशकरनेया
ǓनçपाǑदत करने का मौका देता है।
तो, ͩĐǑटकलसेÈशन(critical section) समèयाकोहलकरनेकȧ यहͪवͬधसरलहै।इंटरÜट
(interrupt) कोअ¢मयास¢मकरनेकेͧलएइसेकेवलएकहȣ Ǔनदȶशकȧ आवæयकताहोतीहै।इस
Ĥकार, संदभ[ िèवच/ͩĐǑटकलसेÈशन(critical section) कोहोनेसेरोकताहै।हालांͩक, इंटरÜɪसका
उपयोगकरनेकȧ सीमाएंयहहैͩकइसेउÍचͪवशेषाͬधकारèतरकȧ आवæयकताहोतीहै।इसͧलए,
उपयोगकता[ èथानमɅ चलनेवालेसामाÛयएिÜलकेशनĤोĒामइसतरहसेइंटरÜट(interrupt) को
अ¢मऔरस¢मकरनेमɅ स¢मनहȣंहɉगे।इसͧलए, यहसमाधानकेवलकोडकेͧलएलागूहोताहैजो
कनȶल (kernel) मɅ चलता है।
तोयहकेवलकनȶल(kernel) याऑपरेǑटंगͧसèटम(operating system) हैिजसेइंटरÜट(interrupt)
कोअ¢मकरनेऔरͩफरइंटरÜट(interrupt) कोस¢मकरनेकȧ अनुमǓतहै।इसͧलए, यहसमाधान
केवलऑपरेǑटंगͧसèटम(operating system) कोडकेͧलएलागूहै।औरजैसाͩकहमनेइसअ¢म
करनेसेपहलेदेखाहैऔरइंटरÜɪस(interrupts) कोस¢मकरनेमɅ Ĥवेशकरनामãटȣकोरͧसèटम
(multicore system) के ͧलएउपयुÈतनहȣंहै; अǓनवाय[ ǾपसेÈयɉͩकजबमãटȣकोरͧसèटम
(multicore system) परइंटरÜट(interrupt) अ¢महोतेहɇ, तोइसकामतलबयहहोगाͩकअकेलेउस
कोडसेसंबंͬधतइंटरÜट(interrupt) अ¢महɇ।दूसरȣ तरफ, चलरहेअÛयकोडɉ परअभीभीइंटरÜɪस
(interrupts) कȧ अनुमǓतहै।इसĤकारएकमãटȣकोरͧसèटमपरजबअ¢मइंटरÜɪसलागूहोताहै,
तोसभीकेवलउसकोडमɅ बाधाडालतेहɇ याĤोसेसरमɅ वहकोडअ¢महोताहै।अÛयĤोसेसरजैसे
Ĥोसेसर जो इस Ĥोसेस2 को चला रहे हɇ इंटरÜɪस को अ¢म करने से Ĥभाͪवत नहȣं हɉगे।
इसͧलए, यहसमाधानमãटȣकोरͧसèटमकेͧलएउपयुÈतनहȣंहै।तो, हमआगेÈयाकरɅगेहमवाèतव
मɅ ͩĐǑटकलसेÈशन(critical section) समèयाकेͧलएअपनाèवयंकासमाधानबनानेकȧ कोͧशश
करɅगे।इसͧलए, हमएकबहुतहȣ सरलसमाधानसेशुǾ करɅगे, हमइसकȧ कमीदेखɅगे, औरͩफरहमउस
ͪवशेषसमाधानकोधीरे-धीरेसंशोͬधतकरɅगेजबतकͩकहमउसǒबंदुतकनहȣंपहुंचजातेजहांहमने
मह×वपूण[ अनुभाग/ͩĐǑटकल सेÈशन (critical section) समèया हल कȧ है। तो आइए इसे देखɅ।"
26,2,(èलाइडसमय का संदभ[ लɅ: 05:47),"।
तोआइएहमअपनेपहलेĤयास(attempt) सेशुǾ करɅ।तोआइएहमकहɅ ͩकहमारेपासĤोसेस1 मɅ यह
ͩĐǑटकलसेÈशन(critical section)हैऔरĤोसेस2 मɅ यहͩĐǑटकलसेÈशन(critical section) हैऔर
येͩĐǑटकलसेÈशन(critical section) एकहȣ डेटामɅ हेरफेरकररहेहɇ।इससाझाडेटाकेअǓतǐरÈत,
हमएकअÛयसाझाडेटाकोबारȣ/टन[ (turn) केǾपमɅ भीपǐरभाͪषतकरतेहɇ, औरइसमानको1 तक
सेटकरतेहɇ।तो, ÈयाहोताहैजबहमअͬधकÚयानसेदेखतेहɇ? इसͧलए, जबĤोसेस1 ǓनçपाǑदतकरने
लगतीहैतोयहदेखताहैͩक‘टन[’ (‘turn’) 1 केबराबरहै, इसͧलएयहलूपतुरंतबाहरǓनकलताहैऔर
मह×वपूण[ अनुभाग ǓनçपाǑदत हो जाता है।
अबउससमयकेदौरानजबĤोसेस1 ͩĐǑटकलसेÈशन(critical section) मɅ है, जबĤोसेस2 इसͪवशेष
ǒबंदुपरआतीहै, तोयहदेखताहैͩक‘टन[’ (‘turn’) 1 केबराबरहै, औरइसͧलएयहइसͪवशेषǾपसे
åहाइल(while) लूपकेदौरानलूपजारȣ रखेगा।एकमाğ समययहहैͩकयहइसåहाइल(while) लूपसे
बाहरǓनकलनेमɅ स¢महैजबपहलȣ Ĥोसेस2 सेटहोजातीहै, इसͧलएजब‘टन[’ (‘turn’) कामान2 पर
सेटहोताहै, औरयादरखɅ ͩक‘टन[’ (‘turn’) एकसाझाचर/शेयड[ वेǐरएबल(shared variable) है,
इसͧलए, Ĥोसेस2 मɅ åहाइल(while) लूपसमाÜतहोजाएगा।औरĤोसेस2 ͩफरͩĐǑटकलसेÈशन
(critical section) मɅ Ĥवेशकरेगा।ͩĐǑटकलसेÈशन(critical section) केबाहरǓनकलनेपर, Ĥोसेस2
‘टन[’ (‘turn’) केमानको1 परसेटकरदेगी।इसͧलए, ‘टन[’ (‘turn’) केमानको1 Ǔनधा[ǐरतकरनेका
अथ[ यह होगा ͩक एक Ĥोसेस1 तब ͩĐǑटकल सेÈशन (critical section) मɅ Ĥवेश कर सकती है।
इसͧलए, अǓनवाय[ ǾपसेजबहमइसͩĐǑटकलसेÈशन(critical section) कȧ समèयाकोहलकरनेके
ͧलएलॉͩकंगऔरअनलॉͩकंगतंğ कोदेखतेहɇ, तोहमदेखतेहɇ ͩकयहांयहåहाइल(while) लूपमौजूद
है, जोͩकलॉͩकंगतंğ है, जबͩकअनलॉͩकंगतंğ तीसरȣ पंिÈतहैजोकȧ ‘टन[’ (‘turn’) केमूãयको2 सेट
करनाहै।दूसराअवलोकनजोहमकरतेहɇ वहयहहैͩकइसएãगोǐरदम(algorithm) याͩĐǑटकल
सेÈशन(critical section) समèयाकेͧलएइससमाधानकȧ आवæयकताहैͩकĤोसेस1 ͩĐǑटकल
सेÈशन(critical section) मɅ ǓनçपाǑदतहोऔरͩफरÈयɉͩकचालूहोनेपरĤोसेस2 परसेटहोजातीहै,
Ĥोसेस1 केͩĐǑटकलसेÈशन(critical section) Ǔनçपादनकेबाद, Ĥोसेस2 कोǓनçपाǑदतकरना
चाǑहए।इसͧलए, एकबारĤोसेस2 Ǔनçपादनकोपूराकरनेकेबाद, Ĥोसेस1 ǓनçपाǑदतहोजाएगीऔर
इसी तरह।
इसͧलएअǓनवाय[ ǾपसेͩĐǑटकलसेÈशन(critical section) केͧलएएकĤ×यावतȸ åयवहारहै।सबसे
पहले, Ĥोसेस1 कोͩĐǑटकलसेÈशन(critical section) ǓनçपाǑदतकरनेकȧ आवæयकताहैÈयɉͩक‘टन[’
(‘turn’) कामान1 केबराबरहै।ͩफरजबयहपूराहोजाताहैतोयह2 परबदलजाताहै, इसͧलए
Ĥोसेस2 ǓनçपाǑदतहोजाएगी।औरĤोसेस2 इसकेͩĐǑटकलसेÈशन(critical section) केअंतमɅ, ‘टन[’
(‘turn’) 1 केमानकोǓनधा[ǐरतकरेगीिजसकेपǐरणामèवǾपͩĐǑटकलसेÈशन(critical section) मɅ
Ĥोसेस1 ǓनçपाǑदत हो जाएगी और इसी तरह।
इसͧलए, हमदेखतेहɇ ͩकĤोसेस1 औरĤोसेस2 केबीचएकĤ×यावतȸ åयवहारहै।काफȧ èवाभाͪवकǾप
सेÈयɉͩकदोनɉ ĤͩĐयाओंकेबीच‘टन[’ (‘turn’) कामूãयसाझाͩकयाजाताहैऔरजैसाͩकहमनेदेखा
हैͩककेवलएकĤोसेसåहाइल(while) कंडीशन/शत[ (condition) कोसंतुçटकरसकतीहै, औरइस
åहाइल(while) लूपसेबाहरǓनकलसकतीहै।इसͧलए, एकहȣ समयमɅ एकहȣ ĤोसेसͩĐǑटकल
सेÈशन(critical section) मɅ Ĥवेशकरेगी।इसͧलए, यहसमाधानपारèपǐरकबǑहçकार/àयूÍयूअल
एÈसÈलूशन(mutual exclusion) ĤाÜतकरताहै।हालांͩक, इससमाधानकȧ दोसीमाएंहɇ; एकåयèत
इंतज़ार/ǒबजीवेǑटंग(busy waiting) है।इसͧलएजबĤोसेस1 इसͩĐǑटकलसेÈशन(critical section)
मɅ ǓनçपाǑदत हो रहा है, Ĥोसेस2 अंतहȣन Ǿप से åहाइल (while) लूप के दौरान ǓनçपाǑदत करेगा।
ÚयानदɅ ͩकĤोसेस2 तैयारअवèथा/रेडीèटेट(ready state) मɅ हैयाचलतीिèथǓत/रǓनंगèटेट
(running state) मɅ है, यहअवǽɮधिèथǓत/ÞलॉÈडèटेट(blocked state) मɅ नहȣंहैऔरइसͧलए, यह
ǒबजलȣ औरसमयकाउपभोगकरेगी, Èयɉͩकइसेसमय-समयपरCPU मɅ ǓनçपाǑदतकरनेकȧ
आवæयकताहोतीहैताͩक‘टन[’ (‘turn’) केमानकȧ जांचहोसके।जैसाͩकहमनेपहलेदेखाहै, एकऔर
सीमायहहैͩकͩĐǑटकलसेÈशन(critical section) समèयाकेͧलएइससमाधानकȧ आवæयकताहै
ͩकĤोसेस1 औरĤोसेस2 ͩĐǑटकलसेÈशन(critical section) मɅ इसकȧ पहुंचकोĤ×यावतȸ करे।तो
इसकामतलबयहहैͩकपहलȣ Ĥोसेस1 कोǓनçपाǑदतकरनाचाǑहए, ͩफरĤोसेस2 को, Ĥोसेस1, Ĥोसेस2
औरइसीĤकार।इसͧलए, यहͪवशेषǾपसेͩĐǑटकलसेÈशन(critical section) समाधानकȧ ĤगǓत
आवæयकता के साथ एक समèया पैदा करता है।
इसͧलए, ĤगǓतकȧ आवæयकताकȧ िèथǓतमɅ कहागयाहैͩकयǑदमह×वपूण[ अनुभाग/ͩĐǑटकल
सेÈशन(critical section) मɅ कोईĤोसेसनहȣंहै, औरमह×वपूण[ अनुभाग/ͩĐǑटकलसेÈशन(critical
section) केͧलएएकĤोसेसअनुरोधहै, तोइसेलॉक(lock) कȧ पेशकशकȧ जानीचाǑहए, अǓनवाय[ Ǿप
सेयहͩĐǑटकलसेÈशन(critical section) मɅ ǓनçपाǑदतकरनेमɅ स¢महोनाचाǑहए।हमदेखतेहɇ ͩक
यहसमाधान, ĤगǓतकȧ आवæयकताकोपूरानहȣंकरेगा।उदाहरणकेͧलए, हमकहɅ ͩकĤोसेस2
Ĥोसेस1 सेपहलेǓनçपादनशुǾ करनेलगतीहै।इसͧलएĤोसेस2 यहांआतीहैऔरयहåहाइल(while)
कोǓनçपाǑदतकरतीहैइसे1 केबराबरहोनेपर, औरहमदेखतेहɇ ͩकĤोसेस1 अभीतकशुǾ नहȣंहुईहै।
तोयǑदĤगǓतकȧ िèथǓतकोपूराकरनेकȧ आवæयकताहै, तोĤोसेस2 कोͩĐǑटकलसेÈशन(critical
section) मɅ ĤवेशकरनाचाǑहए।लेͩकनऐसानहȣंहै, इसͧलएयहͩĐǑटकलसेÈशन(critical section)
कȧ समèया के ͧलए एक अÍछा समाधान नहȣं है।"
26,3,(èलाइडसमय का संदभ[ लɅ: 11:16),"ͩĐǑटकलसेÈशन(critical section) समèयाकोहलकरनेकेहमारेपहलेĤयासकेसाथमुÉयदोषया
मुÉयसमèयायहथीͩकयहएकसामाÛय‘टन[’ (‘turn’) Úवज/Ýलैग(flag) काउपयोगकरताथािजसे
दोनɉ ĤͩĐयाओंɮवारासंशोͬधतͩकयागयाथा।तो, यह‘टन[’ (‘turn’) Úवज/Ýलैग(flag) Ĥोसेस1 मɅ 2
परसेटͩकयागयाथाऔरĤोसेस2 मɅ 1 परसेटͩकयागयाथा; औरयहमह×वपूण[ ĤोसेसमɅ दो
ĤͩĐयाओंकोĤ×यावतȸ Ǔनçपादनकेͧलएमजबूरकरताहै।इसͧलए, इसयाएकसंभाͪवतचीजकेͧलए
एकसंभाͪवतसमाधानहमवाèतवमɅ अपनेदूसरेĤयासमɅ बेहतरकरसकतेहɇ ͩकएकसाझा
Úवज/Ýलैग (flag) न रखकर, इसके बजाय हमारे पास Ĥ×येक Ĥोसेस के ͧलए दो Ýलैग (flag) रखɅगे।"
26,4,(èलाइडसमय का संदभ[ लɅ: 12:02),"तोचͧलएमह×वपूण[ अनुभाग/ͩĐǑटकलसेÈशन(critical section) समèयाकोहलकरनेकेदूसरे
Ĥयासकोदेखतेहɇ।तो, यहदूसराĤयासहै।तो, ͪपछलेĤयासकेͪवपरȣतअबहमारेपासदो
Úवज/ÝलैÊस(flags) मौजूदहɇ।इनदोझंडो/ÝलैÊस(flags) कोदोĤͩĐयाओंकेबीचभीसाझाͩकया
जाताहै; इसकामतलबहैͩकइसÝलैÊस(flag) ‘p2_inside’ कोĤोसेस1 केसाथ-साथĤोसेस2 सेभी
एÈसेस(access) ͩकयाजासकताहै।हालांͩक, यहĤोसेस2 हैजोवाèतवमɅ इसÚवज/Ýलैग(flag) को
बदलतीयासंशोͬधतकरतीहै, जबͩककेवलĤोसेस1 इसÝलैग(flag) कȧ िèथǓतपढ़ताहै; यहकेवल
यह Ǔनधा[ǐरत करता है ͩक Ýलैग (flag) एक स×य/ǫ (true) या झूठ/फाãस (false) है या नहȣं।
इसीĤकार, दूसराÚवज/Ýलैग(flag) p1_inside है।अबइनÝलैग(flag) p2_inside औरp1_inside
काउपयोगͩĐǑटकलसेÈशन(critical section) केलॉͩकंगऔरअनलॉͩकंगकेदौरानͩकयाजाताहै।
अǓनवाय[ ǾपसेĤोसेस1 ͩĐǑटकलसेÈशन(critical section)मɅ Ĥवेशकरनेसेपहले, यहदोचीजɅ करती
है।सबसेपहले, यहजांचनाहोगाͩकदूसरȣ ĤोसेसयाǓनपी2 (P2) ͩĐǑटकलसेÈशन(critical section)
केअंदरनहȣंहैऔरऐसातबहोताहैजबp2_inside झूठ/फाãस(false) केबराबरहोताहै।तो, अगर
p2_inside सच/ǫ (true) है, तोइसकामतलबयहहोगाͩकदूसरȣ ĤोसेसͩĐǑटकलसेÈशन(critical
section) मɅ ǓनçपाǑदतहोरहȣ है।ͩफरयहअपनेèवयंकेÝलैग(flag) कोसेटकरताहैजोp1_inside
कोसच/ǫ (true) मɅ औरͩĐǑटकलसेÈशन(critical section) मɅ ǓनçपाǑदतकरताहै, जबͩकͩĐǑटकल
सेÈशन(critical section) सेबाहरǓनकलनेपरयहp1_inside कोझूठ/फाãस(false) मɅ सेटकरता
है।
इसीĤकार, Ĥोसेस2 पहलेåहाइल(while) लूपकेदौरानइसेǓनçपाǑदतकरेगा।जबतकp1_inside
झूठ/फाãस(false) नहȣंहै, तोp1_inside कामानझूठ/फाãस(false) हैइसकामतलबयहहोगाͩक
Ĥोसेसपी1 (p1) ͩĐǑटकलसेÈशन(critical section) सेǓनकलचुकȧ हैऔरअबͩĐǑटकलसेÈशन
(critical section) मɅ नहȣंहै।औरइसतरहकȧ िèथǓतĤाÜतकरनेकेबाद, जबͩकलूपपूराहोगयाहै
औरǓनçपादनयहांआताहैजहांĤोसेस2 स×य/ǫ (true)केबराबरp2_inside सेटकरताहैजोदशा[ताहै
ͩकयहͩĐǑटकलसेÈशन(critical section) केअंदरहैऔरͩĐǑटकलसेÈशन(critical section) के
अंत मɅ, इसे छोड़ने से पहले सेट करता है ͩक p2_inside झूठ/फाãस (false) के बराबर है।
अबइसदूसरेसमाधानकȧ यहआवæयकतानहȣंहैͩकदोनɉ ĤͩĐयाओंकाĤ×यावतȸ ǓनçपादनͩĐǑटकल
सेÈशन(critical section) मɅ हो।इसͧलए, उदाहरणकेͧलए, चूंͩकp1_inside औरp2_inside के
Ĥारंͧभकमानझूठ/फाãस(false) हɇ, मानलɅ ͩकĤोसेस2 पहलेǓनçपाǑदतहोतीहै, इसͧलएयह
p1_inside कोझूठ/फाãस(false) केबराबरदेखताहै, इसͧलएयहइसलूपसेटूटजाताहैऔर
ͩĐǑटकलसेÈशन(critical section) मɅ Ĥवेशकरताहै।इसीĤकार, यǑदĤोसेस1 ǓनçपादनशुǾ नहȣं
करतीहै, तोयहǓनçपाǑदतकरनेकेͧलएĤोसेस1 कȧ आवæयकताकेǒबनाͩĐǑटकलसेÈशन(critical
section) मɅ Ĥवेशजारȣ रखेगी।हालांͩक, इसͪवशेषसमाधानकेसाथसमèयायहहैͩकयहकुछ
पǐरिèथǓतयɉ मɅ पारèपǐरकबǑहçकार/àयूÍयूअलएÈसÈलूशन(mutual exclusion) कȧ गारंटȣ नहȣंदेता
है, यहसंभवहैͩकĤोसेस1 केसाथ-साथĤोसेस2 समयकेउसीसमयͩĐǑटकलसेÈशन(critical
section) मɅ मौजूद हो।"
26,5,(èलाइडसमय का संदभ[ लɅ: 15:45),"।
तोदेखतेहɇ ͩकयहपारèपǐरकबǑहçकार/àयूÍयूअलएÈसÈलूशन(mutual exclusion) हमारेदूसरे
Ĥयासकेͧलएकबनहȣंहोताहै।यहͪवशेषताͧलकायहांसीपीयू(CPU) मɅ ͪवͧभÛनवÈतåयɉ के
Ǔनçपादनकोदशा[तीहैिजसकामतलबहैͩकयहͪवशेषwhile लूपǓनçपाǑदतकरताहैऔरजबसेयह
नीलेरंगमɅ होताहै, इसकामतलबहैͩकयहĤोसेस1 केअनुǾपहै।ͩफरp1_inside स×य/ǫ (true) के
बराबरऔरp2_inside सच/ǫ (true) केबराबरहै, इसͧलएयहहरेरंगकेरंगमɅ है, इसͧलएयहĤोसेस2
के अनुǾप है। और p1_inside सच/ǫ (true) के बराबर ͩफर से Ĥोसेस1 के अनुǾप है।
तो, इसĤकारसीपीयू(CPU) दोĤͩĐयाओंकेअनुǾपǓनदȶशǓनçपाǑदतकरेगाऔरहमारेपास
Ǔनçपादनकेदौरानहोनेवालेकईसंदभ[ िèवचहɇ औरǓनçपादनĤगǓतकेǾपमɅ येͪवͧभÛनÝलैगस
(flags) कȧ िèथǓत हɇ।
तोआइएĤोसेस1 केसाथशुǾ करɅ, हमनेशुǽआतमɅ सेटͩकयाहैͩकp1_inside औरp2_inside दोनɉ
झूठेहɇ, यहदशा[ताहैͩकदोनɉ ĤͩĐयाएंͩĐǑटकलसेÈशन(critical section) मɅ नहȣंहɇ।इसͧलए, यह
ͪवशेषǾपसेलूपपूराहोजाएगा, अǓनवाय[ ǾपसेÈयɉͩकपी2 (p2) अंदरझूठ/फाãस(false) है; अब
मानलȣिजएͩकएकसंदभ[ िèवचहोताहैिजसकेपǐरणामèवǾपĤोसेसपी2 (P2) ǓनçपाǑदतहोतीहै,
इसͧलएयहइनकथनɉ कोǓनçपाǑदतकरेगाजबͩकp1_inside गलतहै, इसͧलएजबͩकलूपटूट
जाएगा। और ͩफर यह सच/ǫ (true) के बराबर p2_inside सेट करता है।
अबइसकेसेटकेतुरंतबादएकसंदभ[ िèवचहैजोहोताहैऔरĤोसेसपी1 (p1) काǓनçपादनजारȣ
रहेगाऔरयहp1_inside कोस×य/ǫ (true) केबराबरसेटकरताहै।अǓनवाय[ Ǿपसेइससंदभ[ िèवच
केकारण, यहवहांसेͩफरसेǓनçपादनशुǾ करेगा, जहांसेइसेरोकǑदयागयाथा, याǓनͩकयहåहाईल
(while) लूपकेपूराहोनेकेतुरंतबादहȣ बंदहोगयाहैऔरͩफरयहअगलेǓनदȶशकेसाथयहाँजारȣ हो
रहाहैयाǓनकȧ p1_inside कोस×य/ǫ (true) केबराबरसेटकरताहै।तो, हमदेखतेहɇ ͩकहमारेपास
एकऐसीअवèथाहैजहांp2_inside सच/ǫ (true) केबराबरहै, यहदशा[ताहैͩकपी2 ͩĐǑटकल
सेÈशन(critical section)मɅ हैऔरp1_inside सच/ǫ (true) केबराबरहैजोइंͬगतकरताहैͩकपी1
(p1) भीͩĐǑटकलसेÈशन(critical section) मɅ है।इसͧलए, हमपारèपǐरकबǑहçकार/àयूÍयूअल
एÈसÈलूशन (mutual exclusion) ĤाÜत करने मɅ स¢म नहȣं हɇ।"
26,6,(èलाइडसमय का संदभ[ लɅ: 18:15),"इसͧलए, ͩĐǑटकलसेÈशन(critical section) समèयाकोहलकरनेकेइसदूसरेĤयासकेसाथमुÉय
समèयायहथीͩकहमारेअंदरदोÚवज/Ýलैग(flags) p1_inside औरp2_inside थे।हालांͩक, हमɅ
इनकेwhile लूपसेतोड़नेकेबादसेटͩकएगएथे, याǓनकȧ इसͪवशेषwhile लूपकेǓनçपादनपूराहोने
औरइसकेĦेककेबादहȣ हमp1_inside कोसच/ǫ (true) मɅ औरp2_inside कोसच/ǫ (true) के
बराबरसेटकररहेहɇ।अǓनवाय[ Ǿपसे, इसकाअथ[ यहहैͩकp1_inside औरp2_inside केवल
ͩĐǑटकलसेÈशन(critical section) मɅ हȣ सच/ǫ (true) सेटͩकयागयाहै, औरयहȣ समèयाहै।तो
देखते हɇ ͩक Èया हम वाèतव मɅ इन ǒबट Đमɉ को बदल सकते हɇ।"
26,7,(èलाइडसमय का संदभ[ लɅ: 19:03),"तो, हमतीसरेĤयाससेशुǾ करɅगेजोͩĐǑटकलसेÈशन(critical section) समèयाकोहलकरनेका
तीसराĤयासहै।औरहमÈयाकरɅगेकेवलएकसाधारणपǐरवत[नहै, इसͧलएहमारेपासp1_inside के
बजाययेदोÝलैगस(flags) हɉगे, अबहमपी1 (p1) (P 1) कोͩĐǑटकलसेÈशन(critical section) मɅ
Ĥवेशकरनाचाहतेहɇ, औरपी2 (P2) ͩĐǑटकलसेÈशन(critical section) मɅ Ĥवेशकरनाचाहताहै।
अǓनवाय[ Ǿपसे, इनमɅ सेĤ×येकÝलैग(flags) स×य/ǫ (true) परसेटहोतेहɇ जबसंबंͬधतĤोसेस
ͩĐǑटकलसेÈशन(critical section) मɅ Ĥवेशकरनाचाहतीहै।इसͧलए, दूसरेĤयासकेसंबंधमɅ हम
यहांमामूलȣ पǐरवत[नयहकरतेहɇ ͩकĤोसेस1 पहलेमह×वपूण[ अनुभागमɅ Ĥवेशकरनेकाइरादा
Ǒदखाता है p1_inside को ǫ (true) करने कȧ इÍछा से।
औरकेवलतभी, यहǓनधा[ǐरतकरनेकȧ कोͧशशकरेगाͩकĤोसेसपी2 (P 2) ͩĐǑटकलसेÈशन
(critical section) मɅ हैयानहȣं।इसͧलए, अǓनवाय[ Ǿपसेयहसेटकरताहैͩकp1_inside सच/ǫ
(true) मɅ Ĥवेशकरनाचाहताहैऔरͩफरयहतबतकwhile लूपǓनçपाǑदतकरेगाजबतकͩकपी2 (P
2) इसेफाãस(false) दज[ करनाचाहताहै।इसͧलए, जबपी2 दज[ करनाचाहताहैतोझूठा/फाãस
(false) होजाताहैयहदशा[ताहैͩकदूसरȣ ĤोसेसनेͩĐǑटकलसेÈशन(critical section) मɅ Ǔनçपादन
पूरा कर ͧलया है तब Ĥोसेस1 ͩĐǑटकल सेÈशन (critical section) मɅ Ĥवेश करेगी।
अंतमɅ, ͩĐǑटकलसेÈशन(critical section)Ǔनçपादनपूण[ करनेकेबादपी1 (p1) Ýलैग(flag) सेट
करताहैपी1 (p1) कोझूठा/फाãस(false) मɅ Ĥवेशकरनाचाहताहै, इसͧलएयहफाãस(false) सेǑटंग,
Ĥोसेस2 कोͩĐǑटकलसेÈशन(critical section)मɅ Ĥवेशकरनेकȧ अनुमǓतदेगी।ÚयानदɅ ͩकͪपछले
ĤयासकेअनुǾपएकमाğ अंतर, यहथाͩकहमÚवज/Ýलैग(flag) कोउसͩĐǑटकलसेÈशन(critical
section) केअंदरसेलेजातेहɇ याǓनकȧ while लूपकेबाद, बजायwhile लूपकेपहले।तो, हमजो
देखतेहɇ वहयहहैͩकयहͪवशेषसमाधानपारèपǐरकàयूÍयूअलएÈसÈलूशन(mutual exclusion)
ĤाÜतकरताहै, इसͧलए, ͪपछलेĤयासकेͪवपरȣतजहांहमनेऐसीिèथǓतĤाÜतकȧ जहांआपसी
बǑहçकारĤाÜतनहȣंहुआथाऔरहमारेपासएकहȣ समयमɅ मह×वपूण[ अनुभागमɅ दोĤͩĐयाएंथीं।इस
समाधानमɅ, पारèपǐरकबǑहçकार/àयूÍयूअलएÈसÈलूशन(mutual exclusion) हाͧसलͩकयाजाताहै;
अǓनवाय[ Ǿपसे, यहगारंटȣ हैͩकजबĤोसेस1 ͩĐǑटकलसेÈशन(critical section) मɅ है, Ĥोसेस2
ͩĐǑटकलसेÈशन(critical section) मɅ नहȣंहैऔरइसकेͪवपरȣतभी।तो,जोगारंटȣ नहȣंहैवह
ĤगǓत/ĤोĒेस(Progress) है।अǓनवाय[ Ǿपसे, हमएकऐसीअवèथाĤाÜतकरसकतेहɇ जहांदोनɉ
ĤͩĐयाएंअंतहȣनǾपसेĤती¢ाकररहȣ हɉ यालूपकेदौरानअंतहȣनǾपसेǓनçपाǑदतहɉ औरहम
देखɅगेͩकयहबातकैसेहोतीहै, इसͧलएऐसीअवèथाकोडेडलॉकèटेट(deadlocked state) केǾपमɅ
जाना जाता है।"
26,8,(èलाइडसमय का संदभ[ लɅ: 21:54),"तोचͧलएइसͪवशेषमामलेमɅ डेडलॉकिèथǓतदेखतेहɇ।तोआइएइसताͧलकामɅ देखɅ, जोǑदखाताहै
ͩकसीपीयू(CPU) समयकेसंबंधमɅ ǓनदȶशकैसेǓनçपाǑदतकरताहै, औरयहताͧलकामौजूदÝलैग
(flags) केͪवͧभÛनमूãयɉ कोभीǑदखातीहै।तोआइएĤोसेस1 ǓनçपादनकेसाथशुǾ करɅ औरसीपीयू
(CPU) इसͪवशेषकथनकोǓनçपाǑदतकरताहैऔरयहसेटकरताहैͩकपी1 (p1) कामानस×य/ǫ
(true) मɅ Ĥवेशकरनाचाहताहै।ͩफरएक‘संदभ[ बदलाव’/’कॉÛटेÈèटिèवच’ (‘context switch’) होता
है, िजसकेपǐरणामèवǾपĤोसेस2 ǓनçपादनहोताहैजोÝलैग(flag) पी2 कोस×य/ǫ (true) मɅ दज[
करना चाहता है।
अबआपदेखतेहɇ ͩकदोनɉ ĤͩĐयाओंनेअपनेसंबंͬधतÝलैग(flags) कोस×य/ǫ (true) परसेटकर
Ǒदयाहै।अबजबदोनɉ ĤͩĐयाएंपाश/लूप(loop) केदौरानइसमɅ Ĥवेशकरतीहɇ, तोहमदेखतेहɇ ͩक
दोनɉ मामलɉ मɅ Ĥोसेस1 औरĤोसेस2 केसाथ, यहÚवज/Ýलैग(flag) स×य/ǫ (true)परसेटͩकयागया
हैयहदशा[ताहैͩकदोनɉ ĤͩĐयाओंकोलूपअंतहȣनǾपसेǓनçपाǑदतकरनाजारȣ रहेगा।अǓनवाय[ Ǿप
से, Ĥोसेस1 Ĥोसेस2 केͧलएÝलैग(flags) को झूठ/फॉãस(false) परसेटकरनेकेͧलएĤती¢ाकररहा
है, जबͩकĤोसेस2 Ĥती¢ाकररहȣ हैयाĤोसेस1 केÝलैग(flag) कोझूठ/फॉãस(false) परसेटकरनेके
ͧलएĤती¢ाकररहाहै।इसͧलए, अǓनवाय[ Ǿपसेहमएकऐसीअवèथातकपहुंचगएहɇ जहांĤ×येक
Ĥोसेसदूसरȣ Ĥोसेसकेͧलएकुछकरनेकȧ Ĥती¢ाकररहȣ है।इसͧलए, यहएकघातक/डेडलॉक
(deadlock) िèथǓतकेǾपमɅ जानाजाताहैऔरयहऑपरेǑटंगͧसèटमस(operating systems) के
बीच काफȧ ͪवचारणीय समèया हो सकता है।"
26,9,(èलाइडसमय का संदभ[ लɅ: 23:39),"तो, डेडलॉककेबारेमɅ औरअͬधकèपçटͪवचारदेनेकेͧलएहमारेपासयहͪवशेषआंकड़ाहै, जहांहमारे
पासĤोसेस1 औरĤोसेस2 मौजूदहै।अबĤोसेस1 लूपमɅ हैऔरयहÝलैगपी2 कोसेटकरनेकेͧलए
Ĥोसेस2 केͧलएǓनरंतरĤती¢ाकररहाहै, झूठ/फाãस(false) मɅ Ĥवेशकरनाचाहताहै।इसीĤकार,
Ĥोसेस2 लगातारलूपयालूͪपंगमɅ Ĥती¢ाकररहाहैऔरइसÚवज/Ýलैग(flag) केͧलएइंतजारकररहा
हैपी1 (p1) झूठपरसेटकरनाचाहताहै।हालांͩक, यहांसमèयायहहैͩकĤोसेस1 कोइसÝलैग(flag)
केमूãयकोबदलनेकȧ जǾरतहैÈयɉͩकयहÝलैग(flag) केवलĤोसेस1 ɮवाराबदलाजासकताहै; इसी
तरहĤोसेस2 कोइसÝलैग(flag) केमूãयकोबदलनेकȧ जǾरतहैÈयɉͩकइसÝलैग(flag) कोकेवल
Ĥोसेस2 ɮवाराबदलाजासकताहै।औरइसͧलए, हमदेखतेहɇ ͩकएकबराबरȣ-का-खेल/टाई(tie) है;
Ĥोसेस1 अपनेÚवज/Ýलैग(flag) केमूãयकोबदलनेकेͧलएĤोसेस2 कȧ Ĥती¢ाकररहाहै; हालांͩक,
Ĥोसेस2 अपनेÝलैग(flag) केमूãयकोनहȣंबदलसकतीहैÈयɉͩकयहÝलैग(flag) केमूãयको
बदलनेकेͧलएĤोसेस1 कȧ Ĥती¢ाकररहȣ है।तो, हमयहांपरͩकसीĤकारकाएकचĐ पेशकरतेहɇ।
इसͧलए, इसचĐ केपǐरणामèवǾपĤोसेस1 औरĤोसेस2 दोनɉ एकदूसरेकेͧलएएकसततसमयके
ͧलएइंतजारकररहेहɇ, इसͧलएइसेडेडलॉककेǾपमɅ जानाजाताहै।तो, बादकेवीͫडयोमɅ, हमइस
बारेमɅ अͬधकजानकारȣ देखɅगेͩकडेडलॉÈसकैसेहोतेहɇ औरउÛहɅ कैसेरोकाजासकताहैऔरइससे
बचा जा सकता है।"
26,10,(èलाइडसमय का संदभ[ लɅ: 25:18),"तोदेखतेहɇ ͩकतीसरेĤयासकेसाथसमèयाÈयाथी।अǓनवाय[ Ǿपसेहमारेपासइसकȧ Ýलैग(flag)
èथाͪपतकरनेकȧ ĤोसेसथीऔरअÛयĤोसेसÝलैग(flag) कोझूठ/फाãस(false) परसेटकरनेकȧ
Ĥती¢ाकरनीथी।औरहमनेदेखाहैͩकदोनɉ ĤͩĐयाएंलूपमɅ Ĥवेशकरसकतीहɇ औरएक-दूसरेकȧ
Ĥती¢ाकरसकतीहɇ, हमारेपासएकडेडलॉकिèथǓतहोगी।अबजबभीहमारेपासऐसीडेडलॉकिèथǓत
हो, तोअगलȣ सबसेअÍछȤ बातयहहैͩकहमɅ वाèतवमɅ डेडलॉकिèथǓतसेबाहरǓनकलनेकाएक
तरȣकाढूंढनाहोगा।अǓनवाय[ ǾपसेहमɅ यहसुǓनिæचतकरनेकȧ आवæयकताहैͩकएकऔरवाèतवमɅ
इनदोĤͩĐयाओंमɅ सेएककोåहाइल(while) लूपसेतोड़ǑदयाजाएगाऔरͩĐǑटकलसेÈशन(critical
section) मɅ Ĥवेश ͩकया जाएगा।"
26,11,(èलाइडसमय का संदभ[ लɅ: 26:03),"तो, यहसमाधानपीटरसनɮवाराबनायागयाथा, औरयहपीटरसनकेसमाधानकेǾपमɅ जानाजाता
है, औरअǓनवाय[ ǾपसेएकअÛयवेǐरएबल(variable) हैिजसेfavored केǾपमɅ जानाजाताहै,
इसͧलएयहएकवैिæवकǾपसेपǐरभाͪषतचरहैिजसेदोĤͩĐयाओंकेबीचसाझाͩकयाजाताहै।
अǓनवाय[ Ǿपसे, favored वेǐरएबलÈयाकरताहैͩकजबभीडेडलॉकिèथǓतहोतीहै, तोयहĤͩĐयाओं
मɅ सेएककासमथ[नकरतीहै, औरवहĤोसेसतबͩĐǑटकलसेÈशन(critical section) मɅ Ĥवेशकरेगी।
जबͩकदूसरȣ ĤोसेसतबतकĤती¢ाजारȣ रहेगीजबतकदूसरȣ ĤोसेसअपनेÝलैग(flag) को
झूठ/फाãस (false) नहȣं रखती।
इसͧलए, अǓनवाय[ Ǿपसेपीटरसनकासमाधानदूसरȣ Ĥोसेसकेप¢ मɅ मूãयǓनधा[ǐरतकरताहैताͩक
यहͩĐǑटकलसेÈशन(critical section) मɅ ĤवेशकरनेकेͧलएअÛयĤोसेसकाप¢ ले।अबइसका
समथ[नबराबरȣ/टाई(tie) कोतोड़नेकेͧलएͩकयाजाताहैजबदोनɉ पी1 (p1) औरपी2 ͩĐǑटकल
सेÈशन(critical section) मɅ Ĥवेशकरनाचाहतेहɇ, याǓनͩकजबदोनɉ पी1 (p1) औरपी2 इसwhile
लूपकȧ Ĥती¢ाकररहेहɉ, याजबͩकइसकेदौरानwhile लूपकोǓनçपाǑदतकररहेहɉ।इसͪवशेष
समाधानकाकारणयहहैͩक, दोĤͩĐयाओंमɅ सेकेवलदोमानहɇ जोfavored केहोसकतेहɇ, यह
केवलएकयादोलेसकताहै, औरइसͧलएइनåहाइललूप(while loops) सेकेवलएकहȣ हैजो
वाèतव मɅ Ǔनçपादन को तोड़ दɅगे या पूरा करɅगे।"
26,12,(èलाइडसमय का संदभ[ लɅ: 27:31),"तोआइएइसेऔरअͬधकͪवèतारसेदेखɅ।इसͧलए, हमनेदोĤͩĐयाओंपी1 (p1) औरपी2 (p2) को
देखाहै, औरसबकुछतीसराĤयासहैजोहमचाहतेहɇ ͩकपी1 (p1) स×य/ǫ (true) परसेटकरना
चाहताहैऔरͩफरåहाइललूप(while loop) हैऔरͩफरͩĐǑटकलसेÈशन(critical section) औरͩफर
पी1 (p1) चाहताहैझूठपरसेटकरनेकेͧलए।अबहमारेपासपीटरसनसमाधानमɅ एकfavored जोड़ा
गयाहैऔरयहfavored दोपरसेटहैऔरदूसरȣ ĤोसेसमɅ favored एकसेटपरसेटहै।इसͧलए, अÛय
सभीमामलɉ मɅ यहͪवशेषपीटरसनकासमाधानͩĐǑटकलसेÈशन(critical section) समाधानबनाने
केहमारेतीसरेĤयासकȧ तरहåयवहारकरताहै।हालांͩकएकमाğ अंतरतबआताहैजबदोनɉ ĤͩĐयाएं
एकहȣ समयमɅ लूपकेदौरानइसमɅ Ĥवेशकरतीहɇ।ऐसेमामलेमɅ, favored कामूãयǓनधा[ǐरतकरेगा
ͩकदोनɉ ĤͩĐयाओंमɅ सेकौनसीĤोसेसͩĐǑटकलसेÈशन(critical section) मɅ Ĥवेशकरतीहै।तो
आइएहमकहɅ ͩकĤोसेस2 काfavored हैऔरयहͩĐǑटकलसेÈशन(critical section) मɅ Ĥवेशकरता
है, औरइसकेͩĐǑटकलसेÈशन(critical section) केअंतमɅ यहसेटकरताहैͩकपी2 झूठ/फाãस
(false) मɅ Ĥवेशकरनाचाहताहै।तो, यादरखɅ ͩकइसपूरेअवͬधकेदौरानपी1 (p1) अभीभीĤती¢ा
कररहाहैयाअभीभीåहाइललूप(while loop) मɅ ǓनçपाǑदतहै।अबजबĤोसेस2 अपनेÝलैग(flag)
कोझूठ/फाãस(false) परसेटकरताहै, तोåहाइललूप(while loop) कोतोड़नेकायहत×कालकारण
बनताहै, पǐरणामèवǾपĤोसेस1 ͩĐǑटकलसेÈशन(critical section) मɅ Ĥवेशकरेगी।तो, आपदेखतेहɇ
ͩककेवलतभीजबĤोसेस2 ͩĐǑटकलसेÈशन(critical section) सेǓनकलतीहैतोकेवलĤोसेस1
ͩĐǑटकलसेÈशन(critical section) मɅ Ĥवेशकरेगी, इसĤकारपारèपǐरकबǑहçकरण/àयूÍयूअल
एÈसÈलूशन(mutual exclusion) ĤाÜतहोगा।इसकेअलावा, हमनेदेखाथाͩकबाÚयवजन/बॉÖडेड
वेट(bounded weight) कामुɮदाहलहोगयाहैऔरसाथहȣ ĤगǓत/ĤोĒेस(progress) कȧ बातहलहो
गई है। पीटरसन (Peterson) का समाधान दो ĤͩĐयाओं के ͧलए बहुत कुशलतापूव[क काम करता है।
अगलेवीͫडयोमɅ, हमबेकरȣ एãगोǐरदमदेखɅगेिजसकाउपयोगͧसèटममɅ कईĤͩĐयाओंकेदौरान
ͩĐǑटकलसेÈशन(critical section) समèयाकोहलकरनेकेͧलएͩकयाजाताहै।इसͧलए, बेकरȣ
एãगोǐरदम मह×वपूण[ धारावाǑहक समèया हल करता है जब ĤͩĐयाओं कȧ संÉया दो से अͬधक होती है।
धÛयवाद।"
27,0,,"ऑपरेǑटंग ͧसèटम (Operating System) का पǐरचय
Ĥोफेसर चेèटर रेबेरो
संगणक ͪव£ान और अͧभयांǒğकȧ ͪवभाग
भारतीय Ĥौɮयोͬगकȧ संèथान, मġास
सÜताह- 06
åयाÉयान - 26
ͧसंĐनाइज़ेशन (Synchronization) के ͧलए बेकरȣ एãगोǐरदम
इसवीͫडयोमɅ, हमबेकरȣ एãगोǐरदम(bakery algorithm) देखɅगे, जोͩĐǑटकलसेÈशन(critical
section) समèयाकाएकसॉāटवेयरसमाधान(software solution) है।अǓनवाय[ Ǿपसेपीटरसन
(Peterson) केसमाधानकȧ तुलनामɅ जोहमनेपहलेदेखाथा, यहएãगोǐरदम(algorithm) Ĥोसेसेस
कȧ बड़ीसंÉयाकेͧलएसबसेउपयुÈतहै।अǓनवाय[ ǾपसेजबहमारेपासĤͩĐयाओंकȧ संÉया2 से
अͬधक होती है, तो बेकरȣ एãगोǐरदम (algorithm) कुशलतापूव[क काम करेगा।"
27,1,(èलाइडसमय का संदभ[ लɅ: 00:43),"तो, बेकरȣ एãगोǐरदम(Bakery algorithm) काआͪवçकारलेèलȣ लàपोट[ ( Leslie Lamport) ɮवारा
ͩकयागयाथा, औरआपयहांमौजूदइसͪवशेषवेबसाइटसेअͬधकजानकारȣ ĤाÜतकरसकतेहɇ।
इसͧलए, बेकरȣ एãगोǐरदम(Bakery Algorithm) काआवæयकपहलूरोटȣघर/बेकरȣ (Bakery) और
बɇकɉ (Banks) कȧ Ĥेरणाहै।कुछबेकरȣ मɅ, हमजोदेखतेहɇ वहयहहैͩकजबहमबेकरȣ मɅ Ĥवेशकरते
हɇ, तोहमɅ बेकरȣ मɅ उदाहरणकेͧलएएकपǑट[कुलरटोकन(particular token) Ǒदयाजाताहै, हमɅ यहां
मौजूद एक संÉया के साथ एक टोकन Ǒदया जाएगा।
तोइसͪवशेषमामलेमɅ, हमारेपासएकटोकनसंÉया196 हैजोमौजूदहै।अबहमɅ कुछसमयतक
इंतजारकरनाहोगाजबतकटोकनसंÉया196 कोबुलायानजाए।इसͧलए, हमारेपासयहांएक
Ĥदश[नहैजोसमय-समयपरटोकनसंÉयाǓनधा[ǐरतकरेगा, औरजबटोकनसंÉया196 Ĥदͧश[तकȧ
जातीहैतोआपबेकरȣ सेअपनाखानाĤाÜतकरसकतेहɇ औरआपखासकतेहɇ।इसͧलए, अǓनवाय[ Ǿप
सेजबहमइसेͧसंĐनाइज़ेशन(synchronization) केपहलूसेदेखतेहɇ, तोहमदेखतेहɇ ͩकहमͩकसी
ͪवशेषकाउंटरकेउपयोगकोͧसंĐनाइज़(synchronize) करनेकाĤयासकररहेहɇ।ऐसेमɅ सभीलोग
िजनकेपासइसतरहकेटोकनहɇ, उनकोतबतकइंतजारकरनाचाǑहएजबतकͩकउनकȧ संÉयाको
बुलायाजाताहै, तबĐͧमकǾपसेĤ×येकåयिÈतउसकȧ संÉयाबुलाईजानेपरकाउंटरमɅ जाताहै, और
जो कुछ भी वह चाहता है उसे पाने मɅ स¢म होता है और यहाँ उदाहरण के ͧलए खाना।"
27,2,(èलाइडसमय का संदभ[ लɅ: 02:16),"तो, हमदेखɅगेͩकबेकरȣ एãगोǐरदम(Bakery algorithm) काउपयोगͩĐǑटकलसेÈशन(critical
section) समèयाकोहलकरनेकेͧलएकैसेͩकयाजाताहै।तो, हमबेकरȣ एãगोǐरदम(algorithm) के
सरलȣकृतएनाͧलͧसस(analysis) केसाथशुǾ करɅगे।इसͧलए, इसͪवशेषएãगोǐरदमकाउपयोग
ͩĐǑटकलसेÈशन(critical section) समèयाकोहलकरनेकेͧलएͩकयाजाताहैजबएन(N) ĤͩĐयाएं
शाͧमलहोतीहɇ औरयेसभीएन(N) ĤͩĐयाएंएकहȣ ͩĐǑटकलसेÈशन(critical section) तकपहुंचती
हɇ।अबएकवैिæवक/Êलोबल(global) डेटाभीहैजोइनएन(N) ĤͩĐयाओंकेबीचसाझाͩकयाजाताहै
औरयहडेटाnum केǾपमɅ जानाजाताहै।तो, num कȧ लंबाईआकारएन(N) काआकारहै; अǓनवाय[
Ǿप से Ĥ×येक ĤͩĐया मɅ इस num सरणी/ऐरे (array) मɅ एक ͪवशेष अनुĐमͨणका है।
इसͧलए, उदाहरणकेͧलएĤͩĐयाशूÛय(0) मɅ num शूÛय(0) केअनुǾपflag होगा, ĤͩĐया1 मɅ num
1 है, ĤͩĐया2 मɅ num 2 हैऔरइसीतरह।दूसरा, Ǔनçपादनकȧ शुǽआतमɅ, सारेnum कायहमान
शूÛय(0) परसेटहोगयाहै।अबएकमह×वपूण[ खंड/ͩĐǑटकलसेÈशन(critical section) मɅ Ĥवेश
करनेकेͧलए, पहलेĤͩĐयाकोलॉककॉलको‘आई’/ ‘i’ केमानकेसाथबुलाएजानेकȧ आवæयकता
होगी।तो, ‘i’ ĤͩĐयासंÉयाहै, उदाहरणकेͧलएएकĤͩĐयाआईडी(id)।इसͧलए, हमारेपासएन(N)
ĤͩĐयाएंहɇ, इसͧलए‘i’ कामानशूÛय(0) सेएन(N) घटाव/माइनस(minus) 1 तकहोसकताहूं।और
मह×वपूण[ खंड/ͩĐǑटकलसेÈशन(critical section) केबाहरǓनकलनेपर, फ़ंÈशनअनलॉकͩकयाजाता
है, जहां num संÉया का मान शूÛय/0 पर सेट ͩकया जाता है।
तोचलोदेखɅ ͩकलॉक(lock) औरअनलॉक(unlock) वाèतवमɅ आंतǐरकǾपसेÈयाकररहाहै।
इसͧलए, जबकोईĤͩĐयाआई(‘i’) केलॉककाआéवानकरतीहैजहांआई(‘i’) इसकȧ संÉयाहै; इसका
संबंͬधतnum मान।इसͧलए, आई(‘i’) केnum कोअͬधकतममूãयपरसेटͩकयागयाहै, अǓनवाय[
ǾपसेयहͪवशेषफंÈशन(function) MAX सभीĤͩĐयाओंकेअनुǾपसभीसंÉयाओंकोदेखनेजारहा
हैऔरउनमेसेअͬधकतमĤाÜतकरकेऔरउसमɅ एकजोड़ताहै।तो, आई(‘i’) कȧ num कȧ संÉया
उÍचतमसंÉयाĤाÜतकरनेजारहȣ हैजोसाझा‘num’ सरणी(array) केबीचमौजूदहै।दूसरावहाँफॉर
लूप(for loop) है, जोसभीĤͩĐयाओंकेमाÚयमसेèकैनकरताहै।तो, “पी(p) शूÛयकेबराबरसेएन
Üलस Üलस (N++) से कम, पी (p)”|
औरइसफॉरलूप(for loop) केभीतर, एकåहाइललूप(while loop) होताहैजोदोचीजɉ कȧ जांच
करताहै, यहजांचताहैͩक‘पी(p) परnum’ कȧ संÉयाशूÛय(0) केबराबरनहȣंहैऔर‘पी(p) पर
num’ कमहै‘आई(i) परnum’ से।तो, अǓनवाय[ Ǿपसेयहͪवशेषåहाइललूप(while loop) टूट
जाएगा, जब‘पी(p) परnum’ शूÛय/0 हैयायहͪवशेषिèथǓतगलतहै।तो, अǓनवाय[ Ǿपसेआई(i)
संÉयापी(p) सेकमयाबराबरहै।इसͧलए, अǓनवाय[ Ǿपसे, ĤͩĐयाकेवलमह×वपूण[ खंड/ͩĐǑटकल
सेÈशन(critical section) मɅ ĤवेशकरेगीयǑदउसकेपासआई(i) परnum काǓनàनतमगैर-शूÛय
मान है।"
27,3,(èलाइडसमय का संदभ[ लɅ: 05:25),"तोआइएइसेएकउदाहरणकेभीतरदेखɅ।तोआइएमानलɅ ͩकहमारेपासपांचĤͩĐयाएंपी1 (P1) से
पी5 (P5) हɇ, औरयेnum केमानहɇ।इसͧलए, num सरणी(array) मɅ पांचत×वभीहɇ, औरइनमɅ से
Ĥ×येकत×वएकĤͩĐयासेमेलखाताहै।तोशुÛय/0 परnum पी1 (P1) कȧ ĤͩĐयाकेअनुǾपहोतीहै,
औरnum 1 पी2 (P2) सेमेलखातीहै, num 2 पी3 (P3) सेमेलखातीहैऔरइसीतरह।अबआइए
यहभीमानलɅ ͩकयेसभीĤͩĐयाएंलगभगएकसाथलॉकआई(‘i’) कोबुलातीहɇ, अǓनवाय[ Ǿपसेये
सभीĤͩĐयाएंलगभगएकसाथमह×वपूण[ अनुभाग/ͩĐǑटकलसेÈशन(critical section) मɅ Ĥवेश
करना चाहती हɇ। तो Èया होगा?"
27,4,(èलाइडसमय का संदभ[ लɅ: 06:11),"मानलɅ ͩकĤͩĐयापी3 (P3) ǓनçपाǑदतहोनेलगतीहै।तो, यहयहांआताहैऔरयहपाताहै, सीपीयू
कोपताचलताहैͩकमौजूदसभीसंÉयाओंमɅ सेMAX 0 है, इसͧलएपी3 (P3) केअनुǾपnum, 1 पर
सेट है।"
27,5,(èलाइडसमय का संदभ[ लɅ: 06:29),तो आइए पी4 (P4) ǓनçपाǑदत करɅ और इसे यह '4 पर num’ का मान 2 के बराबर ĤाÜत होता है।
27,6,(èलाइडसमय का संदभ[ लɅ: 06:39),"ͩफरपी5 (P5) ǓनçपाǑदतकरताहै, औरपी2 (P2) ǓनçपाǑदतहोताहैऔरउÛहɅ अनुǾपnum केमान3
और4 ͧमलताहै।अब, चलोहमकहतेहɇ ͩकहमलूपकेइसǑहèसेमɅ आतेहɇ, औरहमदेखतेहɇ ͩक
संÉयाकेसबसेकमगैर-शूÛय(nonzero) मानकेसाथĤͩĐयामह×वपूण[ खंड/ͩĐǑटकलसेÈशन
(critical section) मɅ Ĥवेशकरेगी।तोइसͪवशेषमामलेमɅ, हमसंÉयाकेइनसभीͪवशेषमूãयɉ के
माÚयमसेèकैनकरतेहɇ औरहमदेखतेहɇ ͩकपी3 (P3) कासबसेकममूãयहै।इसͧलए, पी3 (P3) को
मह×वपूण[ खंड/ͩĐǑटकल सेÈशन (critical section) मɅ ǓनçपाǑदत करने कȧ आवæयकता है।"
27,7,(èलाइडसमय का संदभ[ लɅ: 07:10),"तो, पी3 (P3) मह×वपूण[ खंड/ͩĐǑटकलसेÈशन(critical section) मɅ ǓनçपाǑदतकरताहैऔरमह×वपूण[
खंड/ͩĐǑटकलसेÈशन(critical section) केअंतमɅ यहइसीमानकोशूÛय(0) परसेटकरताहैÈयɉͩक
अÛय ĤͩĐयाएं भी इस ͪवशेष लूप मɅ Ĥती¢ा कर रहȣ हɇ।"
27,8,(èलाइडसमय का संदभ[ लɅ: 07:25),"तो, अगलȣ सबसेकमसंÉयाजोĤͩĐयापी4 (P4) सेमेलखातीहैऔरउसकेपास2 कामानहै,
मह×वपूण[ अनुभाग/ͩĐǑटकलसेÈशन(critical section) मɅ ǓनçपाǑदतहोगा।इसͧलए, ĤͩĐयापी4
(P4) मह×वपूण[ खंड/ͩĐǑटकलसेÈशन(critical section) मɅ ĤवेशकरतीहैऔरइसकेअंतमɅ Ĥोसेस
पी4 (P4) केͧलएसंÉयाशूÛय(0) परसेटकȧ जातीहै।औरͩफरĤोसेसपी5 (P5) Ǔनçपादनकरतीहै
और ͩफर Ĥोसेस पी2 (P2) Ǔनçपादन करती है।"
27,9,(èलाइडसमय का संदभ[ लɅ: 07:44),"तो, ĤͩĐयापी2 (P2) ǓनçपाǑदतहोगी, Èयɉͩकयहहैएकमाğ गैर-शूÛय(nonzero) संÉयाजोमौजूदहै।
तो, पी2 (P2) Ǔनçपादन के अंत मɅ, हमɅ num के सभी मान ĤाÜत होते हɇ जो शूÛय/0 पर वापस आते हɇ।"
27,10,(èलाइडसमय का संदभ[ लɅ: 08:06),"इसͧलए, एकआवæयकतायाएकधारणािजसेहमनेयहांबनायाहैवहयहहैͩकयहͪवशेषMAX को
सɋपागयाकामपरमाणͪवक(atomic) होनाचाǑहए; अǓनवाय[ ǾपसेयहसुǓनिæचतकरनेकेͧलए
आवæयक है ͩक कोई भी दो ĤͩĐयाएं ǒबãकुल समान टोकन न ĤाÜत करɅ।"
27,11,(èलाइडसमय का संदभ[ लɅ: 08:23),"अǓनवाय[ Ǿपसे, इसकामतलबहैͩकजबकोईͪवशेषĤͩĐयाइसͪवशेषकथनकोǓनçपाǑदतकररहȣ है
जोइनसभीसंÉयाओंमɅ सेMAX कोपातीहैऔरइसमɅ 1 जोड़तीहैतोकोईसंदभ[ िèवचनहȣंहोसकता
है।यहसंपूण[ कथनएकइकाईकेǾपमɅ ǓनçपाǑदतकरताहै।इसͧलए, हमइसͪवशेषधारणाकोÈयɉ
देखतेहɇ ͩकहमɅ यहसुǓनिæचतकरनेकȧ आवæयकताहैͩकदोĤͩĐयाओंकोएकहȣ संÉयाĤाÜतनहो।
तोदेखतेहɇ ͩकÈयाहोगायǑदहमारेपासवाèतवमɅ एकहȣ संÉयावालȣ दोĤͩĐयाएंहɉगी, अǓनवाय[ Ǿप
सेÈयाहोगायǑदयह‘doorway’ या‘doorway’ केǾपमɅ जानाजानेवालायहकथनपरमाणͪवक
(atomic) नहȣंहै।इसͧलए, हमपांचĤͩĐयाओंकाहमाराउदाहरणलɅगेऔरहमइसͪवशेषउदाहरणके
संबंध मɅ देखɅगे।"
27,12,(èलाइडसमय का संदभ[ लɅ: 09:19),"तो, सामाÛयǾपसेहमɅ कहɅ ͩकĤͩĐयापी3 (P3) पहलेलॉक(lock) काआéवानकरतीहै, औरयह
नंबर 1 ĤाÜत करती है Èयɉͩक सबसे छोटȣ संÉया अÛय सभी संÉया शुÛय/0 है।"
27,13,(èलाइडसमय का संदभ[ लɅ: 09:34),"ͩफरआइएमानलȣिजएͩकपी4 (P4) औरपी5 (P5) ĤͩĐयाएकसाथMAX ǓनçपाǑदतकरतीहै,
िजसके पǐरणामèवǾप दोनɉ को 2 का मान ͧमल रहा है।"
27,14,(èलाइडसमय का संदभ[ लɅ: 09:45),"औरͩफर, हमारेपासĤͩĐयापी2 (P2) हैजो3 मूãय/वेãयू(value) ĤाÜतकरतीहै. अब, इसलॉकके
दूसरेभागमɅ Èयाहोगा? इसͧलए, हमसामाÛयǾपमɅ देखɅगेĤͩĐयापी3 (P3)पहलेǓनçपाǑदतकरनेजा
रहȣ है, ÈयɉͩकइसमɅ सबसेकमसंÉयाहै।औरएकबारयहमह×वपूण[ खंड/ͩĐǑटकलसेÈशन(critical
section) सेबाहरǓनकलनेकेबाद, पी3 (P3) इसकȧ इसीसंÉयाकोशूÛय(0) परसेटकरनेजारहाहै,
इसͧलएपी3 (P3) केअनुǾपयहसंÉया0 परसेटहोगईहै।इसकेबादपी4 (P4) औरपी5 (P5) के
अनुǾपदोछोटȣ संÉयाएंहɇ जोबराबरहɇ ।इसͧलए, इसकेपǐरणामèवǾप, हमारेपासĤͩĐयापी4 (P4)
हैऔरĤͩĐयापी5 (P5) हैजोएकसाथमह×वपूण[ खंड/ͩĐǑटकलसेÈशन(critical section) मɅ Ĥवेश
करती है।
औरइसĤकारहमपारèपǐरकबǑहçकरण/àयूÍयूअलएÈसÈलूशन(mutual exclusion) ĤाÜतनहȣं
करतेहɇ, इसͧलएयहआवæयकहैͩकयहMAX ऑपरेशनसूêम-इकाई/परमाणͪवक/एटॉͧमक(atomic)
है।इसͧलए, यहसुǓनिæचतकरेगाͩकदोĤͩĐयाओंकेͧलएnum कामानसमाननहȣंͧमलेगा; औरइस
ĤकारयहसुǓनिæचतकरेगाͩकमह×वपूण[ खंड/ͩĐǑटकलसेÈशन(critical section) ͩकसीभीसमय
केवलएकĤͩĐयाɮवाराǓनçपाǑदतͩकयाजाताहै।इसकेबादआपजोदेखनेजारहेहɇ वहइसͪवशेष
धारणाकȧ छूटहै, इसͧलएहमइसे‘मूलबेकरȣ एãगोǐरदम’ (original bakery algorithm) केǾपमɅ
जानते हɇ, जहां हमɅ इस कथन को एटॉͧमक (atomic) बनाने कȧ आवæयकता नहȣं है।"
27,15,(èलाइडसमय का संदभ[ लɅ: 11:05),"मूलबेकरȣ एãगोǐरदमǓनàनानुसारहै; साझासरणी/शेयड[ ऐरे‘num’ केअलावा, जोपहलेजैसामौजूद
है।हमारेपासएकसाझासरणीभीहैिजसे""choosing"" कहाजाताहै।तो, यहएकबूͧलयन(Boolean)
सरणी/ऐरे(array) हैऔरइसमɅ स×य/ǫ (true) औरझूठ/फॉãस(false) कामानहोसकताहै; औरइस
सरणीकȧ यहलंबाईएन(N) हैͩकĤ×येकĤͩĐयाका‘choosing’ मɅ एकͪवशेषत×वहोगा।इसͧलए,
अǓनवाय[ Ǿपसेयहͪवशेष‘choosing’ ĤोसेसकेMAX कोआमंǒğतकरनेसेपहलेस×यपरसेटͩकया
गयाहैऔरइसͪवशेषMAX फ़ंÈशनकोलागूकरनेकेबादऔर1 जोड़ागयाहै, तोĤͩĐयाइस
‘choosing’ मान को झूठ/फॉãस (false) पर सेट करेगी।
इसͧलए, एãगोǐरदमकेदूसरेभागमɅ कुछमामूलȣ पǐरवत[नभीहɇ।सबसेपहले, हमारेपासएकबयानहै
िजसेकहतेहɇ åहाइल(while) choosing पी(P), जोयहांमौजूदहै।इसͧलए, यहͪवशेषबयानयह
सुǓनिæचतकरेगाͩकएकĤͩĐयाडोरवे/ doorway परनहȣंहै, िजससेयहसुǓनिæचतहोगाͩकवत[मान
मɅ इसMAX केमाÚयमसेĤͩĐयाकोएकनयानंबरअसाइननहȣंͩकयाजारहाहै, याǓनकȧ यह
ĤͩĐया num का एक नया मान नहȣं चुन रहȣ है।"
27,16,(èलाइडसमय का संदभ[ लɅ: 12:26),"दूसरा, हमारेपासåहाइललूप(while loop) कादूसराभागहैजोअǓनवाय[ Ǿपसेहालतकȧ जांचमɅ
बदलताहै, िजसमɅ हमारेपासटपल‘नमऑफ़पीकॉमापी’ (num of p comma p) हैजो‘नमऑफ़
आईकॉमाआई’ (num of i comma i) केसाथचेकͩकयागयाहै।तो, इसिèथǓतकȧ जांचकामतलब
यहांपरͧलखागयाहैऔरइसकामतलबǓनàनͧलͨखतहै।यǑदएकॉमाबीकमहैसीकॉमाडीसे, यह
बराबर है ए कम है सी , या बराबर है सी और बी कम है डी से |
इसͪवशेषजǑटलǑदखनेवालȣ जांचकाउपयोगउसिèथǓतकोतोड़नेकेͧलएͩकयाजाताहैजबदो
ĤͩĐयाओंमɅ num कामानसमानहोताहै।इसͧलए, जैसाͩकहमनेपहलेदेखाहैͩकदोĤͩĐयाओंको
num केसमानमानǑदएजातेहɇ, तोइसिèथǓतकाउपयोगइसमुɮदेकोहलकरनेकेͧलएͩकया
जाताहै, औरयहसुǓनिæचतकरताहैͩकइनदोनɉ ĤͩĐयाओंमɅ सेकेवलएकमह×वपूण[
अनुभाग/ͩĐǑटकलसेÈशन(critical section) मɅ Ĥवेशकरे।जबp काnum, i केnum केबराबरहोता
है, याǓनͩक दोनɉ संÉयाओंकाएकहȣ मूãयहोताहै, हमɅ ĤͩĐयाओंमɅ सेͩकसीएककाप¢ लेनेकȧ
आवæयकता होती है। तो ऐसे मामले मɅ, हम छोटे आई ‘i’ मूãय कȧ ĤͩĐया का प¢ लेते हɇ।"
27,17,(èलाइडसमय का संदभ[ लɅ: 13:44),"तोआइएहमइसेउसीउदाहरणकेसाथदेखɅ जैसाहमनेपहलेदेखाथा।तोआइएहमइसउदाहरणको
दोबारादेखɅ औरयहकहɅ ͩकसामाÛयĤͩĐयाकेǾपमɅ पी3 (P3) पहलेइसMAX कोǓनçपाǑदतकरता
हैऔरइसेसबसेछोटानंबरǑदयाजाताहै, ͩफरपी4 (P4) औरपी5 (P5) केसाथसमानसंÉया2 ĤाÜत
करनेकेͧलएहोताहैऔरͩफरपी2 (P2) कोअगलाउÍचतममान3 ĤाÜतहोताहै| हमइसलॉͩकंगके
दूसरेभागकोदेखतेहɇ।इसͧलए, पहलȣ ĤͩĐयाजोमह×वपूण[ खंड/ͩĐǑटकलसेÈशन(critical section)
मɅ ǓनçपाǑदतकरतीहैकाफȧ èपçटहैͩकपी3 (P3) है, ÈयɉͩकइसमɅ सबसेकमसंÉयाहै, इसͧलएपी3
(P3) ǓनçपाǑदतकरताहै।औरअंतमɅ, यहnum कामान3 सेशूÛयशूÛय(0) Ǔनधा[ǐरतकरेगा।अब
ǓनçपाǑदत होने वालȣ अगलȣ ĤͩĐया या तो पी4 (P4) या पी5 (P5) हो सकती है।
तो, हमइनदोĤͩĐयाओंकेबीचकैसेचयनकरतेहɇ? हमनेदेखाहैͩकदोनɉ संÉयापी(p) काnum
औरआई(i) काnum इसतरहकेमामलेमɅ दो(2) हɇ, इसͧलए, ĤͩĐयामɅ सेͩकसीएककाप¢ लेनेके
ͧलए, हमदूसरेभागकोदेखतेहɇ जोͩकपीऔरआई(p and i) है, इसͧलए, हमइसआधारपरहमउस
ĤͩĐयाकाप¢ लɅगेिजसमɅ कमसंÉयाहैऔरइसͧलए, मह×वपूण[ खंड/ͩĐǑटकलसेÈशन(critical
section) मɅ पी4 (P4) ǓनçपाǑदतकरताहै।तो, पी4 (P4) ǓनçपाǑदतकरनेकेबादइसकामानशूÛय(0)
पर सेट हो गया है, और ͩफर काफȧ èवाभाͪवक Ǿप से पी5 (P5) ǓनçपाǑदत होता है।
औरपी5 (P5) ǓनçपाǑदतहोनेकेबादसामाÛयǾपसेपी2 (P2) ǓनçपाǑदतहोगा।इसĤकारहमयहां
परबूͧलयनसरणी(Boolean array) चुननेकेअलावासाथ-साथऔरअͬधकजǑटलसशत[ जांचजो
MAX केसूêम/परमाणुसंचालनकȧ आवæयकताकोहलकरनेमɅ मददकरɅगे।तो, यहमूलबेकरȣ
एãगोǐरदम(Bakery algorithm) हैिजसेलेèलȣ लैमपोट[ (Leslie Lamport) ɮवाराĤèताͪवतͩकया
गयाथा; औरĤͩĐयाओंकȧ संÉया2 सेअͬधकहोनेपरयहमह×वपूण[ अनुभाग/ͩĐǑटकलसेÈशन
(critical section) समèया को हल करने मɅ कुशलतापूव[क मदद करता है।
धÛयवाद।"
28,0,,"ऑपरेǑटंग ͧसèटम (Operating System) का पǐरचय
Ĥोफेसर चेèटर रेबेरो
संगणक ͪव£ान और अͧभयांǒğकȧ ͪवभाग
भारतीय Ĥौɮयोͬगकȧ संèथान, मġास
सÜताह- 06
åयाÉयान - 27
लॉͩकंग (Locking) को कैसे काया[िÛवत करɅ (हाड[वेयर समाधान और उपयोग)
नमèकार।इसͪवशेषवीͫडयोमɅ हमगंभीरअनुभागसमèया/ͩĐǑटकलसेÈशनĤॉÞलम (Critical
Section Problem) हल करने के ͧलए हाड[वेयर समाधान देखɅगे।
तोͪपछलेवीͫडयोमɅ हमनेगंभीरसमाधानसमèयाकोहलकरनेकेͧलएसॉāटवेयरसमाधानɉ कोदेखा
था।हालांͩक, åयावहाǐरकǾपसेयेसमाधानबहुतकुशलनहȣंहɇ।इसͧलएअßयासमɅ ऑपरेǑटंगͧसèटम
केसाथ-साथअनुĤयोगɉ/एÜलȣकेशनसमɅ, हाड[वेयरतकनीकɉ काउपयोगमह×वपूण[ अनुभाग/ͩĐǑटकल
सेÈशन(critical section) समèयाकोकुशलतापूव[कहलकरनेकेͧलएͩकयाजाताहै।तोहमइस
वीͫडयो को छोटे Ĥेरक उदाहरण के साथ शुǾ करɅगे।
तोआइएहमइसͪवशेषउदाहरणसेशुǾ करɅ।आइएहमकहɅ ͩकहमारेपासदोĤͩĐयाएंहɇ; ĤͩĐया1
औरĤͩĐया2 औरदोनɉ मɅ एकसमानमह×वपूण[ अनुभाग/ͩĐǑटकलसेÈशन(critical section) हैजो
समानसाझाडेटातकपहुंचताहै।औरयहभीकहɅ ͩकहमारेपासयह‘साझाचर’/’शेयड[ वेǐरएबल’
(shared variable) कॉललॉक(call lock) है, इसͧलएयहचर/वेǐरएबल(variable) ĤͩĐया1 और
ĤͩĐया2 केबीचसाझाͩकयाजाताहै।अबइनमɅ सेĤ×येकĤͩĐयाÈयाकरतीहैवहदोचीजɅ हɇ; पहले
मह×वपूण[ अनुभाग/ͩĐǑटकलसेÈशन(critical section) कोलॉक(lock)करनेकेͧलए, ĤͩĐयापहले
लॉक(lock) शूÛय(0) होनेतकwhile लूपकोǓनçपाǑदतकरेगी।जबलॉक(lock) शूÛय(0) होजाताहै
तोĤͩĐयायहांदज[ होगीऔरलॉक(lock) को1 परसेटकरेगीऔरͩफरमह×वपूण[ अनुभाग/ͩĐǑटकल
सेÈशन(critical section) ǓनçपाǑदतकरेगी।मह×वपूण[ अनुभाग/ͩĐǑटकलसेÈशन(critical section)
केअंतमɅ अनुभाग(section) कोअनलॉक(unlock) करनेकेͧलएĤͩĐयालॉक(lock) कोशूÛय(0)
परसेटकरेगी।सवालयहहैͩकमɇ यहांपोèटकǾंगा; Èयायहͪवशेषयोजनापारèपǐरक
बǑहçकार/àयूÍयूअल एÈसÈलूशन (mutual exclusion) ĤाÜत करती है? जवाब न है।
अǓनवाय[ ǾपसेहमनेͪपछलेवीͫडयोमɅ भीऐसीचीजɅ देखीहɇ।दोĤͩĐयाओंके बीचसंदभ[
बदलाव/कॉÛटेÈèटिèवͬचंग(context switching) केकारणहमकुछबारएकअवèथातकपहुंच
जाएंगेजबदोनɉ ĤͩĐयाएंमह×वपूण[ अनुभाग/ͩĐǑटकलसेÈशन(critical section) मɅ ǓनçपाǑदतहɉगी।
इसĤकार, हमपारèपǐरकबǑहçकार/àयूÍयूअलएÈसÈलूशन(mutual exclusion) ĤाÜतकरनेमɅ
स¢मनहȣंहɉगे।इसͧलए, उदाहरणकेͧलएयǑदहमवाèतवमɅ इसेदेखतेहɇ, तोहमदेखतेहɇ ͩकलॉक
(lock) काĤारंͧभकमानशूÛय(0) है।ͩफरमानलɅ ͩकĤͩĐयापी1 (P1) सीपीयू(CPU) मɅ ǓनçपाǑदत
होतीहै, औरयहलॉक(lock) होनेपरǓनçपाǑदतहोतीहैजबͩकशूÛय(0) केबराबरनहȣंहैऔरतबसे,
हमनेयहां0 केǾपमɅ लॉक(lock) ͩकयाहै, इसͧलएयहͪवशेषwhile लूपटूटजाएगा, हालांͩकहमारे
पासएकसंदभ[ िèवच/कॉÛटेÈèटिèवच(context switch) हैजोĤͩĐयाकेलॉक(lock) को1 केबराबर
सेट करने से पहले होता है।
अब, इससंदभ[ िèवच/कॉÛटेÈèटिèवच(context switch) केपǐरणामèवǾपĤͩĐयापी2 (P2)
ǓनçपाǑदतहोतीहै।अबपी2 (P2) कोशूÛय(0) केबराबरलॉक(lock) कामानभीǑदखाईदेगा, और
इसͧलएwhile लूपसेटूटजाएगीऔरͩफरलॉक(lock) को1 परसेटकरेगी।अबͩफरसेएकसंदभ[
िèवच/कॉÛटेÈèटिèवच(context switch) होनेपरऔरĤͩĐयापी1 (P1) केवहांसेजारȣ होनेपर,
जहांसेइसेरोकǑदयागयाथा, यहहोगाͩक, यहलॉक(lock) कापुरानामानदेखेगाजोशुÛय/0 है,
Èयɉͩकसंदभ[ िèवच/कॉÛटेÈèटिèवच(context switch) होनेसेपहलेसंदभ[ कोĤͩĐयाकेपुरानेमान
परवापसकरǑदयाजाताहै।औरइसͧलए, ĤͩĐयाP1 कोशूÛय(0) केǾपमɅ लॉक(lock) कामान
Ǒदखाईदेगा।औरइसͧलए, यह1 केबराबरलॉक(lock) सेटकरेगाऔरमह×वपूण[ अनुभाग/ͩĐǑटकल
सेÈशन(critical section) मɅ Ĥवेशकरेगा।इसĤकारहमइसअवèथातकपहुंचगएहɇ जहांदोनɉ
ĤͩĐयाएं मह×वपूण[ अनुभाग/ͩĐǑटकल सेÈशन (critical section) मɅ हɇ।
अब, मुÉयकारणयहहैिजससेयहͪवशेषयोजनाͪवफलरहȣ थीÈयɉͩकजैसाͩकहमनेसॉÝटवेयरमɅ
ͧलखाहै, हमइनदोकथनɉ कोपरमाणͪवक/एटॉͧमक(atomic) बनानेमɅ असमथ[ थे।यहहैͩक, हमयह
सुǓनिæचतकरनेमɅ असमथ[ हɇ ͩकइनदोकथनɉ केबीचसंदभ[ बदलाव/कॉÛटेÈèटिèवच(context
switch) नहȣंहोतेहɇ।एकऔरतरȣकेसेकहɅ, हमइनदोबयानɉ कोएकइकाईकेǾपमɅ ǓनçपाǑदतकरने
मɅ असमथ[ हɇ।औरइसĤकार, इसकारणसेहमआपसीबǑहçकारĤाÜतकरनेमɅ असमथ[ थे।अब
अͬधकांशĤोसेसरजैसेͩकx86 इंटेलĤोसेसरकेपाससमͪप[तǓनदȶशहɇ जोयहसुǓनिæचतकरɅगेͩकइन
कथनɉ को इकाई/परमाणु Ǿप से ǓनçपाǑदत ͩकया गया है।
आइएऐसेपरमाणुǓनदȶशɉ काएकउदाहरणलɅ िजसकेमाÚयमसेहमइसपरमाणुतरȣकेसेबयानके
इससेटकोलागूकरसकतेहɇ (ऊपरèलाइडछͪवदेखɅ)।तोहमपहलेएकबहुतहȣ सामाÛयǓनदȶशलɅगे
और ͩफर इंटेल x86 Ĥकार Ĥोसेसर के ͧलए ͪवशेष Ǿप से ͪवæलेषण करɅगे।
पहलाǓनदȶशजोहमआजदेखɅगेवहटेèटऔरसेट(test_and_set) Ǔनदȶशहै।अǓनवाय[ Ǿपसेअगर
हमसी(‘C’)मɅ इसǓनदȶशकोͧलखनाचाहतेथे, तोऐसाकुछǑदखाईदेगा।यहएकऐसाकाय[ हैजो
èमृǓतèथान/मेमोरȣ लोकेशन(memory लोकेशन) परसूचक/पॉइंटर(pointer) होताहै।तोइसफ़ंÈशन
मɅ पहलेउसमेमोरȣ लोकेशनकȧ सामĒीकोĤीͪवयस(previous) नामकइसचर/वेǐरएबल(variable)
मɅ संĒहȣतͩकयाजाताहै, ͩफरवहमेमोरȣ 1 परसेटहोजातीहैऔरवापसǑदयागयामानͪपछलेमान
होताहै।दूसरेशÞदɉ मɅ यहफ़ंÈशनèमृǓतकȧ ͪपछलȣ सामĒीकोवापसकरदेगाऔरउसमेमोरȣ को1
के मान पर सेट करेगा।
अब, जबहमहाड[वेयरपǐरĤेêयसेऔरअǓनवाय[ ǾपसेĤोसेसरपǐरĤेêयसेदेखतेहɇ, तोयहसंपूण[ काय[
एकपरमाणुकाय[ है।अǓनवाय[ ǾपसेहमारेपासएकǓनदȶशहोगाजोइससबचीजकोएकशॉटमɅ
करेगा, मतलबकȧ हमारेपासएकǓनदȶशहोगाजोइनसभीपǐरचालनɉ कोपरमाणुǾपसेकरेगा।तो
आइए यह ͪवशेष आरेख/ͬचğ देखɅ ͩक यह चीज़ वाèतव मɅ कैसे काम करती है।
तोआइएहमकहɅ ͩकहमारेपासĤोसेसरऔरएल(L) ɮवाराइंͬगतèमृǓतèथान/मेमोरȣ लोकेशन
(memory लोकेशन) यहांहै।तो, यहटेèटऔरसेटǓनçपाǑदतहोनेपरÈयाहोगा, Ǔनàनहै; सबसेपहले
èमृǓतकȧ ͪपछलȣ सामĒीĤोसेसरमɅ मौजूदएकरिजèटर(register) मɅ लोडहोजातीहैऔरͩफरमेमोरȣ
सामĒी1 परसेटहोजातीहै।तोआइएइसेदूसरȣ बारदेखɅ; पहलेएल(L) ɮवाराइंͬगतèमृǓतसामĒी
ĤोसेसरमɅ मौजूदएकरिजèटर(register) मɅ लोडकȧ जातीहैऔरͩफरउसèमृǓतèथान/मेमोरȣ
लोकेशन (memory लोकेशन) कȧ सामĒी 1 पर सेट कȧ जाती है|
अब, टेèटऔरसेट(test_and_set) Ǔनदȶशकȧ परमाणुताइसकथनकेǾपमɅ पǐरभाͪषतयासमझाया
जासकताहै, जोबताताहैͩक, यǑददोसीपीयू(CPU) टेèटऔरसेट(test_and_set) काǓनçपादन
एकहȣ समयमɅ करताहै, तोहाड[वेयरयाǓनͩकएकĤोसेसर, यहसुǓनिæचतकरताहैͩकइनमɅ सेएक
Ĥोसेसरकेͧलएएकटेèटऔरसेट(test_and_set) कासंचालनदोनɉ केͧलएहो।यहहैͩक, एक
रिजèटर(register) केͧलएèमृǓतकȧ सामĒीपढ़नाऔरउसͪवशेषèमृǓतèथान/मेमोरȣ लोकेशन
(memory लोकेशन) कोसेटकरना, इसͧलएअÛयĤͩĐयाकोǓनçपाǑदतकरनेसेपहलेइनदोनɉ चरणɉ
को पूरा ͩकया जाता है।
दूसरेशÞदɉ मɅ, दोĤͩĐयाओंकेͧलएटेèटऔरसेट(test_and_set) ǓनçपाǑदतकरनासंभवनहȣंहैऔर
दोनɉ ĤͩĐयाएंèमृǓतèथान/मेमोरȣ लोकेशन(memory लोकेशन) केͪपछलेमानकोपढ़तीहɇ।तो,
अǓनवाय[ Ǿपसेयहबातगलतहै, सहȣ नहȣंहै।यहदोनɉ ĤͩĐयाओंकेसाथèमृǓतèथान/मेमोरȣ
लोकेशन(memory लोकेशन) कȧ सामĒीकोएकसाथपढ़नेऔरèमृǓतकेमानकोसेटकरनासंभव
नहȣं है।
हालांͩक, Ĥोसेसरहाड[वेयरɮवारावाèतवमɅ Èयागारंटȣ दȣ जातीहैͩकजबĤ×येकĤोसेसरपरĤͩĐयाएं
चलतीहɇ औरदोनɉ ĤͩĐयाएंटेèटऔरसेट(test_and_set) एकहȣ समयमɅ ǓनçपाǑदतकरतीहɇ, तो
हाड[वेयरयहसुǓनिæचतकरेगाͩक, दूसरȣ ĤͩĐयाकेǓनदȶशǓनçपादनसेपूव[ एकĤͩĐयाअपनेसभी
Ǔनदȶशɉ कोपूराकरलेगी।इसͧलए, इसतरहकेमामलेमɅ एकĤͩĐयाशूÛय(0) केमानकोपढ़ेगी
जबͩकदूसरȣ ĤͩĐया1 केमानकोपढ़ेगी।अबहमदेखɅगेͩकमह×वपूण[ अनुभाग/ͩĐǑटकलसेÈशन
(critical section) समèया को हल करने के ͧलए यह ͪवशेष Ǔनदȶश कैसे उपयोग ͩकया जाता है।
तोयहांइसͪवशेषͬचğ/िèनपेट(snippet) सेपताचलताहैͩकएकĤͩĐयाटेèटऔरसेट
(test_and_set) परमाणु Ǔनदȶश का उपयोग कैसे कर सकती है और जो कȧ मह×वपूण[
अनुभाग/ͩĐǑटकलसेÈशन(critical section) समèयाकोहलकरनेकेͧलएहाड[वेयरɮवारासमͬथ[तहै
।अǓनवाय[ Ǿपसे, मह×वपूण[ अनुभाग/ͩĐǑटकलसेÈशन(critical section) कोलॉक(lock) करनेके
ͧलएहमारेपासएकåहाइल(while) लूपमौजूदहोगाजोͩकटेèटऔरसेट(test_and_set) कालॉक
(lock) केसाथआéवानकरɅगे, जोèमृǓतèथान/मेमोरȣ लोकेशन(memory लोकेशन) केसाथहै।अब,
यहåहाइल(while) लूपलगातारतबतकजारȣ रहेगाजबतकटेèटऔरसेट(test_and_set) ɮवारा
लौटायागयामानशूÛय(0) सेटनहोजाय; तोजबटेèटऔरसेट(test_and_set) Ǔनदȶशɮवारा
लौटायागयामानशूÛय(0) हैतोमह×वपूण[ अनुभाग/ͩĐǑटकलसेÈशन(critical section) दज[ ͩकया
जाता है और इसके अंत मɅ लॉक (lock) का मान शूÛय (0) पर सेट होता है।
जबऐसेकोडटुकड़े/िèनपेटवालेकईĤͩĐयाएंहोतीहɇ, तोहाड[वेयरगारंटȣ देताहैͩकटेèटऔरसेट
(test_and_set) ǒबãकुलएकĤͩĐयाकेͧलएशूÛय(0) कामानवापसकरदेगा।अÛयसभीĤͩĐयाएं
इसͪवशेषåहाइल(while) लूपकेदौरानलगातारलूपकरɅगी।इसͧलएजबइसĤͩĐयानेमह×वपूण[
अनुभाग/ͩĐǑटकलसेÈशन(critical section) कोǓनçपाǑदतकरͧलयाहै, तोलॉक(lock) कामानशूÛय
(0) परसेटͩकयाजाएगा।इसͧलए, लॉक(lock) केमानकोशूÛय(0) परसेटकरनेकेपǐरणामèवǾप
ǒबãकुलएकअÛयĤͩĐयाहोगीजोटेèटऔरसेट(test_and_set) कȧ वापसीसेशूÛय(0) कामान
ĤाÜतकरेगी।इसͧलए, एकअÛयĤͩĐयातबमह×वपूण[ अनुभाग/ͩĐǑटकलसेÈशन(critical section)
मɅ Ĥवेश करेगी।
तोटेèटऔरसेट(test_and_set) कापहलाआéवानशुÛय/0 पढ़ेगाऔरलॉक(lock) को1 परसेट
करेगाऔरवापसलौटाएगा।टेèटऔरसेट(test_and_set) कादूसराआéवानतबलॉक(lock)
मूãय/वैãयूको1 केǾपमɅ देखेगाऔरलॉक(lock) शूÛय(0) बननेतकलगातारलूपकरेगा।लॉक
(lock) कामानशुÛय/0 केवलतभीहोताहैजबपहलȣ ĤͩĐयाइसेअनलॉक(unlock) करतीहैयाǓनͩक
ͪवशेषǾपसेलॉक(lock) केमानकोशूÛय(0) परसेटकरतीहै।इसतरहहमदेखतेहɇ ͩकहाड[वेयरसे
थोड़ीसीमददसेमह×वपूण[ अनुभाग/ͩĐǑटकलसेÈशन(critical section) समèयाकोबहुत
कुशलतापूव[क हल करना संभव है।
तो, इंटेल(Intel) ͧसèटमटेèटऔरसेट(test_and_set) कासमथ[ननहȣंकरतेहɇ।दूसरȣ तरफयहएक
Ǔनदȶशकासमथ[नकरताहैिजसेएÈसचɅजकहाजाताहै; xchg| तोयहांएकxchg Ǔनदȶशका
ĤǓतǓनͬध×वͩकयाजाताहैऔरयहएकपरमाणुǓनदȶशभीहैऔरxchg Ǔनदȶशदोपैरामीटरलेताहै,
अतःयहèमृǓतपता/मेमोरȣ एĜेस(memory address) औरएकपूणाɍक/इिÛटजर(integer) मानहोता
है।अबÈयाͩकयाजाताहैͩकउसèमृǓतèथान/मेमोरȣ लोकेशन(memory लोकेशन) कȧ सामĒी
ͪपछलेमɅ संĒहȣतकȧ जातीहै, ͩफरv कामानजोͩकxchg कोपासͩकयाजाताहै, ͩफरउसèमृǓत
èथान/मेमोरȣ लोकेशन(memory लोकेशन) मɅ संĒहȣतͩकयाजाताहैऔरͪपछलामानवापसकरǑदया
जाता है।
इसͧलए, अǓनवाय[ ǾपसेयहÈयाĤाÜतकरताहैͩकहमएकͪवǓनमय/एÈसचɅज(xchg) रिजèटर
वेǐरएबलकेसाथèमृǓतèथान/मेमोरȣ लोकेशन(memory location) केसाथकरनेमɅ स¢महɇ।
उदाहरणलेनेकेͧलए, इसबारइसĤोसेसरमɅ चलरहेͩकसीĤͩĐयाɮवाराxchg ǓनदȶशǓनçपाǑदतहोने
परइसेदेखɅ, यहएकèमृǓतमानकेसाथएकरिजèटर(register) मानकाआदान-Ĥदानकरेगाऔर
यह पूरȣ चीज परमाणु Ǿप से कȧ जाती है।
तोअगरएकऔरĤͩĐयाǒबलकुलसामानसमयमɅ xchg ǓनçपाǑदतकरतीहै, तोइंटेल(Intel) हाड[वेयर
यहसुǓनिæचतकरताहैͩकइनदोनɉ पǐरचालनɉ कोअलग-अलगͩकयाजाताहै।तो, पहलȣ ĤͩĐयाएक
एÈसचɅजǓनदȶशǓनçपाǑदतऔरपूण[ करेगीऔरकेवलतभीदूसरȣ ĤͩĐयाǓनçपाǑदतहोगीऔरडेटाका
आदान-Ĥदान करेगी।
तोयहͪवशेषèलाइडǑदखातीहैͩकͩकसीइंटेल(Intel) हाड[वेयरमɅ xchg Ǔनदȶशमह×वपूण[
अनुभाग/ͩĐǑटकलसेÈशन(critical section) समèयाकोहलकरनेकेͧलएकैसेउपयोगͩकयाजाता
है।हमारेपासएÈवायर(acquire) औरǐरलȣज(release) नामकदोमूलकाय[ होसकतेहɇ।तोएÈवायर
(acquire) काउपयोगएकमह×वपूण[ अनुभाग/ͩĐǑटकलसेÈशन(critical section) कोलॉक(lock)
करनेके ͧलएͩकयाजाताहै, जबͩकएकǐरलȣज(release) काउपयोगͩकसीमह×वपूण[
अनुभाग/ͩĐǑटकलसेÈशन(critical section) कोअनलॉक(unlock) करनेकेͧलएͩकयाजाताहै।तो
यह, कायɟ कोĤाÜतकरनेऔरǐरलȣज(release) करनेकेͧलएलॉक(lock) केǾपमɅ £ातèमृǓत
èथान/मेमोरȣ लोकेशन(memory लोकेशन) परएकसूचक/पॉइंटर(pointer) पासͩकयाजाताहै।तो
एÈवायर(acquire) लगातारमɅ हैबजायएÈवायर(acquire) एकलूपमɅ, यहफ़ंÈशनxchg लॉÈड
(xchg locked) आमंǒğतͩकयाजाताहै।तो, xchg यहांमौजूदहैऔरइसमɅ दोपैरामीटरपाǐरतͩकया
गयाहै; इसमामलेमɅ èमृǓतèथान/मेमोरȣ लोकेशन(memory location) कापताइसमामलेमɅ लॉÈड
(locked) कापताऔरवहमानिजसेआपसेटकरनाचाहतेहɇ।तोसबसेपहलेइसमामलेमɅ 1 वैãयू
इंटेलĤोसेसरकेईएÈस/’eax’ रिजèटर(register) मɅ èथानांतǐरतहोजाताहैऔरͩफरxchg Ǔनदȶश
लागू ͩकया जाता है।
नतीजतनèमृǓतमɅ संĒहȣतèमृǓतयाडेटाईएÈस/eax रिजèटरमɅ लोडहोजाताहै।औरइसमामलेमɅ
मूãयजोईएÈस/eax रिजèटरमɅ लोडͩकयागयाथा, èमृǓतमɅ संĒहȣतहोजाताहै।अबयहͪवशेष
ईएÈस/eax रिजèटरacquire कोलौटायागयाहै।तोयहलूपटूटजाएगायǑदxchg ɮवाराǑदयागया
मानमतलबͩकजोईएÈसरिजèटरकȧ सामĒीहैशुÛय/0 हो| लॉक(lock) कोǐरहाकरनेकेͧलए, हम
बस लॉÈड (locked ) मान को शूÛय (0) पर सेट करते हɇ।
अबदेखतेहɇ ͩकयहकैसेकामकरताहै।तोसबसेपहले, यहांपरèमृǓतèथान/मेमोरȣ लोकेशन
(memory लोकेशन) शूÛय(0) होगाऔरजबĤͩĐयाxchg ǓनदȶशकोआमंǒğतकरतीहैͩकशूÛय(0)
मानईएÈस/ eax रिजèटरमɅ भेजǑदयाजाताहै, औरईएÈस/ eax रिजèटरमɅ मौजूद1 कामानèमृǓत
मɅ आता है।
नतीजतन, èमृǓतमɅ 1 कामानहोताहैजबͩकĤोसेसरमɅ मौजूदईएÈस/ eax रिजèटरकामानशूÛय
(0) होताहैऔरइसकाउपयोगलूपकेदौरानइससेतोड़नेऔरमह×वपूण[ अनुभाग/ͩĐǑटकलसेÈशन
(critical section) मɅ Ĥवेशकरनेकेͧलएͩकयाजाताहै।अबलॉक(lock) कोǐरहाकरनेकेͧलए, हमने
बसलॉक(lock) ͩकएगएमानकोशूÛय(0) परसेटकरǑदयाहै।अबजबदूसरȣ ĤͩĐयाएÈवायर
(acquire) कोआमंǒğतकरतीहै, तोइसमɅ लूपकेदौरानयहलूपजारȣ रहेगाजबतकͩकइसमेमोरȣ
लोकेशन के मान को पहले Ĥोसेसर ɮवारा शूÛय/0 पर सेट न ͩकया जाए ।
हमयहांपरदेखतेहɇ, इसͧलएलॉक(lock) जारȣ करनेकेͧलएहमबसमानकोèमृǓतमɅ शूÛय/0 पर
सेटकरतेहɇ औरͩफरदूसरेĤोसेसरमɅ शायदशूÛय/0 कामानĤाÜतकरनेमɅ स¢महɉगेऔरͩफर
मह×वपूण[ अनुभाग/ͩĐǑटकल सेÈशन (critical section) ĤाÜत करɅगे ।
तोxchg जैसेइसǓनदȶशकाउपयोगउÍचèतरकȧ संरचनाओंकेǓनमा[णकेͧलएͩकयाजाताहैजो
ͪवͧभÛनमह×वपूण[ अनुभाग/ͩĐǑटकलसेÈशन(critical section) समèयाओंमɅ उपयोगͩकयाजाताहै।
इसͧलए, हमइसवीͫडयोमɅ िèपनलॉक(Spinlock) औरàयूटेÈस(Mutex) औरबादकेवीͫडयोमɅ
सेमफोर (Semaphore) देखɅगे।
तोिèपनलॉकवहहैिजसेहमनेपहलेदेखाहै, इसमɅ दोकाय[ हɇ औरǐरलȣज़हɇ।जबͩकएÈवायर
(acquire) काउपयोगमह×वपूण[ अनुभाग/ͩĐǑटकलसेÈशन(critical section) तकपहुंचĤाÜतकरने
केͧलएͩकयाजाताहै, अǓनवाय[ Ǿपसेइसकाउपयोगमह×वपूण[ अनुभाग/ͩĐǑटकलसेÈशन(critical
section) कोलॉक(lock) करनेकेͧलएͩकयाजाताहै, जबͩकǐरलȣजफ़ंÈशनकाउपयोगमह×वपूण[
अनुभाग/ͩĐǑटकलसेÈशन(critical section) कोअनलॉक(unlock)करनेकेͧलएͩकयाजाताहै।तो
इसकाउपयोगकरनेकेͧलएहमारेपासदोĤͩĐयाएंहोसकतीहɇ; ĤͩĐया1 औरĤͩĐया2. मह×वपूण[
अनुभाग/ͩĐǑटकलसेÈशन(critical section) मɅ ĤवेशकरनेकेͧलएĤͩĐयाकोलॉकĤाÜतकरनाहोगा
औरयहफ़ंÈशनएÈवायर(acquire) लगातारलूपमɅ होगाजबतकͩकxchg ɮवारामानवापसी
शूÛय/0 नहो।तोजबxchg कामानशूÛय/0 हैतोयहलूपटूटजाताहैऔरĤͩĐया1 मह×वपूण[
अनुभाग/ͩĐǑटकलसेÈशन(critical section) मɅ Ĥवेशकरेगा।लॉककोǐरहाकरनाͧसफ[ शूÛय/0 तक
लॉककेमानकोसेटकरकेͩकयाजाताहै।इसͧलए, एकĤͩĐयाͩकसीǑदएगएसमयपरलॉकĤाÜत
करेगीजबͩकदूसरȣ ĤͩĐयाइसͪवशेषलूपमɅ Ĥती¢ाकरेगीऔरलगातारशूÛय/0 तकĤाÜतहोनेतक
xchg फ़ंÈशनकाआéवानकरेगी।इसͧलएलॉककोǐरहाकरनेकेͧलएपहलȣ ĤͩĐयामूãयकोशूÛय
(0) परसेटकरदेगी, इससेदूसरȣ ĤͩĐयाइसलूपसेटूटजाएगीऔरमह×वपूण[ अनुभाग/ͩĐǑटकल
सेÈशन(critical section) मɅ Ĥवेशहोगी।तोआपिèपनलॉकडॉटसी(spinlock dot c) औरिèपनलॉक
डॉटएच (spinlock dot h) कȧ इनदोफ़ाइलɉ कोदेखकरxv6 मɅ िèपनलॉÈस(spinlocks) कोलागू
करने के तरȣके के बारे मɅ अͬधक जानकारȣ देख सकते हɇ।
अबहमउनकुछमुɮदɉ कोदेखɅगेजोxchg Ǔनदȶशकेउपयोगकेसाथͧमलतेहɇ।इसͧलएजैसाͩकहमने
देखाहैͩकxchg Ǔनदȶशͩकसीभीसंरचनाकासबसेमह×वपूण[ ǑहèसाहैजैसेͩकिèपनलॉÈस
(Spinlocks) जोहमनेͪपछलȣ èलाइडमɅ देखाहै।इसͧलए, यहसमझनामह×वपूण[ हैͩकxchg Ǔनदȶश
सेसंबंͬधतमुɮदेÈयाहɇ।अǓनवाय[ Ǿपसेxchg ǓनदȶशकायहͪवशेषĤाǾप, एकरिजèटरईएÈस(eax)
औरèमृǓतèथान/मेमोरȣ लोकेशन(memory लोकेशन) एÈस(X) केबीचडेटाकाआदान-Ĥदानकरता
है।अबयहसुǓनिæचतͩकयाजानाचाǑहएͩकइसचर/वेǐरएबल(variable) एÈस(X) परकोई
कàपाइलर (complier) अनुकूलन/ऑिÜटमाइजेशन (optimization) नहȣं ͩकया गया है।
इसͧलए, कुछसामाÛयअनुकूलनजोसंभवहɇ एकरिजèटरमɅ संĒहȣतएÈस(X) कामूãयबनानाहै।
ऐसेमामलेमɅ, हमकेवलएकरिजèटरईएÈस(eax) औरएकअÛयरिजèटरकेबीचडेटाका
आदान-Ĥदानकररहेहɇ जोउɮदेæयकोहलनहȣंकरेगा।इसͧलए, हमɅ इसͪवशेषलूपकोअसɅबलȣ मɅ
ͧलखना चाǑहए या कȧवड[ volatile का उपयोग करना चाǑहए।
Xchg ǓनदȶशकोलागूकरतेसमयएकऔरआवæयकतायहसुǓनिæचतकरनाहैͩकमेमोरȣ ऑपरेशंस
(memory operations) कोͩफरसेåयविèथतनͩकयाजाए।सीपीयू(CPU) मेमोरȣ लोड(loads) और
èटोस[ (stores) कोपुन: åयविèथतनहȣंकरनाचाǑहए।इसͧलएइसेĤाÜतकरनेके ͧलएहम
Đमबɮध/धारावाǑहक/सीǐरयलाइóड(serialized) Ǔनदȶशɉ काउपयोगकरतेहɇ, जोǓनदȶशकोपुन:
åयविèथतनहȣंकरनेकेͧलएबाÚयकरताहै।तोसौभाÊयसेहमारेͧलएxchg Ǔनदȶशͫडफ़ॉãटǾपसे
सीरȣलाईज़ेशन(serialization) लागूकरताहै।तोइसबारेमɅ परवाहकरनेकेͧलएहमɅ कुछभीनहȣं
चाǑहए।
हालांͩक, हमɅ कैशèमृǓत/कैशमेमोरȣ (cache memories) कातØयअͬधकबारȣकȧ सेदेखनेकȧ
आवæयकताहै।अब, यादरखɅ ͩकxchg ǓनदȶशएकरिजèटरऔरèमृǓतèथान/मेमोरȣ लोकेशन
(memory लोकेशन) केबीचडेटाकाआदान-Ĥदानकरताहै।अबͧसèटममɅ मौजूदĤ×येकसीपीयू
(CPU) काअपनाǓनजीकैशहोसकताहै, उदाहरणकेͧलएसीपीयू0 (CPU0 )काअपनाǓनजीएल1
(L1) कैशहै; इसीĤकारसीपीयू1 काअपनाएल1 (L1) कैशहोताहै।इसͧलएयहसुǓनिæचतͩकया
जानाचाǑहएͩकएÈस(X) कायहमानइनCPU मɅ सेĤ×येकमɅ कैशनहȣंहै, अǓनवाय[ ǾपसेCPUs
कोकैͧशंगकरनासंभवनहȣंहै।बिãक, इसxchg Ǔनदȶशके Ĥ×येकǓनçपादनकोवाèतवमɅ
èमृǓत/मेमोरȣ (memory) केͧलएजानाचाǑहएऔरएÈस(X) केमानकोलोड(load) याèटोर(store)
करना चाǑहए।
दूसरȣ बातयहभीसुǓनिæचतकरनीचाǑहएͩकजबएकसीपीयू(CPU) इसएÈस (X) कोपढ़/रȣड
(read) औरͧलख/राइट(write) रहाहो, तोयहदूसरेशÞदɉ मɅ हैजबएकसीपीयू(CPU) इससमयके
दौरानxchg ǓनदȶशकाआéवानकररहाहैकोईअÛयसीपीयूएÈस(X) केमानकोसंशोͬधतनहȣंकर
सकताहै, Èयɉͩकयहमौजूदपरमाणु(atomic) ĤकृǓतकोतोड़देगा।ऐसाकरनेकेͧलएसीपीयूनेअÛय
सभीसीपीयू(CPU) कोͧसèटममɅ सूͬचतकरनेकेͧलएलॉकलाइन(lock line) केǾपमɅ जानाजाता
है ͩक लॉक (lock) मेमोरȣ पहुँच/एÈसेस होने जा रहा है।
इसͧलएइसलॉक(lock) ǓनदȶशकेपǐरणामèवǾप, सभीxchg Ǔनदȶशजोडेटाकोपढ़औरͧलखसकते
हɇ, पǐरणामèवǾपèमृǓतसेडाटाकापढ़नाऔरͧलखनाहोगा।तो, यहĤदश[नǑहटकȧ जबद[èतमाğाहो
सकती है।
इसͧलए, बेहतरएÈवायर(acquire) बनानेकेͧलए, एकएÈवायर(acquire) जोअͬधककुशलहै, हम
इसͪवशेषएÈवायरफंÈशन(acquire function) मɅ एकछोटेसेबदलावकोदेखɅगे।तोमूलǾपसे, हम
यहांएकलूप(loop) काउपयोगकरतेहɇ औरइसलूप(loop) मɅ हमलगातारxchg फ़ंÈशनकाआéवान
करते रहɅगे और यह जांचɅगे ͩक यह शूÛय/0 का मान देता है या नहȣं।
इसͧलएÚयानदɅ ͩकइनमɅ सेĤ×येकxchg Ǔनदȶशɉ मɅ एकबड़ाĤदश[नअͬधभार/ओवरहेडहैÈयɉͩक
इसकȧ आवæयकताहैͩकलॉक(lock) ͩकयागयाकȧवड[ याǓनएÈस(X) वैãयूमेमोरȣ केͧलएसभीतरह
सेजाएगाऔरमेमोरȣ सेडेटापढ़औरͧलखदेगा।अǓनवाय[ Ǿपसे, कैͧशंगसंभवनहȣंहैऔरइसͧलए
बहुत अͬधभार/ओवरहेɬस हɉगे।
दूसरȣ ओरयǑदहमइसएÈवायर(acquire) फंÈशन(function) मɅ मामूलȣ पǐरवत[नकरतेहɇ जैसाͩक
यहांǑदखायागयाहैतोयहĤदश[नमɅ काफȧ सुधारकरेगा।तोयहांहमारेपासदोलूपहɇ, एकǓनयͧमत
xchg लूपहै, जैसाͩकआपजानतेहɇ ͩकबसलेनदेन/ĚांसेÈशन(bus transaction) मɅ पǐरणामहोगा
औरइसमɅ भारȣ ओवरहेɬसहɉगे, जबͩकएकआंतǐरकलूपजोलॉक(lock) ͩकएगएमेमोरȣ लोकेशनके
मूãय कȧ जांच करता है।
तोयहͪवशेषआंतǐरकचीजकैशेबल(cacheable) होसकतीहैऔरइसͧलए, अͬधकĤदश[नओवरहेड
नहȣंलगेगा, जबͩकबाहरȣ जबͩकलूपकेमह×वपूण[ ओवरहेɬसहɉगे, लेͩकनयहअÈसरनहȣंहोताहै।
अͬधकांश समय इस ͪवशेष कैæड मेमोरȣ (cached memory) को पढ़ा जाएगा।
कैशकोहेरɅसीĤोटोकॉल(cache coherency protocol) यहसुǓनिæचतकरेगाͩकजबएकऔरĤͩĐया
लॉकड(locked) केमूãयकोबदलतीहै, तोइसĤͩĐयाकोलॉक(lock) कामान1 सेशूÛय(0) तक
बदलतेहुएǑदखाईदेगाऔरयहwhile लूपसेबाहरǓनकलजाएगाऔरwhile लूपसेबाहरवापस
जायेगा।तबxchg फ़ंÈशनलॉक(lock) मानकोरिजèटरमानकेसाथबदलदेगाऔरमानकोएक/1
पर सेट करेगा, और इसͧलए while लूप से तोड़ देगा।
धÛयवाद।"
29,0,,"ऑपरेǑटंग ͧसèटम (Operating System) का पǐरचय
Ĥोफेसर चेèटर रेबेरो
संगणक ͪव£ान और अͧभयांǒğकȧ ͪवभाग
भारतीय Ĥौɮयोͬगकȧ संèथान, मġास
सÜताह- 06
åयाÉयान – 28 àयूटेÈसेस (Mutexes)
नमèकार।इसवीͫडयोमɅ हमएकàयूटेÈस(Mutexes) देखɅगे, जोमह×वपूण[ खंडसमèया/ͩĐǑटकल
सेÈशनĤॉÞलम(critical section problem) कोहलकरनेकेͧलएउपयोगͩकयाजानेवालाएक
Ǔनमा[ण है।
तोहमिèपनलॉÈस(Spinlocks) केसाथशुǾ करɅगेजहाँहमनेआͨखरȣ वीͫडयोमɅ समाÜतͩकयाथा।
अǓनवाय[ Ǿपसे, िèपनलॉÈस(Spinlocks) कȧ मुÉयͪवशेषतायहहैͩकयहåयèतĤती¢ा/ǒबजीवेǑटंग
(busy waiting) काउपयोगकरताहै।यहहैͩक, हमनेदेखाथाͩकलॉकरखनेकेͧलए, वहांएकwhile
लूप(loop) थाऔरउसwhile लूपमɅ xchg Ǔनदȶशकोलगातारआéवानͩकयागयाथाऔरwhile लूप
केवल तब Ǔनकल पाएगा जबͩक xchg Ǔनदȶश एक शूÛय/0 लौटाएगा।
तोयहåयèतĤती¢ा(busy waiting) हैआदश[ Ǿपसेवहनहȣंहैजोआवæयकथा।अǓनवाय[ Ǿपसे,
åयèतĤती¢ा(busy waiting) सीपीयूचĐ (CPU cycle) कोबबा[दकरनेकाकारणबनतीहै, िजससे
Ĥदश[नमɅ ͬगरावटजैसीचीजɅ होसकतीहɇ औरसाथहȣ èमृǓत/मेमोरȣ (memory) कȧ भारȣ बबा[दȣ भीहो
सकती है।
तो, हमवाèतवमɅ िèपनलॉÈस(Spinlocks) काउपयोगकहांकरɅगे? जबहमारेपासछोटेमह×वपूण[
वग[/ͩĐǑटकलसेÈशन(critical section) होतेहɇ तोिèपनलॉÈस(Spinlocks) उपयोगीहोतेहɇ औरहम
जानतेहɇ ͩकहमɅ Ĥती¢ामɅ बहुतअͬधकसमयबबा[दनहȣंकरनाहै।तोउदाहरणकेͧलए, अगरहम
ͧसफ[ एकसाझाकाउंटर(shared counter) कोबढ़ानाचाहतेहɇ तोहमसंभवतःिèपनलॉक
(Spinlocks) काउपयोगकरसकतेहɇ यादूसरȣ चीजहैͩकसरणीऐरेएͧलमɅट(array element) तक
पहुंचनेकेͧलएएकिèपनलॉक(Spinlocks) पसंदͩकयाजाएगा।अǓनवाय[ Ǿपसे, इनचीजɉ कोहम
मानतेहɇ ͩकइसमɅ अͬधकतरऊपरȣ-काय[/ओवरहेɬस(overheads) नहȣंहɉगे।इसͧलए, अगरएकऔर
ĤͩĐयाकाउंटर(counter) तकपहुंचरहȣ है, तोभीहमǓनिæचतहɇ ͩकĤͩĐयाकाउंटर(counter) को
बढ़ाने मɅ बहुत अͬधक समय ǒबताने जा रहȣ है।
इसͧलए, Ĥती¢ाĤͩĐया(waiting process) कोमह×वपूण[ अनुभाग(critical section) मɅ Ĥवेशकरने
केͧलएइंतजारकररहेबहुतसेचĐɉ/साइकãस(cycle) कोबबा[दनहȣंकरनापड़ेगा।हालांͩक, Ĥती¢ा
कȧ अवͬधअĤ×याͧशतहोनेपरिèपनलॉÈस(Spinlocks) उपयोगीनहȣंहोतेहɇ याइसमɅ बहुतलंबा
समयलगेगा।उदाहरणके ͧलए, यǑदकोईपेजगलती/पेजफाãट(page fault) हैऔरिजसके
पǐरणामèवǾपèमृǓतकाएकपृçठहैजोहाड[ ͫडèकसेमुÉयमेमोरȣ (memory) मɅ लोडहोताहै।
इसͧलए, यहकाफȧ लंबासमयलगेगाऔरआपनहȣंचाहतेͩकआपकȧ ĤͩĐयावाèतवमɅ इसपूरे
संचालन/ऑपरेशन(operation) केदौरानसीपीयूचĐ (CPU cycle) कोबबा[दकरदे।ऐसेमामलेमɅ,
हम àयूटेÈस (Mutex) नामक एक अलग Ǔनमा[ण का उपयोग करते हɇ।
यहयहांǑदखाताहैͩकàयूटेÈस(Mutex) कोआमतौरपरकैसेलागूͩकयाजाताहै।इसͧलए, यहͩफर
सेउपयोगͩकएजानेवालेxchg Ǔनदȶशपरकाफȧ Ǔनभ[रकरताहैऔरिèपनलॉक(spinlock) कȧ तरह,
हमारेपासलॉक(lock) औरअनलॉक(unlock) औरएकèमृǓतèथानहैजोसभीĤͩĐयाओं
(processes) के बीच साझा ͩकया जाता है।
अब, मह×वपूण[ अनुभाग/ͩĐǑटकलसेÈशन(critical section) ĤाÜतकरनेकेͧलए, एकĤͩĐया
(process) कोलॉक(lock) काआéवानकरनेकȧ आवæयकताहोगीऔरइसलॉकफ़ंÈशन(lock
function) मɅ हमारेपासwhile लूपहोगा।इसͧलए, इसिèपनलॉक(spinlock) केमामलेमɅ xchg
Ǔनदȶशकोwhile लूपमɅ बुलायाजाताहैऔरयहǓनदȶशयातोशुÛय/0 कामानयाकुछǒबना-शुÛय(not
equal to 0) केबराबरयासामाÛयǾपसे1 वापसकरेगा।तोयǑदमानशुÛय/0 केबराबरहै, तोहम
इसलूपसेटूटजातेहɇ औरउसĤͩĐया(process) कोतबलॉक(lock) ĤाÜतहोगाऔरमह×वपूण[ खंड
(critical section) मɅ ǓनçपाǑदत/एÈसेÈयूट(execute) होगा।हालांͩक, यǑदxchg एकऐसामानदेताहै
जोशुÛय/0 नहȣंहैतोहमइसelse भागमɅ जातेहɇ औरइसèलȣप(sleep) नामकफ़ंÈशन(function)
को ǓनçपाǑदत करते हɇ।
अब, यहèलȣपफंÈशन(sleep function) ĤͩĐयाकेचͧलतअवèथा/रǓनंगèटेट(running state) से
अवǽɮधअवèथा/ÞलॉÈडèटेट(blocked state) मɅ जानेकाकारणबनजाएगा।अǓनवाय[ Ǿपसे,
ĤͩĐयाएकͪवशेषसंचालन/ऑपरेशन(operation) केआनेकȧ Ĥती¢ाकररहȣ है।इसͧलए, जबतक
यहऑपरेशननहȣंआताहै, ĤͩĐयाकोकोईCPU समयनहȣंͧमलेगा।अब, यहघटनािजसकȧ èलȣप
(sleep) Ĥती¢ाकररहȣ हैवहजागृतघटना/वेकअपइवɅट(wake up event) है।इसͧलए, जबअÛय
ĤͩĐयाजागृतहोजातीहै, तोपǐरणामèवǾपèलȣप(sleep) कȧ ĤͩĐयाअवǽɮधिèथǓतसेजागृतहो
जाएगीऔरतैयारकतार/रेडीÈयू(ready queue) मɅ डालदȣ जाएगी।अब, यǑदयहभाÊयशालȣ हैतो
यहxchg ǓनदȶशकोǓनçपाǑदतकरताहैतोͩफरसे0 ĤाÜतहोगाऔरयहमह×वपूण[ खंड(critical
section) मɅ जाएगा।
दूसरȣ तरफ, यǑदयहदुभा[Êयपूण[/अवांǓछतहैतोयहxchg ǓनदȶशǓनçपाǑदतकरेगाऔरकुछĤाÜत
करेगाजोǒबना-शूÛय/नॉन-जीरोहोगाऔरयहͪवĮाम/èलȣप(sleep) केपासवापसजायेगा।औरएक
औरĤͩĐयासेजागनेतकयहèलȣप(sleep ) जारȣ रहेगा।इसͧलएअǓनवाय[ Ǿपसे, हमयहांदेखतेहɇ
ͩकिèपनलॉÈस(spinlock) मɅ ͩकएगए‘åयèतइंतजार’/’ǒबजीवेǑटंग’ (busy waiting) करनेकेबजाय,
àयूटेÈस(Mutex) मɅ हमनेपूरȣ ĤͩĐया/Ĥोसेस(process) कोèलȣप(sleep) कȧ िèथǓतमɅ डालǑदया
है।यहĤोसेस(process) èलȣप(sleep) कȧ िèथǓतमɅ तबतकजारȣ रहेगीजबतकयहजागृतनहो
जाएऔरजबयहजागृतहोजाए, तोयहͩफरसेलॉक(lock) करनेकȧ कोͧशशकरेगाऔरयǑदयह
लॉक(lock) ĤाÜतकरताहैतोयहमह×वपूण[ खंड/ͩĐǑटकलसेÈशन(critical section) मɅ Ĥवेशकरता
है।
इसͧलएàयूटेÈस(Mutex) केसाथएकमुɮदाहैिजसे“थंडǐरंगहड[ ĤॉÞलम” (thundering herd
problem) केǾपमɅ जानाजाताहै।इसͧलए, “थंडǐरंगहड[ ĤॉÞलम” (thundering herd problem) तब
होतीहैजबहमारेपासबड़ीसंÉयामɅ ĤͩĐयाएंहोतीहɇ।तो, यहमानलेतेहɇ ͩक, इनĤͩĐयाओंमɅ से
Ĥ×येकएकहȣ मह×वपूण[ अनुभाग/ͩĐǑटकलसेÈशन(critical section) काउपयोगकरतीहैऔर
मह×वपूण[ खंड(critical section) मɅ Ĥवेशकरनेकेͧलएलॉक(lock) कोआमंǒğतकरतीहै, और
मह×वपूण[ खंड(critical section) केअंतमɅ अनलॉक(unlock) कोआमंǒğतͩकयाजाएगाजोतबएक
औरĤͩĐयाकोजागृतकरेगाजोमह×वपूण[ अनुभाग/ͩĐǑटकलसेÈशन(critical section) केͧलए
इंतजारकररहाहै।तो, यहतबहोसकताहैजबहमारेपासबड़ीसंÉयामɅ ĤͩĐयाएंहɉ, èलȣप(sleep)
मो मɅ कई ĤͩĐयाएं मौजूद हɉ जबͩक एक ĤͩĐया मह×वपूण[ खंड (critical section) मɅ Ĥवेश करती है।
इसͧलए, जबवहĤͩĐयाअनलॉक(unlock) ǓनçपाǑदतकरतीहैतोयहजागृतहोजातीहै।इसका
पǐरणामउनसभीĤͩĐयाओंमɅ होताहैजोजागनेकेͧलएͪवĮामकररहेहɇ।इसͧलए, येसभीĤͩĐयाएं
अवǽɮध/ÞलॉÈड(Blocked) िèथǓतसेतैयारकतार/रेडीÈयू (ready queue) मɅ जाएंगीऔर
अनुसूचक/शेɬयूलरĐमशःइनĤͩĐयाओंमɅ सेĤ×येककोǓनçपाǑदतकरेगा।इसͧलए, Ĥ×येकĤͩĐया
while लूपकोजारȣ रखनेजारहȣ हैऔरxchg फ़ंÈशनǓनçपाǑदतकरतीहै।इसͧलएxchg Ǔनदȶशकȧ
परमाणु/सूêमĤकृǓतकȧ वजहसेइनसभीĤͩĐयाओंमɅ से, केवलएकĤͩĐयालॉकĤाÜतकरेगीऔर
अÛय सभी ĤͩĐयाएं नींद/ͪवĮाम कȧ िèथǓत मɅ वापस जाएंगी। तो, यह हर बार जारȣ है।
इसͧलएहरबार, जबभीएकमह×वपूण[ खंडकोपूराकरनेवालȣ ĤͩĐयाɮवाराअनलॉकआमंǒğतͩकया
जाताहै, तोयहजागृत/वेक-अप(wake up) कोआमंǒğतकरेगाऔरइसकेपǐरणामèवǾप, सभी
ĤͩĐयाएंजोउसàयूटेÈसपरजागृतहोनेकȧ Ĥती¢ाकररहȣ थींऔरसभी, केवलएककोकोछोड़कर
ͪवĮामकरनेवापसजाएँगी।वाèतवमɅ ǒबãकुलएकĤͩĐयाहोगीजोताला/लॉक(lock) हाͧसलकरेगी
और मह×वपूण[ खंड/ͩĐǑटकल सेÈशन (critical section) मɅ Ĥवेश करेगी। इसͧलए, इसके
पǐरणामèवǾप, हमÈयादेखतेहɇ ͩकजबभीवेक-अप(wake up) आमंǒğतहोताहैतोपǐरणामèवǾप
कईसंदभ[ िèवच/कॉÛटेÈèटिèवच(context switch) होतेहɇ, ताͩकसभीĤͩĐयायɅ ͩफरसेxchg
ǓनदȶशकोǓनçपाǑदतऔरजांचसकɅ ।अब, हाड[वेयरमɅ लागूआदान-Ĥदान/एÈसचɅजɉ केमाÚयमसे, एक
कोछोड़करसभीĤͩĐयाएंͩĐǑटकलसेÈशन(critical section) मɅ ĤवेशकरɅगी।तो, यहांपरमुɮदायह
हैͩक इसे“थंडǐरंगहड[ ĤॉÞलम” (Thundering Herd Problem) Èयɉ कहाजाताहै, हरबार
जागने/वेक-अप(wake up) केबाद, संदभ[ िèवͬचंगकȧ एकबड़ीतेज़-बहाव/ǑहमèखलनहोतीहैÈयɉͩक
बड़ीसंÉयामɅ ĤͩĐयाएंतैयारकतार/रेडीÈयू(ready queue) मɅ Ĥवेशकररहȣ हɇ औरइससेआगेबढ़
सकता है भुखमरȣ/èटारवेशन (starvation) के ͧलए।
थंडǐरंगहड[ समèया(thundering herd problem) काएकसमाधानàयूटेÈस(mutex) कोलागूकरने
के तरȣकेमɅ ​शाͧमल​कतारɉ/Èयू(queue) कोसंशोͬधतकरनाहै।एकàयूटेÈस(mutex) केइस
काया[ÛवयनमɅ, जबभीलॉकलगायाजाताहैऔरxchg ǓनदȶशकुछलौटाताहैजोशूÛयनहȣंहै, ĤͩĐया
को Èयू (queue) मɅ जोड़ा जाता है और ͩफर èलȣप (sleep) के पास जाता है।
अब, जबकोईĤͩĐयाअनलॉक(unlock) करनेकाआéवानकरतीहै, तोͪवĮामवालȣ Ĥोसेस
(process) Èयू(queue) सेहटादȣ जातीहैऔरͪवशेषǾपसेकेवलउसĤͩĐयाकेͧलएजागृतहोतीहै।
तो, ͪपछलेमामलɉ केͪवपरȣतजहांसभीĤͩĐयाएंजागृतहोजातीहɇ, इसमामलेमɅ ǒबãकुलएकĤͩĐया
होतीहैजोजागृतहोतीहै।तोयहĤͩĐयापी(P) जोयहांǓनǑद[çटहै, वहनींदसेजागजाएगीऔरचूंͩक
यहएकमाğ ĤͩĐयाहैजोजागृतहोगईहै, यहआमतौरपरwhile लूपकेदौरानइसमɅ जायेगी,
एÈसचɅज(exchange) कȧ जांचकरेगीऔरसबसेअͬधकसंभावनाहैͩकयहलॉकĤाÜतकरेऔर
ͩĐǑटकल सेÈशन (critical section) को ǓनçपाǑदत करे ।
इसीĤकार, जबयहअनलॉक(unlock) होजाताहै, तोयहअगलȣ ĤͩĐयाकोचुनताहैजोकतार/Èयू
(queue) मɅ Ĥती¢ाकररहाहैऔरयहकेवलउसĤͩĐयाकोजगाएगा।अब, यहदूसरȣ ĤͩĐयातब
मह×वपूण[ खंड/ͩĐǑटकल सेÈशन (critical section) मɅ Ĥवेश करेगी।
इसͧलए, जबहमएकिèपनलॉÈस(spinlocks) औरàयूटेÈस(mutexes) जैसेͧसंĐनाइज़ेशन
(synchronization) Ĥाथͧमक/ͪĤͧमǑटव(primitive) केबारेमɅ बातकररहेहɇ, तोइसमामलेपरभी
ͪवचारकरनामह×वपूण[ हैजबऑपरेǑटंगͧसèटम(operating system) मɅ ‘Ĥाथͧमकताआधाǐरत
शेɬयूͧलंगएãगोǐरदम’/’Ĥायोǐरटȣ बेèडशेडूͧलंगएãगोǐरथम’ (priority based scheduling algorithm)
का उपयोग ͩकया जाता है। तो आइए हम इस ͪवशेष पǐरǺæय पर ͪवचार करɅ।
तो, आइएहमकहɅ ͩकहमारेपासउÍचĤाथͧमकताकाय[ औरकमĤाथͧमकताकाएककाय[ हैजो
समानडेटासाझाकरताहैऔरएकमह×वपूण[ अनुभाग/ͩĐǑटकलसेÈशन(critical section) रखताहै।
अब, हमकहतेहɇ ͩककमĤाथͧमकताकाय[ मह×वपूण[ खंडमɅ औरइसͪवशेषसमयपरǓनçपाǑदतहो
रहाहै, उÍचĤाथͧमकताकाय[ मह×वपूण[ खंडमɅ Ĥवेशकरनेकेͧलएलॉककेͧलएअनुरोधकररहाहै।
इसͧलए, हमिजसपǐरǺæयकासामनाकररहेहɇ वहयहहैͩककमĤाथͧमकताकाय[ मह×वपूण[ खंडमɅ
ǓनçपाǑदतकररहाहै, जबͩकइससमयकेदौरानउÍचĤाथͧमकताकाय[, लॉक(lock) कȧ तरहकुछ
आमंǒğत करता है और मह×वपूण[ खंड मɅ Ĥवेश करना चाहता है।
अब, हमिजसदुͪवधाकासामनाकररहेहɇ वहयहहैͩकहमारेपासउÍचĤाथͧमकताकाय[ हैजोकम
Ĥाथͧमकताकाय[ केपूराकरनेकȧ Ĥती¢ाकररहाहै।इसͧलए, इसे“Ĥायोǐरटȣ इनवरजनĤॉÞलम”
(Priority Inversion Problem) केǾपमɅ जानाजाताहै।अǓनवाय[ Ǿपसे, हमारेपासकुछमह×वपूण[ है
- एककाय[ जोमह×वपूण[ हैऔरउÍचĤाथͧमकतादȣ गईहैऔरयहअपनेǓनçपादनकोपूराकरनेके
ͧलएकमĤाथͧमकताकाय[ कȧ Ĥती¢ाकररहाहै।औरयǑदआपयहांमौजूदइसͪवशेषͧलंककोदेखते
हɇ, तोआपकोएकरोचकमामलाǑदखाईदेगाजहांऐसी“Ĥायोǐरटȣ इनवरजनĤॉÞलम” (Priority
Inversion Problem) हुई थी, अǓनवाय[ Ǿप से ‘पथ खोजक’/’पाथ फाइंडर’ (path finder) के साथ।
इसͧलए, “Ĥायोǐरटȣ इनवरजनĤॉÞलम” (Priority Inversion Problem) केͧलएएकसंभाͪवतसमाधान
“Ĥायोǐरटȣ इनहेǐरटɅस” (Priority Inheritance) केǾपमɅ जानाजाताहै।इसͧलए, अǓनवाय[ Ǿपसेइस
समाधानमɅ जबभीकमĤाथͧमकताकाय[ मह×वपूण[ खंडमɅ ǓनçपाǑदतहोरहाहै, एकउÍचĤाथͧमकता
काय[ उसमह×वपूण[ खंडकेͧलएअनुरोधकरताहै, Èयाहोताहैͩक, ǓनàनĤाथͧमकताकाय[ उÍच
ĤाथͧमकतामɅ बढ़जाताहै।अǓनवाय[ Ǿपसे, ǓनàनĤाथͧमकताकाय[ कȧ Ĥाथͧमकता, उÍचĤाथͧमकता
काय[ केबराबरहोजातीहै।तबकमĤाथͧमकताकाय[ तबतकउÍचĤाथͧमकताकेसाथǓनçपाǑदत
करेगाजबतकयहमह×वपूण[ खंडजारȣ नहȣंकरताहै।इसͧलए, यहसुǓनिæचतकरेगाͩकउÍच
Ĥाथͧमकता काय[ अपे¢ाकृत तेज़ी से ǓनçपाǑदत होगा।
धÛयवाद।"
30,0,,"ऑपरेǑटंग ͧसèटम (Operating System) का पǐरचय
Ĥोफेसर चेèटर रेबेरो
संगणक ͪव£ान और अͧभयांǒğकȧ ͪवभाग
भारतीय Ĥौɮयोͬगकȧ संèथान, मġास
सÜताह- 06
åयाÉयान - 29
सेमाफोस[ (Semaphores)
नमèकार। इस वीͫडयो मɅ, हम सेमफोस[ (Semaphores) नामक एक और
समकालȣकरण/ͧसंĐनाइज़ेशन(synchronization) Ĥाथͧमक/ͪĤͧमǑटव(primitive) देखɅगे।हमेशाकȧ
तरहहमĤेरकउदाहरणसेशुǾ करɅगेऔरͩफरहमसेमाफोरɉ/सेमफोस[ (semaphores) का
अनुĤयोग/एÜलȣकेशन (application) Ǒदखाएंगे।
तोचͧलए‘Ǔनमा[ता-उपभोÈतासमèया’/’ĤोडूसरकंèयूमरĤॉÞलम’ (Producer-Consumer Problem)
के नामसेजानेवालेबहुतलोकͪĤयउदाहरणसेशुǾ करतेहɇ।इसͧलएइसे‘बॉÖडेडबफर
समèया’/’बॉÖडेडबफरĤॉÞलम’ (Bounded buffer Problem) केǾपमɅ भीजानाजाताहै।अǓनवाय[
Ǿपसे, यहांहमारेपासदोĤͩĐयाएंहɇ; एकĤͩĐयाǓनमा[ता/Ĥोɬयूसर(Producer) केǾपमɅ जानीजाती
हैऔरदूसरȣ ĤͩĐयाउपभोÈता/कंèयूमर(Consumer) केǾपमɅ जानीजातीहै।अबǓनमा[ता/Ĥोɬयूसर
(Producer) औरउपभोÈताएक‘बाÚय/बॉÖडेडबफर’ (‘bounded buffer’) साझाकरतेहɇ।तोयहएक
सामाÛयबफरहैऔरइसकाएन(N) काआकारहैिजसमɅ एन(N) डेटात×वहɇ िजÛहɅ इसमɅ संĒहȣत
ͩकया जा सकता है।
तोउदाहरणकेͧलएइसͪवशेषमामलेमɅ, 6 त×वहɇ िजÛहɅ बफरमɅ संĒहȣतͩकयाजासकताहै।अब
Ǔनमा[ता/Ĥोɬयूसर(Producer) डेटापैदाकरताहै।तोउदाहरणकेͧलए, यहडेटाअͬधĒहणमॉɬयूलहो
सकताहैजोतापमान, दबावऔरऐसीतरहकेडेटाएकğ करताहै, अतःयहडेटाबफर(data buffer) मɅ
भेजǑदयाजाताहै।अबदूसरȣ ओर, उपभोÈताबफरसेलेताहैऔरͩफरडेटाकोसंसाͬधतकरताहै।तो
उदाहरणकेͧलए, यहउपभोÈता/कंèयूमर(Consumer) ĤͩĐयाशायदǓनमा[ता/Ĥोɬयूसर(Producer)
डेटापरकुछͪवæलेͪषकȧ कȧ गणनाकरसकतीहै।तो, सबकुछअÍछȤ तरहसेकामकरेगा,
Ǔनमा[ता/Ĥोɬयूसर(Producer) डेटाबनाताहै, इसेबफरपररखताहैऔरदूसरȣ ओरउपभोÈता/कंèयूमर
(Consumer) बफरसेलेताहैऔरडेटाकाउपभोगशुǾ करताहै।उदाहरणकेͧलएडेटाकेसाथकुछ
गणनाकरताहै।समèयातबहोगीजबउदाहरणकेͧलएउपभोÈताǓनमा[ता/Ĥोɬयूसर(Producer) कȧ
तुलनामɅ बहुतधीमीहै।इसतरहकेमामलेमɅ Ǔनमा[ता/Ĥोɬयूसर(Producer) उपभोÈताकȧ तुलनामɅ
तेज दर से डेटा का उ×पादन करेगा और इसͧलए बहुत जãदȣ बफर भरा होगा।
तो, Ǔनमा[ता/Ĥोɬयूसर(Producer) आगेÈयाकरताहै? एकअÛयसमèयातबहोसकतीहैजहां
Ǔनमा[ता/Ĥोɬयूसर(Producer) कȧ तुलनामɅ उपभोÈता/कंèयूमर(Consumer) बहुततेज़है।और
इसͧलए, यहबफरमɅ सभीडेटाकाबहुतजãदȣ उपयोगकरसकताहै, औरिजसकेपǐरणामèवǾपएक
बफरखालȣ होताहै।तो, उपभोÈताकोआगेÈयाकरनाचाǑहए? इसͧलएइसेǓनमा[ता/Ĥोɬयूसर
(Producer) औरउपभोÈताकेबीचएकसमकालȣनता/ͧसंĐनाइज़ेशन(synchronization) तंğ कȧ
आवæयकताहै।अǓनवाय[ Ǿपसे, जबबफरखालȣ होताहैतोउपभोÈताकोतबतकĤती¢ाकरनीचाǑहए
जबतकǓनमा[ता/Ĥोɬयूसर(Producer) बफरमɅ डेटाभरतानहȣंहै।इसीĤकार, जबबफरभरजाताहै
तोǓनमा[ता/Ĥोɬयूसर(Producer) कोतबतकइंतजारकरनापड़ताहैजबतकउपभोÈताबफरसेडेटा
नहȣं ले लेता।
तोयहसामाÛयǓनमा[ता/Ĥोɬयूसर(Producer) औरउपभोÈता/कंèयूमर(consumer) कोडहै, औरहम
àयूटेÈसɉ (Mutexes) काउपयोगकरǓनमा[ता/Ĥोɬयूसर(Producer)-उपभोÈतासमèयाकोहलकरने
कȧ कोͧशशकररहेहɇ।अǓनवाय[ Ǿपसे, हम3 àयूटेÈसɉ (Mutexes) काउपयोगकररहेहɇ; खालȣ, पूण[,
और एक àयूटेÈस (Mutex) बस एक àयूटेÈस (Mutex) कहा जाता है।
तो, Ǔनमा[ता/Ĥोɬयूसर(Producer) कोडअǓनवाय[ Ǿपसेएक‘आइटम’ (‘item’) काउ×पादनकरेगा,
‘आइटम’ (‘item’) कोबफरमɅ डालकरऔरकाउंट(count) बढ़ाएगा, काउंटÜलसÜलस(count++)
करेगा।हालांͩक, उपभोÈता/कंèयूमर(consumer) कोड‘आइटम’ (‘item’) कोहटादेगा, ‘काउंट’
(‘count’) घटाएगाऔरͩफर‘आइटम’ (‘item’) काउपभोगकरेगा।अबपरेशानिèथǓतकाÉयालरखने
केͧलए, वहतबहोताहैजबबफरभराहोताहैयाबफरखालȣ होताहैहमइनàयूटेÈस(Mutex) का
उपयोगकररहेहɇ; खालȣ औरपूण[।अǓनवाय[ Ǿपसे, वèतु/आइटम(item) डालनेसेपहले
Ǔनमा[ता/Ĥोɬयूसर(Producer) जांचकरेगाͩकÈया‘एन’ (N) केबराबर‘काउंट’ (‘count’) है, यहजांचने
जारहाहैͩकबफरभराहुआहैयानहȣं।औरयǑदबफरभराहुआहै, तोयह‘खालȣ’ (‘empty’) नामक
इस ͪवशेष àयूटेÈस (Mutex) पर सो जाएगा।
औरदूसरȣ तरफ, उपभोÈता/कंèयूमर(consumer) जांचकरेगाͩकÈया‘काउंट’ (‘count’) ‘एनमाइनस
1’ (‘N-1’) केबराबरहैिजसकाअथ[ हैͩकउसनेएकपूण[ बफरसेͧसफ[ एकत×वहटाǑदयाहै।तोअगर
ऐसाहैतोयह‘वेकअपएàÜटȣ’ (‘wakeup empty’) परजारहाहै।तोयहजागǾकताउ×पादक/Ĥोडूसर
(producer) कोअपनीनींदसेउठनेकासंकेतदेतीहैऔरͩफरǓनमा[ता/Ĥोɬयूसर(Producer) ‘आइटम’
(‘item’) कोबफरमɅ डालसकताहैऔर‘काउंट’ (‘count’) बढ़ासकताहै।दूसरȣ तरफ, यǑदउपभोÈताको
पताचलताहैͩकबफरखालȣ है, तोयहशूÛय(0) केबराबरहैतोयह‘फुल’ (‘full’) नामकइसͪवशेष
àयूटेÈस(Mutex) परसोजाएगा।इसͧलए, यहइसàयूटेÈस(Mutex) परतबतकअवǽɮधहोगाजब
तक ͩक यह Ǔनमा[ता/Ĥोɬयूसर (Producer) से जागृत/वेकअप (wakeup ) न हो जाए।
अǓनवाय[ Ǿपसे, अगरǓनमा[ता/Ĥोɬयूसर(Producer) कोपताचलताहैͩकजबउसने‘आइटम’ (‘item’)
डालाऔर‘काउंट’ (‘count’) कोबढ़ायाͩकबफरमɅ ǒबãकुल1 ‘आइटम’ (‘item’) मौजूदहैतोवह
उपभोÈता/कंèयूमर(Consumer) कोएकवेकअप(wakeup) ͧसÊनलभेजदेगा, इसͧलएपूराहो
जाएगा।औरइसͧलए, इसजागǾकतासेउपभोÈताकोअनवरोͬधतकरǑदयाजाएगाऔरइसेतैयार
कतारमɅ वापसरखाजाएगाऔरइससेउपभोÈता/कंèयूमर(consumer) कोǓनçपाǑदतकरनेकȧ
अनुमǓतͧमलेगी, औरउस‘आइटम’ (‘item’) कोहटाǑदयाजाएगाऔरͩफरउस‘आइटम’ (‘item’) का
उपभोगहोगा।तोजबवह‘आइटम’ (‘item’) कोहटादेताहैतोगणनाशूÛय(0) परवापसजातीहै।अब
इस‘एàÜटȣ’ (‘empty’) और‘फुल’ (‘full’) àयूटेÈस(Mutex) केअलावा, तीसराàयूटेÈस(Mutex) भी
उपयोग ͩकया जाता है।
इसͧलए, यहàयूटेÈस(Mutex) अǓनवाय[ Ǿपसेबफरतकपहुंचकोसुरͯ¢तयाͧसंĐनाइज़
(synchronize) करनेकेͧलएउपयोगͩकयाजाताहै।इसͧलए, ͩकसी‘आइटम’ (‘item’) कोडालनेऔर
‘काउंट’ (‘count’) बढ़ानेसेपहले, Ǔनमा[ता/Ĥोɬयूसर(Producer) कोàयूटेÈस(Mutex) कोलॉक(lock)
करनेकȧ आवæयकताहोतीहैऔर‘आइटम’ (‘item’) कोभेजदेनेऔर‘काउंट’ (‘count’) बढ़ानेकेबाद
अनलॉͩकंग ͩकया जाता है।
दूसरȣ ओर, आइटम(item) कोहटानेकेͧलएबफरकोएÈसेसकरनेऔर‘काउंट’ (‘count’) कोभीकम
होनेसेपहले।अǓनवाय[ Ǿपसेआपदेखतेहɇ ͩकइनदोĤͩĐयाओंकेबीच‘काउंट’ (‘count’) औरबफर
कोसाझाͩकयाजाताहैजोǓनमा[ता/Ĥोɬयूसर(Producer) औरउपभोÈता/कंèयूमर(Consumer) है।
औरइसͧलए, यहàयूटेÈस(mutex) बफरऔर‘काउंट’ (‘count’) मानतकपहुंचकोͧसंĐनाइज़
(synchronize) करनेमɅ मददकरेगा, इसͧलएयहसमाधानतीन(3) àयूटेÈसɉ (Mutexes) केसाथ
ठȤककामकरताĤतीतहोताहै।इसͧलए, जबͩकयहयोजनाठȤकलगतीहै, हमǑदखाएंगेͩकएक
Ǔनिæचतशत[ केतहतǓनमा[ता/Ĥोɬयूसर(Producer) औरउपभोÈता/कंèयूमर(Consumer) ǒबना
ͩकसी ĤगǓत के असीͧमत Ǿप से अवǽɮध होगा।
तोयहिèथǓतइसतØयपरआधाǐरतहैͩकयहͪवशेषरेखा, यǑद‘काउंटकेबराबरकेबराबरशूÛय’
(‘count==0’) गणनावाèतवमɅ दोचरणɉ मɅ शाͧमलहैजोपरमाणͪवक/एटॉͧमक(atomic) नहȣंहɇ।
पहलाकदमयहहैͩकèमृǓतमɅ संĒहȣत ‘काउंट’ (‘count’) मानĤोसेसरमɅ एकरिजèटरमɅ लोडहो
जाएगा, औरदूसराचरणतबहोताहैजबरिजèटरमानशुÛय(0) यानहȣंहोनेपरचेकͩकयाजाताहै।
तोआइएहमउससमèयाकोदेखɅ जोहोसकताहैÈयɉͩकयहͪवशेषǓनçपादनयायहͪवशेषकथन
गैर-परमाणु/नॉन-एटॉͧमक (non-atomic) है।
तोआइएहमकहɅ ͩकउपभोÈता/कंèयूमर(consumer) पहलेǓनçपाǑदतकरनाशुǾ करदेताहैऔर
इसकाǓनçपादनǐरÈतबफरकेसाथशुǾ होताहै।इसͧलएयहएकèमृǓतèथानसे‘काउंट’ (‘count’)
केमानकोएकरिजèटरमɅ पढ़ताहै, Èयɉͩकहममानतेहɇ ͩकयहĤारंͧभकिèथǓतहैइसͧलएरिजèटर
मɅ लोडकȧ गई‘काउंट’ (‘count’) कामूãय0 होगा।आइएहमकहɅ ͩकएकसंदभ[ बदलाव/कॉÛटेÈèट
िèवच(context switch) हुआहैऔरǓनमा[ता/Ĥोɬयूसर(Producer) नेǓनçपाǑदत/एÈसेÈयूटेड
(executed) ͩकयाहै।अबǓनमा[ता/Ĥोɬयूसर(Producer) एकआइटम(item) उ×पÛनकरताहै,
‘काउंट’ (‘count’) को 1 तक बढ़ाता है, और ͩफर ‘आइटम’ (‘item’) को बफर मɅ डाल देता है।
अबइसेǓनçपाǑदतकरनेकेबाद, आइएहमकहɅ ͩकएकसंदभ[ बदलाव/कॉÛटेÈèटिèवच(context
switch) ͩफरसेहै, िजसकेपǐरणामèवǾपउपभोÈता/कंèयूमर(Consumer) ǓनçपादनशुǾ करताहै
जहाँ से यह ǽका था याǓन कȧ इस ǒबंदु से।
अबहमजानतेहɇ ͩकयहपहलेसेहȣ शूÛय(0) केमानकेसाथपहलेसेहȣ रिजèटरलोडकरचुकाहै।
अबयहजांचनेजारहाहैͩकशूÛय(0) केबराबर‘काउंट’ (‘count’) है, जोइसमामलेमɅ सचहैऔर
इसͧलएउपभोÈता/कंèयूमर(Consumer) इंतजारकररहाहै।अǓनवाय[ Ǿपसे, यहतबतकइंतजार
करनेजारहाहैजबतकͩकइसेǓनमा[ता/Ĥोɬयूसर(Producer) सेसंकेतĤाÜतनहोजाए।हालांͩक,
गणनाकावाèतͪवकमूãयएक(1) है, ÈयɉͩकǓनमा[ता/Ĥोɬयूसर(Producer) नेएकवèतु/आइटम
(item) कोबफरमɅ भेजǑदयाहै, औरइसĤकारहमदेखतेहɇ ͩकएक‘लॉèटवेकअप’ (lost wakeup)
होताहै।उपभोÈता/कंèयूमर(Consumer) नेएकजागǾकता(wakeup) संकेतकोचूक/छोड़Ǒदयाहै
िजसेǓनमा[ता/Ĥोɬयूसर(Producer) नेभेजाहै।अबǓनमा[ता/Ĥोɬयूसर(Producer) कोबफरमɅ अͬधक
वèतुओं (items) को धÈका देने से रोक नहȣं है।
इसͧलए, अंतमɅ पूराबफरभराहुआहैऔरǓनमा[ता/Ĥोɬयूसर(Producer) तबउपभोÈता/कंèयूमर
(consumer) केͧलएकुछवèतु/आइटम(item) हटानेकाइंतजारकरेगा।हालांͩक, ऐसानहȣंहोगा
ÈयɉͩकउपभोÈता/कंèयूमर(consumer) èवयंइंतजारकररहाहै।इसĤकार, Ǔनमा[ता/Ĥोɬयूसर
(Producer) हैजोउपभोÈता/कंèयूमर(consumer) केएकवèतुǓनकालनेकेͧलएĤती¢ाकररहाहै,
जबͩकउपभोÈता/कंèयूमर(consumer) भीइंतजारकररहाहैÈयɉͩकयहजागने(wakeup) सेचूक
गयाहै।इसĤकार, हमअंततःएकͪवशेषअवèथातकपहुंचतेहɇ जहांǓनमा[ता/Ĥोɬयूसर(Producer)
औरउपभोÈता/कंèयूमर(consumer) दोनɉ असीͧमतĤती¢ाकरɅगे।तोहमदेखतेहɇ ͩकतीनàयूटेÈस
(Mutex) काउपयोगकरनेसेǓनमा[ता/Ĥोɬयूसर(Producer)-उपभोÈता/कंèयूमर(Consumer)
समèया हल नहȣं होगी।"
30,1,(èलाइडसमय का संदभ[ लɅ: 10:39),"आइएहमसेमाफोस[ (Semaphores) नामकएकऔरĤाथͧमक/ͪĤͧमǑटव(primitive) कोदेखɅ।तोयह
सेमाफोस[ (semaphores) एकऔरͧसंĐनाइज़ेशनͪĤͧमǑटव(synchronization primitive) हैिजसे
1965 मɅ ͫडजèĚा(Dijkstra) ɮवाराĤèताͪवतͩकयागयाथा।औरसेमफोरको2 कायɟ केसाथ
काया[िÛवतͩकयाजाताहैिजसेहमपरमाणͪवक/एटॉͧमक(atomic) मानतेहɇ।तोयेदोकाय[ हɇ औरइस
Ĥकारआवæयकतायहहैͩकइनदोनɉ कायɟ कोपरमाणͪवक/एटॉͧमक(atomic) होनाचाǑहए।तोएक
साझाèमृǓतèथानहैिजसे‘एस’ (‘S’) औरडाउनफ़ंÈशन(down function) मɅ कहाजाताहै, जबͩक
åहाइल लूप (while loop) जांच करेगा ͩक ‘एस’ (‘S’) शूÛय (0) के बराबर है या नहȣं।
इसͧलए, जबतक‘एस’ (‘S’) केपासएकमानहैजो0 सेकमहैइसͪवशेषलूपकोǓनçपाǑदतकरेगा।
जब‘एस’ (‘S’) शूÛय(0) सेअͬधकमानलेताहै, तोलूपटूटजाएगाऔरउसमेमोरȣ लोकेशन‘एस’ (‘S’)
कामानएक(1) तकघटजाएगा।अप(up) फ़ंÈशनमɅ जोͩकपरमाणͪवक/एटॉͧमक(atomic) भीहै,
मेमोरȣ लोकेशन(memory location) केमानएस(S) कोएक(1) सेबढ़ायाजाताहै।इसͧलए, डाउन
(down) औरअप(up) फ़ंÈशंस(functions) कोकभी-कभीडचनामɉ सेĐमशःपी(P) औरवी(V)
फ़ंÈशंस(functions) कहाजाताहै।औरहमारेपाससेमाफोस[ (Semaphores) केदोअलग-अलगǾप
भी हो सकते हɇ; हम एक‘अवǽɮध/Þलॉͩकंगसेमाफोर’ (blocking semaphore) औरएक
‘गैर-अवǽɮध/नॉन-Þलॉͩकंगसेमाफोर’ (non-blocking semaphore) भीहोसकताहै।इसͧलए, यहां
एक‘गैर-अवǽɮधसेमाफोर’ (non-blocking semaphore) Ǒदखायागयाहै, अǓनवाय[ Ǿपसेयहåहाइल
लूप(while loop) हैिजसकेपǐरणामèवǾपएकिèपनलॉक(spinlock) कȧ तरह‘åयèतइंतजार’/ǒबजी
वेǑटंग (busy waiting) होता है।
दूसरȣ ओरहमएकछोटासंशोधनकरसकतेहɇ औरएकअवǽɮधसेमफोरलेसकतेहɇ, जहांयहͪवशेष
कथनपǐरणामèवǾपअवǽɮधिèथǓतमɅ जारहाहै, जबͩकऊपर/अप(up) सेएकसंकेतĤͩĐयाको
जगाएगा।तोयǑदएस(S) केमानĤारंभमɅ एक(1) परसेटͩकयागयाथातोएकअवǽɮधसेमाफोर
एकàयूटेÈस(Mutex) केसमानहोताहै, जबͩकएकगैर-अवǽɮधसेमाफोरिèपनलॉककेसमानहोता
है।तोअब, देखतेहɇ ͩकहमǓनमा[ता/Ĥोɬयूसर(Producer)-उपभोÈता/कंèयूमर(Consumer) समèया
को हल करने के ͧलए सेमाफोर का उपयोग कैसे कर सकते हɇ।
तोसमèयाकोहलकरनेकेͧलएहमɅ दोसेमाफोस[ (Semaphores) कȧ आवæयकताहोतीहै; एकफुल
(full) केǾपमɅ जानाजाताहै।तोजबमɇ दोसेमाफोस[ (Semaphores) कहताहूंतोइसकामतलबहै
ͩकदोèमृǓतèथानहɇ िजÛहɅ हमइस‘एस’ (‘S’) ɮवारायहांǓनǑद[çटकरतेहɇ।तोहमारेपासदोèमृǓत
èथानयादोसेमाफोस[ (Semaphores) हɇ, पूण[/फुल(full) औरखालȣ/एàÜटȣ (empty)।इसͧलए, फुल
(full) कोĤारंͧभकमानशूÛय(0) Ǒदयाजाताहै, जबͩकखालȣ(empty) कोĤारंͧभकमानएन(N) Ǒदया
जाताहै, जहांएन(N) यहांबफरकाआकारहोताहै।सेमफोरफुल(full) बफरमɅ भरेहुएÞलॉककȧ
संÉयाइंͬगतकरताहै, जबͩकसेमाफोर(semaphore) ‘एàÜटȣ/खालȣ’ (‘empty’) बफरमɅ खालȣ Þलॉक
कȧ संÉया इंͬगत करेगा।
इसͪवशेषमामलेमɅ, जहां‘एन’ (‘N’) छः(6) केबराबरहै, ‘फुल’ (‘full’) केͧलएचार(4) कामानहोगा
Èयɉͩकचार(4) भरेÞलॉकहɇ और‘एàÜटȣ/ खालȣ’ (‘empty’) केपासदो(2) कामानहोगाÈयɉͩकदो
(2) खालȣ Þलॉकहɇ।इसͧलए, शुǽआतीअवèथा, Ǔनमा[ता/Ĥोɬयूसर(Producer) औरउपभोÈता/कंèयूमर
(Consumer) केǓनçपादनकȧ शुǽआतसेठȤकपहले‘फुल’ (‘full’) शूÛय(0) केबराबरहɉगेऔर
‘एàÜटȣ/ खालȣ’ (‘empty’) ‘एन’ (‘N’) केबराबरहɉगे, ÈयɉͩकबफरमɅ कोईडेटाआइटमनहȣंहै; अǓनवाय[
Ǿप से, Èयɉͩक बफर खालȣ है।
तोदेखतेहɇ, सेमाफोस[ (Semaphores) काउपयोगकैसेͩकयाजाताहै।तोआइएǓनमा[ता/Ĥोɬयूसर
(Producer) कोदेखɅ, इसͧलएǓनमा[ता/Ĥोɬयूसर(Producer) एकवèतु/आइटम(item) उ×पÛनकरता
हैऔरहमयहͪवशेषउदाहरणलɅगेजहांएक‘ͩफल’ (‘fill’) चार(4) हैऔर‘एàÜटȣ/ खालȣ’ (‘empty’) दो
(2) है, औरͩफरजबआइटमकाउ×पादनहोताहैतोयहडाउन(down) सेमाफोर(semaphore) को
आमंǒğतकरताहै।तोडाउन(down) सेमाफोर(semaphore) , जैसाͩकहमनेदेखाहै, ‘एàÜटȣ/ खालȣ’
(‘empty’) सेमफोर(semaphore) कोनीचेलेजाएगा, इसͧलएएàÜटȣ/ खालȣ (empty) दो(2) सेएक
(1) तक जाएगा। तो, यह एक परमाणͪवक/एटॉͧमक ऑपरेशन (atomic operation) है।
ͩफरǓनमा[ता/Ĥोɬयूसर(Producer) मɅ अगलाकदमएक‘आइटम’ (‘item’) डालनाहै, इसͧलएबफरमɅ
एकनयाआइटमडालाजाताहै।ͩफरएक‘अपफुल’ (‘up full’) हैयाǓनͩकसेमाफोरफुल(full) कामूãय
पांच (5) ĤाÜत करेगा।
इसीĤकार, उपभोÈता/कंèयूमर(Consumer) भागमɅ Ǔनàनानुसारहै।सबसेपहले‘डाउनफुल’ (‘down
full’) है, इसͧलए ‘फुल’ (‘full’) का मान पांच (5) से चार (4) तक जाएगा जैसा ͩक यहां देखा गया है।
ͩफरबफरसेएक‘आइटम’ (‘item’) हटाǑदयाजाताहैऔर‘एàÜटȣ/ खालȣ’ (‘empty’) कामूãयऊपर
सेटहोजाताहै।तो, ‘एàÜटȣ’ (‘empty’) कामूãयदो(2) होजाएगा, औरͩफरउपभोÈता/कंèयूमर
(Consumer) ͪवशेष आइटम का उपभोग करेगा।
अबहमǓनमा[ता/Ĥोɬयूसर(Producer) औरउपभोÈता/कंèयूमर(Consumer) दोनɉ और‘पूण[
बफर’/’फुलबफर’ (full buffer) केमामलेकोदेखतेहɇ।तोहमारेपासहै, मानलȣिजएͩकबफरभराहुआ
है, इसͧलएइसतरहकेमामलेमɅ फुल(full) मूãयछह(6) हैजोएन(N) केबराबरहै, जबͩकएàÜटȣ
(empty) केपासशूÛय(0) कामानहैजोइंͬगतकरताहैͩकबफरमɅ कोईखालȣ Þलॉकनहȣंहै, और
फुल(full) छह(6) सेसंकेतͧमलताहैͩकबफरमɅ छह(6) पूण[ Þलॉकहɇ।तोǓनमा[ता/Ĥोɬयूसर
(Producer) सामाÛयǾपसेएकवèतुकाउ×पादनकरेगाऔरͩफरयहखालȣ होजाएगा।अबआप
देखतेहɇ ͩकएàÜटȣ (empty) कामानशूÛय(0) है।इसͧलएयǑदआपसेमाफोर(semaphore) के
‘डाउन’ (‘down’) फ़ंÈशन(function) परवापसजातेहɇ तोइसकेकारणलगातारåहाइल(while) कथन
ǓनçपाǑदतहोगा।तो, Ǔनमा[ता/Ĥोɬयूसर(Producer) कोइसͪवशेष‘डाउन’ (‘down’) सेमाफोरपर
अवǽɮध/ÞलॉÈड (blocked) या इंतजार/वेǑटंग (waiting) कर Ǒदया जाएगा।
अब, थोड़ीदेरकेबादजबउपभोÈता/कंèयूमर(Consumer) ǓनçपाǑदतकरनाशुǾ करदेताहै, तोयह
डाउनफुल(down full) ǓनçपाǑदतकरेगा; इसͧलएनतीजतन, यहएकͪवशेषत×वकाउपभोगकरनेजा
रहाहै, इसͧलएयह‘फुल’ (‘full’) मूãयकोकमकरनेजारहाहैजैसाͩकयहांǑदखेगा, इसͧलएफुल(full)
5 होजाताहै।औरͩफरयहएक‘आइटम’ (‘item’) कोहटानेजारहाहैऔरयहजारहाहै‘अपएàÜटȣ’
(‘up empty’) के ͧलए।
तोअब‘एàÜटȣ/ खालȣ’ (‘empty’) एक(1) परसेटहै, औरͩफरǓनिæचतǾपसेयह‘आइटम’ (‘item’)
काउपभोगकरनेजारहाहै।अब‘एàÜटȣ/ खालȣ’ (‘empty’) कोएक(1) सेटकरनेकेपǐरणामèवǾप
सेमाफोर(semaphore) वेकअप(wakeup) केͧलएडाउन(down) होगायासेमाफोर(semaphore)
मɅ लूपकोĦेकपूराकरेगा, औरͩफरǓनमा[ता/Ĥोɬयूसर(Producer) ‘एàÜटȣ/ खालȣ’ (‘empty’) को0 पर
सेटकरेगाऔर‘आइटम’ (‘item’) कोबफरमɅ डालेगाऔरͩफर‘फुल’ (‘full’) कामानͩफरसेछः(6) पर
सेट होगा।
तो इस तरह से, बफर भरने पर ‘उ×पादक-उपभोÈता समèया’/Ĥोडूसर-कंèयूमर ĤॉÞलम
(producer-consumer problem) कोहलकरनेके ͧलए‘फुल’ (‘full’) और‘एàÜटȣ’ (‘empty’)
सेमाफोस[ (Semaphores) का उपयोग ͩकया जाता है।
एकसमानͪवæलेषणबफरखालȣ होनेपरभीͩकयाजासकताहै।ऐसेमामलेमɅ Đमशः‘फुल’ (‘full’)
और ‘एàÜटȣ’ (‘empty’) का मूãय Đमानुसार शूÛय (0) और छः (6) हɇ।
तो, एकचीजिजसकȧ हमनेǓनमा[ता/Ĥोɬयूसर(Producer) औरउपभोÈता/कंÏयूमर(Consumer) कोड
मɅ अबतकपरवाहनहȣंकȧ है, यहहैͩक, हमइसͪवशेषबफरतकपहुंच/एÈसेस(access) को
समकालȣन/ͧसंĐनाइज़(synchronize) नहȣंकररहेहɇ।नतीजतनयहसंभवहोसकताहैͩक
Ǔनमा[ता/Ĥोɬयूसर(Producer) बफरमɅ आइटमडालरहाहोऔरठȤकउसीसमयउपभोÈता/कंèयूमर
(Consumer) बफरसेͩकसीआइटमकोहटारहाहो।इसͧलएऐसीचीजकोरोकनेकेͧलएहमएक
बफरमɅ पहुंचकोͧसंĐनाइज़(synchronize) करनेकेͧलएएकàयूटेÈस(Mutex) काउपयोगकरते
हɇ।
तोइसͪवशेषबफरतकपहुंचनेसेपहले, एकǓनमा[ता/Ĥोɬयूसर(Producer) के साथ-साथ
उपभोÈता/कंèयूमर(Consumer) कोàयूटेÈस(Mutex) कोलॉककरनेकȧ आवæयकताहोगी, और
बफरतकपहुंचनेकेबादहमɅ अनलॉकàयूटेÈस(unlock mutex) कोआमंǒğतकरनेकȧ आवæयकताहै।
इसàयूटेÈस(Mutex) केपǐरणामèवǾपहमɅ गारंटȣ दȣ जासकतीहैͩकइनदोĤͩĐयाओंमɅ सेकेवल
एकहȣ इसमह×वपूण[ मह×वपूण[ खंड/ͩĐǑटकलसेÈशन(critical section) मɅ ǓनçपाǑदतहोरहȣ है, जो
ͩक ͩकसी भी समय Ǒदए गए बफर तक पहुंच रहȣ है।
तो, अब‘Ǔनमा[ता-उपभोÈतासमèया’/’ĤोडूसरकंèयूमरĤॉÞलम’ (Producer-Consumer Problem) के
कईअÛयǾपहɇ, औरऐसीकईयोजनाएंहɇ िजनमɅ सेमाफोरɉ/सेमफोस[ (semaphores) काउपयोगइन
ͪवͧभÛनसमèयाओंकोहलकरनेकेͧलएͩकयाजासकताहै।लेͩकन, इसͪवशेषपाɫयĐमकेͧलएहम
इस ͪवशेष उदाहरण के साथ ǽकɅ गे।
धÛयवाद।"
31,0,,"ऑपरेǑटंग ͧसèटम (Operating System) का पǐरचय
Ĥोफेसर चेèटर रेबेरो
संगणक ͪव£ान और अͧभयांǒğकȧ ͪवभाग
भारतीय Ĥौɮयोͬगकȧ संèथान, मġास
सÜताह – 07
åयाÉयान - 30
दाश[Ǔनकɉ के भोजन कȧ समèया/डाइǓनंग ͩफलोèफोस[ ĤॉÞलम ( Dining Philosophers Problem​)
नमèकार।ͪपछलेवीͫडयोमɅ, हमनेसैमफोरɉ/सेमाफोस[ केबारेमɅ बातकȧ थी।हमनेदेखाथाͩक
उ×पादकउपभोÈताउदाहरणमɅ तुãयकालन/ͧसंĐनाइज़ेशन(Synchronization) समèयाओंकोहल
करने के ͧलए सेमफोरɉ का उपयोग कैसे ͩकया जा सकता था।
इसवीͫडयोमɅ, हमएकऔरसमèयादेखɅगे, जहांसेमाफोस[ (semaphores) उपयोगीहɇ।तो, यह
दाश[Ǔनकɉ के भोजन कȧ समèया है और यह सेमफोरɉ के उपयोग का एक उ×कृçट उदाहरण है।
तोचͧलएसमèयासेशुǾ करतेहɇ।तोआइएहमकहɅ ͩकहमारेपासपांचदाश[Ǔनक/ͩफलोèफोस[
(philosophers) पी1, पी2, पी3, पी4, पी5 (P1, P2, P3, P4, P5) हɇ जोएकटेबलकेचारɉ ओरबैठेहɇ।
अबउनकेसामने, पांचÜलेटɅ हɇ; Ĥ×येकदाश[Ǔनक/ͩफलोèफोर्(philosopher) केͧलएएकऔरपांच
कांटे/फोक[ (forks) 1, 2, 3, 4, 5 ।अबइनमɅ सेĤ×येकदाश[Ǔनक/ͩफलोèफोर्(philosopher) केवलदो
चीजɉ मɅ सेएककरसकताहै।Ĥ×येकदाश[Ǔनक/ͩफलोèफोर्(philosopher) यातोसोचसकताहैयाखा
सकताहै।दूसरेशÞदɉ मɅ, यǑददाश[Ǔनक/ͩफलोèफोर्(philosopher) सोचनहȣंरहाहैतोवहखारहाहै
औरइसकेͪवपरȣत।अब, खानेकेͧलए, एकदाश[Ǔनक/ͩफलोèफोर्(philosopher) कोदोनɉ फोÈस[
(forks) पकड़नेकȧ जǾरतहोतीहै, जोͩकउसकेबायींओरकाकांटा/फोक[ (fork) हैऔरदाɃ ओरएकहै
जोउदाहरणकेͧलएहैयǑदपी1 (P1) खानाचाहताहैतोउसकेपासफोक[ 1 (fork1) औरफोक[ 2 (fork2)
होनाचाǑहए।येदोकांटेहɇ, जोउसकेकरȣबहɇ।इसीĤकार, यǑदपी3 (P3) खानाचाहताहैतोफोक[ 4
(fork4) औरफोक[ 3 (fork3) कȧ आवæयकताहोतीहै।अबसमèयायासमèयाजोहमहलकरनेकȧ
कोͧशशकररहे हɇ वहएकएãगोǐरदमͪवकͧसतकरनाहै, जहांकोईदाश[Ǔनक/ͩफलोèफोर्
(philosopher) भूखा नहȣं है ͩक Ĥ×येक दाश[Ǔनक/ͩफलोèफोर् (philosopher) को अंततः
खाने/भोजन/डाइǓनंग (dining) का मौका ͧमलना चाǑहए।
तोआइएहमइसͪवशेषसमèयाकेबहुतहȣ अÍछेसमाधानसेशुǾ करɅ।तोआइएहमकहɅ ͩकहमारे
यहांएकसमाधानहै, जहांहम‘एन’ (‘N’) कोĤ×येकदाश[Ǔनक/ͩफलोèफोर्(philosopher) केअनुǾप5
केǾपमɅ पǐरभाͪषतकरतेहɇ।औरहमारेपासदाश[Ǔनक/ͩफलोèफोर्(philosopher) केͧलएएक
काय[/फंÈशन(function) है।इसͧलए, यहफ़ंÈशनएकपूणाɍकमान'i' लेताहैऔरयह'i' Ĥ×येक
दाश[Ǔनक/ͩफलोèफोर्(philosopher) केअनुǾप1 से5 केमानहोसकताहैजोपी1, पी2, पी3, पी4 या
पी5 (P1, P2, P3, P4 or P5) है।
अब फ़ंÈशन (function) मɅ, हम एकअनंत/इनͩफǓनट(infinite) लूपहै जहां‘i-वाले’ (i​th​)
दाश[Ǔनक/ͩफलोèफोर्(philosopher) कुछसमयकेͧलएसोचɅगेऔरͩफरकुछसमयबादवहभूखे
महसूसकरनाशुǾ करदɅगे।तो, वहअपनेदाǑहनेओरवालाकांटाfork लɅगे, ͩफरउसकेबाएंओरवाला
कांटाfork लɅगे, ͩफरवहकुछसमयकेͧलएखानेजारहेहɇ, औरउसकेबादवहबाएंकांटा(left fork)
नीचेरखनेजारहेहɇ, औरͩफरदाǑहनाकांटा(right fork) नीचेरखने, औरयहअसीͧमतǾपसेएकलूप
मɅ जारȣ है।
इसͧलए, उदाहरणकेͧलएदाश[Ǔनकपी1 (P1) कुछसमयकेͧलएसोचेगा, ͩफरभूखेअनुभवकरेगा, ͩफर
वहदाǑहनाकांटाउठाएगायाǓनकांटा/फोक[ (fork) नंबर1 का, ͩफरबाएंकांटाउठाएगाजोफोक[ 2 (fork
2) है, ͩफरकुछसमयकेͧलएखाएगाऔरकाँटɉ/फोÈस[ (forks) कोनीचेरखɅगा, पहले2 औरͩफर1.
तो, यहसमèयाकेͧलएएकबहुतहȣ सरलऔरआसानसमाधानकȧ तरहलगताहै।लेͩकनजैसाͩक
हमदेखɅगेͩककुछऐसेमुɮदे/समèयाएंहɇ जोपैदाहोसकतीहɇ।समèयाएंआतीहɇ ÈयɉͩकइनमɅ से
Ĥ×येकदाश[ǓनकजोअǓनवाय[ Ǿपसेइसफ़ंÈशन(function) कोèवतंğ ǾपसेǓनçपाǑदतकरतेहɇ, या
सोचते हɇ, और भूख महसूस करते हɇ, और सभी èवतंğ Ǿप से खाते हɇ।
तोआइएहमइसͪवशेषपǐरǺæयपरͪवचारकरɅ।आइएहमकहɅ ͩकदाश[Ǔनकपी1 (P1) औरपी3 (P3)
कȧ उÍचĤाथͧमकताहैͩकजबभीकांटा(fork) केͧलएअनुरोधͩकयाजाताहैतोͧसèटमहमेशायह
सुǓनिæचतकरेगाͩकउÛहɅ कांटेǑदएजाएंगे।तो, इसतरहकेमामलेमɅ Èयाहोगा? तोहमɅ एकऐसा
मामलाͧमलेगाजहां, पी1 (P1) जबभीचाहɅ खातेहɇ, औरपी3 (P3) जबभीचाहɅ, खातेहɇ, जबͩकअÛय
दाश[Ǔनकपी2, पी4 औरपी5 (P2, P4 and P5) िजनकेपासकांटालेनेमɅ कमĤाथͧमकताहै, वेखानेमɅ
स¢मनहȣंहɉगे।उदाहरणकेͧलए, दाश[Ǔनकपी2 (P2) नतोदाǑहनाकांटायाबायांकांटाउठासकताहै,
और इसͧलए, पी2 नहȣं खा सकता है।
इसीतरह, पी4 (P4) औरपी5 (P5) मɅ उनकेबीचͧसफ[ एककांटाहोताहै, िजसेवेसंभवतःउठासकते
हɇ; Ĥ×येकमामलेमɅ अÛयकांटादाश[Ǔनकपी1 (P1) औरपी3 (P3) कोउÍचसंभावनाकेसाथǑदया
जाएगा।इसĤकारपी2, पी4 औरपी5 (P2, P4 and P5) भूखेहɉगे; औरयहहमारȣ समèयाकाआदश[
समाधान नहȣं है।
तोचͧलएएकऔरसंभाͪवतमुɮदादेखसकतेहɇ जोहोसकताहै।तोआइएकुछमौकेसेकहɅ, सभी
दाश[Ǔनकɉ नेअपनेदाǑहनेकांटाकोएकसाथउठाया।तो, हमारेपासदाश[Ǔनकपी1 (P1) अपनेदाǑहने
कांटाकोचुनरहाहै, दाश[Ǔनकपी2 (P2) दाǑहनाकांटा, पी3 (P3), पी4 (P4), पी5 (P5) ĐमशःदाǑहना
कांटा उठा रहे हɇ।
अब, Ĥ×येककोखानेकेͧलए, दाश[Ǔनकɉ कोअपनेबाएंकांटालेनाहैऔरइससेभुखमरȣ होसकतीहै।
अǓनवाय[ Ǿपसेपी1 (P1) कांटाडालनेकेͧलएपी2 (P2) कȧ Ĥती¢ाकररहाहै, ताͩकवहइसेउठासके।
ͩफरपी2 (P2) कांटाडालनेकेͧलएपी3 (P3) कȧ Ĥती¢ाकररहाहै; पी3 (P3) कांटाडालनेकेͧलएपी4
(P4) कȧ Ĥती¢ाकररहाहै; पी4 (P4) इंतजारकररहाहैपी5 (P5) केͧलए; औरपी5 (P5) Ĥती¢ाकर
रहाहैपी1 (P1) कȧ ।इसͧलए, अǓनवाय[ Ǿपसेहमदेखतेहɇ ͩकĤ×येकदाश[ǓनकएकअÛयदाश[Ǔनककȧ
Ĥती¢ाकररहाहै, इसĤकारएकĮृंखलाबनारहȣ है।औरयहइंतजारअसीͧमतǾपसेचलेगािजससे
भुखमरȣ हो जायेगी, िजसे हम अÈसर डेडलॉक (deadlock) कहते हɇ।
तो, डेडलॉक(deadlock) कोअͬधकऔपचाǐरकǾपसेपǐरभाͪषतकरनेके ͧलए; एकडेडलॉक
(deadlock) एकपǐरिèथǓतहै, जहांकाय[ĐमǒबनाͩकसीĤगǓतकेअǓनिæचतकालतकचलतेरहɅगे।
Ĥ×येककाय[Đमएकघटनाकेͧलएइंतजारकररहाहैिजसेͩकदूसराकाय[ĐमयाĤͩĐयाकरसके।तो,
आपइसमामलेमɅ देखतेहɇ, ͩक, Ĥ×येकदाश[Ǔनकएकͪवशेषघटनाकȧ Ĥती¢ाकररहेहɇ, याǓनͩक
कांटे/फोक[ (fork) कोरखनेकȧ, िजसेअÛयदाश[Ǔनकɉ कोकरनाचाǑहए।तो, एक‘वृƣीयĤती¢ा’/’सकु[ लर
वेट’ (circular wait) है, जोमौजूदहैऔरइससेवहांएकडेडलॉक(deadlock) होताहै, िजससेͩक
भुखमरȣ।
तोआइएइसͪवशेषसमèयाकोहलकरनेकेͧलएएकऔरĤयासदेखɅ।तोआइएहमकहɅ ͩकहमारे
यहांवहȣ काय[/फंÈशन(function) है।औरइसबारदाश[ǓनकदाǑहनाकांटालेताहै, तोवहǓनधा[ǐरत
करेगाͩक, बायांकांटाउपलÞधहैयानहȣं; यǑदबायांकांटाउपलÞधहैतोदाश[Ǔनकबाएंकांटालेगा, कुछ
समयकेͧलएखाएगा, ͩफरदोनɉ कांटेकोरखेगादाएंऔरसाथहȣ बाएंकांटेको, औरलूपसामाÛयǾप
से जारȣ रहता है।
हालांͩक, अगरबायांकांटाउपलÞधनहȣंहै, तोहम‘एãस’ (else) भागमɅ जातेहɇ औरदाश[ǓनकदाǑहना
कांटावापसरखेगा।अǓनवाय[ Ǿपसे, यहांपरजोकांटाउठायागयाथा, दाǑहनाकांटावापसटेबलपर
रखाजाएगा, अगरदाश[ǓनककोपताचलताहैͩकबाएंकांटाउपलÞधनहȣंहै।तोयहशायदएकअÛय
दाश[Ǔनककोखानेकȧ अनुमǓतदेगा।औरऐसाकरनेकेबाददाश[ǓनककेͩफरसेĤयासकरनेसेपहले
कुछ Ǔनिæचत अंतराल टȣ (T) के ͧलए ͪवĮाम/èलȣप (sleep) होगा।
तोदेखतेहɇ ͩकइसͪवशेषमामलेकेसाथÈयासमèयाहै? तोआइएहमएकͪवशेषपǐरǺæयपरͪवचार
करɅ जहांसभीदाश[Ǔनकएकहȣ समयमɅ शुǾ होतेहɇ, वेएकसाथचलतेहɇ औरएकहȣ समयकेͧलए
सोचतेहɇ।इसͧलए, इससेऐसीपǐरिèथǓतहोसकतीहैजहांदाश[Ǔनकएकसाथअपनेकांटेकोउठातेहɇ,
उÛहɅ पताचलताहैͩकउनकेबाएंकांटेउपलÞधनहȣंहɇ, इसͧलएउÛहɉनेएकसाथअपनेकांटेडाले, ͩफर
वेकुछसमयͪवĮामलेतेहɇ औरͩफरवेĤͩĐयाकोदोहरातेहɇ ।तो, आपदेखतेहɇ ͩकपांचदाश[Ǔनकͩफर
सेभूखेहɇ।वेलगातारअपनेदाǑहनेकांटाउठाकरउसेवापसटेबलपररखɅगे।इसͧलए, यहसमाधान
हमारे उɮदेæय को हल करने वाला भी नहȣं है, Èयɉͩक हमारे पास दाश[Ǔनक ͩफर से भूखे हɇ।
इसमामलेकाथोड़ाबेहतरसमाधानयहहैͩकएकǓनिæचतसमयकेͧलएसोने/èलȣप(sleep) कȧ
जगह, दाश[ǓनकदाǑहनाकांटाडालेगाऔरकुछयाǺिÍछक/अǓनयͧमत/रɇडम(random) समयकेͧलए
सोजायेगा।हालांͩकयहगारंटȣ नहȣंदेताहैͩकभुखमरȣ नहȣंहोगी, इससेभुखमरȣ कȧ संभावनाकमहो
जाती है। अब इस तरह का एक समाधान ईथरनेट (Ethernet) जैसे Ĥोटोकॉल मɅ लागू ͩकया गया है।
तोआइएइसͪवशेषसमèयाकोहलकरनेकेͧलएतीसरेĤयासकोदेखɅ।तो, यहͪवशेषसमाधानएक
àयूटेÈस(mutex) काउपयोगकरताहै।अǓनवाय[ Ǿपसेदाएंयाबाएंकांटेलेनेसेपहले, दाश[Ǔनकको
àयूटेÈस(mutex) कोलॉक(lock) करनेकȧ आवæयकताहोतीहै।औरàयूटेÈस(mutex) केवलखानेके
बादअनलॉक(unlock) होताहैऔरफोÈस[ कोटेबलपरवापसरखाजाताहै।इसͧलए, कांटेकोचुननेसे
पहलेयहांलॉकàयूटेÈस(lock mutex) हैऔरफोक[ कोटेबलपरडालनेकेबादअनलॉकàयूटेÈस
(unlock mutex) है।इसͧलए, यहसमाधानअǓनवाय[ ǾपसेसुǓनिæचतकरताहैͩकभुखमरȣ नहȣंहोगी,
यह डेडलॉÈस(deadlocks) को रोकता है।
हालांͩक, यहांसमèयायहहैͩकÈयɉͩकहमएकàयूटेÈसकाउपयोगकररहेहɇ, इसͧलएअͬधकतम
एकदाश[Ǔनकइसमह×वपूण[ खंड/ͩĐǑटकलसेÈशन(critical section) मɅ Ĥवेशकरसकतेहɇ।दूसरे
शÞदɉ मɅ, अͬधकतमएकदाश[Ǔनकͩकसीͪवशेष¢णमɅ खासकतेथे।इसͧलए, यहसमाधानकामकरता
है, यह सबसे कुशल समाधान नहȣं है। तो, हम ऐसा कुछ चाहते हɇ जो इससे बेहतर होगा।
तोआइएहमअपनेचौथेĤयासकोदेखɅ, औरयहसेमाफोस[ (Semaphores) काउपयोगकररहाहै।तो
आइएहमकहɅ ͩकहमारेपास‘एन’ (‘N’) सेमाफोस[ (semaphores) हɇ; तोसेमाफोस[ (semaphores)
एस[1] सेएस[एन] (s[1] to s[n]) औरहमारेपासĤǓतदाश[Ǔनकएकसेफफोरहै।तोइनसभीसेमफोरɉ
को0 सेशुǾ ͩकयागयाहै; इसकेअलावादाश[Ǔनक3 अवèथाओंमɅ सेएकमɅ होसकताहै– भूखा
(hungry), भोजन(eating) यासोचना(thinking)।तो, एकǓनधा[ǐरतसमयकेͧलए, Ĥ×येकदाश[Ǔनक
इनअवèथाओंमɅ सेएकमɅ चलेगा।उदाहरणकेͧलएजबदाश[Ǔनकसोचरहाहै, अवèथासोचना
(thinking) होगा; तबदाश[Ǔनकभूखाहोजाताहै, इसͧलएयहभूखा(hungry) अवèथामɅ जाताहै, ͩफर
खानेकेͧलएजाताहै, औरͩफरसोचनेकेͧलएवापसजाताहै, औरयहĤͩĐयाअनंतकालतकǓनरंतर
होती रहती है।
इसͧलए, सामाÛयसमाधानजोहमयहांदेखɅगेवहयहहैͩकयǑदकोईपड़ोसीखानानहȣंखारहाहैतो
केवलदाश[Ǔनकभोजनकȧ अवèथामɅ जासकताहै।याǓनͩकएकदाश[Ǔनककेवलतभीखासकताहै
जबͩकउसकेबाएंपड़ोसीकेसाथ-साथउसकादाǑहनापड़ोसीभोजननहȣंलेरहाहो।इसͧलए, इसͪवशेष
समाधानकोलागूकरनेकेͧलए, हमारेपासचारकाय[/फंÈशन(function) हɇ।तो, पहलादाश[Ǔनकहै, जो
अनंतलूपहैऔरदाश[Ǔनक'i' सेमेलखाताहै।तोदाश[Ǔनकसोचेगा, ͩफरयहकांटेकोलेगा, ͩफरकुछ
समय के ͧलए खायेगा और कांटे को नीचे रखेगा और यह Ǔनरंतर/लगातार दोहराएगा।
अब, टेकफोक[ (take forks) फ़ंÈशन(function) मɅ, पहलेहमसेटकरतेहɇ ͩकदाश[Ǔनकभूख(hungry)
अवèथामɅ है।दाश[Ǔनककȧ अवèथाभूख(hungry) सेटहोगी, ͩफरपरȣ¢ण/टेèट(‘test’) नामकफ़ंÈशन
(function) कोबुलायाजाताहै।तो, टेèट(‘test’) ÈयाकरेगाͩकयहजांचनेजारहाहैͩकयǑददाश[Ǔनक
कȧ िèथǓतभूखी(hungry) हैऔरसाथहȣ बाɃ ओरदाश[Ǔनककȧ िèथǓतकेसाथ-साथदाएंओरभी
भोजनकȧ अवèथामɅ नहȣंहै।यǑदयहवाèतवमɅ सच(true) हैतोदाश[Ǔनकखासकताहै।औरअंतमɅ,
भोजन के बाद, कांटे को रख Ǒदया जाता है और दाश[Ǔनक सोचने (thinking) कȧ अवèथा के ͧलए जाता है।
तोआइएहमइसͪवशेषकायɟ/फंÈशनस(functions) कोͪवèतारसेऔरअͬधकदेखɅ।आइएहमकहते
हɇ ͩकयेपांचदाश[Ǔनकपी1, पी2, पी3, पी4, औरपी5 (P1, P2, P3, P4, and P5) हɇ।औरआइएहम
कहɅ ͩकशुǽआतमɅ वेसभीͪवचार/ͬथंͩकंग(thinking) अवèथामɅ हɇ, इसͧलएयह‘टȣ’ (‘T’) ɮवारादशा[या
गयाहै।औरजैसाͩकहमजानतेहɇ ͩकसेफफोस[ (semaphores) केͧलएउनसभीकाĤारंͧभकमान0
है।तोआइएहमकहɅ ͩकसभीदाश[Ǔनकͪवचार/ͬथंͩकंग(thinking) अवèथामɅ हɇ।औरͩफरदाश[Ǔनक3
ͪवचार/ͬथंͩकंग(thinking) अवèथासेचलाजाताहैऔरयहकांटा(fork) लेनेजाताहै; औरनतीजतन
दाश[Ǔनक3 केͧलएटेकफोक[ (take fork) फ़ंÈशन(function) लगायाजाताहै, औरदाश[Ǔनककȧ
िèथǓत तब भूख (hungry) से ͪवचार/ͬथंͩकंग (thinking) मɅ बदल जाती है।
ͩफरफ़ंÈशनटेèट(test) लागूͩकयाजाताहै, औरयहिèथǓतजांचकȧ जातीहै; अǓनवाय[ Ǿपसे
दाश[Ǔनक3 कȧ अवèथाभूखी(hungry) है।तोयहिèथǓतसचहैतोबाएंदाश[Ǔनककȧ अवèथा
ǒबना-भोजन/नॉटईǑटंग(not eating) कȧ है, Èयɉͩकपी2 (P2) ͪवचार/ͬथंͩकंग(thinking) अवèथामɅ हɇ
औरदाǑहनादाश[Ǔनकभीǒबनाभोजन/नॉटईǑटंग(eating) कȧ है, Èयɉͩकपी4 भीसोचराÏयमɅ है।
इसͧलए, नतीजतन, यहिèथǓतसचहोजातीहैऔरदाश[Ǔनक3 केͧलएअवèथाभोजन/ईǑटंग(eating)
सेटहोजातीहै, तोसंबंͬधतसेमफोर(semaphore) 0 से1 तकबढ़ायाजाताहै।इसͧलएपरȣ¢ण/टेèट
(test) फ़ंÈशन(function) लौटाताहैऔरवहàयूटेÈस(mutex) हैजोअनलॉक(unlock) होजाताहै,
और ͩफर वहां डाउन (down) होता है ।
इसͧलए, नीचे/डाउन(down) जैसाͩकहमजानतेहɇ ‘s[i]’ केमानकȧ जांचकरेगा, औरयǑदयहमान0
सेकमयाउसकेबराबरहैतोयहÞलॉकहोनेयाअसीͧमतलूपमɅ जारहाहै।औरयǑदमान0 सेअͬधक
है, जोिèथǓतयहांपरहै, तोयहकेवलs[i] केमानकोकमकरताहै, इसͧलएइसĤकार‘s[i]’ कामान1
था, इसͧलएडाउन(‘down’) अवǽɮध/Þलाक(block) नहȣंहोगा, बिãकइसकेबजायबस‘s[i]’ को
घटाकर0 परलेजारहाहै।इसͧलए, ‘s[i]’ यासंबंͬधतसेमाफोर्(semaphore) कामान0 है।औरͩफर
दाश[Ǔनक 3 खाने/भोजन (eating) कȧ िèथǓत मɅ जा सकता है और अपना भोजन खा सकता है।
अब, हमएकऔरपǐरिèथǓतदेखɅ, जहांदाश[Ǔनक4 ͪवचारअवèथासे‘फोÈस[ लेने’/टेकफोÈस[ (take
forks) कȧ अवèथामɅ जाताहै।अबयहांदाश[Ǔनक4 केͧलएटेकफोÈस[ (take forks) लगायाजाएगा,
औरलॉकàयूटेÈस(lock mutex) है, दाश[Ǔनक4 केͧलएअवèथाभूख/हंगरȣ (hungry) हैऔरवहांटेèट
आई(test i) हैिजसेबुलायाजाताहै।तो, टेèटआई(test i) मɅ, हमदेखतेहɇ ͩकपहलȣ शत[ दाश[Ǔनक4
केͧलएͧमलतीहै, Èयɉͩकपी4 (P4) वाèतवमɅ भूखीअवèथामɅ है; हालांͩक, जोअवèथाछूटȣ हैवह
भोजन/ईǑटंग(eating) अवèथाहै।इसͧलए, अगरयहपूरȣ इफ(if) शत[ गलत/फाãस(false) होनेका
मूãयांकनकरतीहै, औरइसͧलए, Ǔनçपादन/एÈसेकुशन(execution) इसइफ(if) लूपमɅ नहȣंजाताहै,
बिãकयहइसकेइफ(if) Ǒहèसेकोछोड़देताहै।अबहमअनलॉक(unlock) औरडाउन(down)पर
वापस जाते हɇ।
तोअबहमजोदेखतेहɇ वहयहहैͩकपी4 (P4) केअनुǾपसेमफोरकामान0 है।इसͧलए, जबहम
जानतेहɇ ͩकजबडाउन(down) लगायाजाताहै, तोइससेĤͩĐयाकोअवǽɮधकरǑदयाजाएगा।
इसͧलए, इसĤकारदाश[Ǔनकपी4 (P4) अवǽɮधहोजाएगा, इसͧलएयहपी4 (P4) तबतकअवǽɮध
रहेगाजबतकपी3 (P3) खारहा/ईǑटंग(eating) है।ͩफरथोड़ीदेरबादपी3 (P3) फोÈस[ (forks) को
नीचेलेजानेकाफैसलाकरताहै, औरइसेसोचने/ͬथंͩकंग(thinking) कȧ िèथǓतमɅ वापससेटकरताहै।
ͩफरयहबाएंदाश[Ǔनककेसाथपरȣ¢ण/टेèट(test) काआéवानकरेगायहपी2 (P2) केसंबंधमɅ है, जो
हमारेमामलेमɅ यहवाèतवमɅ ǑदलचèपनहȣंहैइसͧलएहमइसेनहȣंदेखɅगे।लेͩकनǑदलचèपÈयाहै
टेèटदाएं/राईट(test right) औरटेèटदाएं/राईट(test right) यहांपी4 (P4) केअनुǾपहै, इसͧलएयह
यहां लगाया जाएगा।
औरहमजोदेखतेहɇ वहपी4 (P4) कȧ िèथǓतहै, इसͧलएयादरखɅ ͩकदायɅ/राईट(right) परȣ¢ण(test)
है, इसͧलएइसेआई(‘i’) के4 मानकेसाथबुलायागयाहै।इसĤकारहमदेखतेहɇ ͩकआई(‘i’) कȧ
िèथǓतभूखलगीहैÈयɉͩकपी4 (P4) भूखाहै।बाएंऔरदाएंनहȣंखारहेहɇ, इसͧलए, यहिèथǓतस×य/ǫ
(true) परसेटकȧ जाएगीऔरǓनçपादनइस‘इफ’ (‘if’) मɅ आताहै।नतीजतन, दाश[Ǔनक4 केͧलए
अवèथाकामानभोजन/ईǑटंग(eating) केͧलएसेटͩकयाजाएगाऔरसेमफोरमानपी4 (P4) केͧलए
1 पर सेट ͩकया जाएगा।
अबसेमाफोर्(semaphore) केͧलए1 कामानसेटकरनेसेवेकअप(wakeup) होजाएगा।तोपी4
(P4) जोसेमाफोर्(semaphore) परअवǽɮध/ÞलॉÈड(blocked) था, जागजाएगा।औरइसके
पǐरणामèवǾपसेमफोरकामूãय0 तकघटगयाहै।इसĤकारपी4 दाश[Ǔनकजागजाएगाऔरखाना
शुǾ कर देगा।
इसĤकार, हमदेखतेहɇ ͩकसेमफोरɉ/सेमाफोस[ (semaphores) नेकुशलतापूव[कयहसुǓनिæचतͩकया
ͩकͪवͧभÛनदाश[Ǔनकपांचकांटे/फोक[ स(forks) साझाकरसकतेहɇ, जोउनमɅ साझेमɅ हɇ।औरयह
सुǓनिæचतकरेगाͩकĤ×येकदाश[Ǔनकअंततःखाएगा।इसͧलए, दाश[Ǔनकɉ केभोजनकȧ समèयाकेͧलए
अÛयͧभÛनताएंऔरसमाधानहɇ जोपढ़नेकेͧलएबहुतǑदलचèपहɇ, लेͩकनहमइसͪवशेषपाɫयĐम
के ͧलए उसमɅ नहȣं जाएंगे।
धÛयवाद।
Mutex: àयूटेÈस​एक​बाइनरȣ ​वेǐरएबल​होता​है​िजसका​उɮदेæयlocking mechanism ​Ĥदान​करना
होता ​है
Deadlock: it is a situation which is locked
Semaphore: it is a variable used to solve critical section problems"
32,0,,"ऑपरेǑटंग ͧसèटम (Operating System) का पǐरचय
Ĥोफेसर चेèटर रेबेरो
संगणक ͪव£ान और अͧभयांǒğकȧ ͪवभाग
भारतीय Ĥौɮयोͬगकȧ संèथान, मġास
सÜताह - 07
åयाÉयान – 32
गǓतरोध/डेडलॉÈस (Deadlocks)
नमèकार।ͪपछलेवीͫडयोमɅ, हमने‘दाश[Ǔनकɉ केभोजनकȧ समèया’/डाइǓनंगͩफलोèफस[ ĤॉÞलम
(dining philosophers’ problem) देखीथी।औरहमनेशुǽआतीबेवकूफȧ भरेसमाधानɉ केͧलएदेखा
थाजोहमारेपाससमèयाकेͧलएथा, िजसकापǐरणामडेडलॉÈस(deadlocks) केǾपमɅ जानाजाता
था।तो, इसवीͫडयोमɅ, हमडेडलॉÈसकेबारेमɅ अͬधकजानकारȣ दɅगे, औरͧसèटममɅ उÛहɅ कैसेĤबंͬधत
ͩकया जाएगा।
तोआइएहमकहɅ ͩकहमारेपासदोĤͩĐयाएंए(A) औरबी(B) हɇ, औरहमारेपासदोसंसाधन/ǐरसोसȶज
(resources) आर1 (R1) औरआर2 (R2) हɇ।इसͧलए, येसंसाधनͧसèटममɅ कुछभीहोसकतेहɇ, जो
ͩकसीͧमतमाğामɅ हो।उदाहरणकेͧलए, संसाधनͫडèकमɅ संĒहȣतफ़ाइलकेǾपमɅ छोटाहोसकताहै
यायहएकͪĤंटर(printer) होसकताहैिजसकाउपयोगͪĤंटयाÜलॉटरकेͧलएͩकयाजाताहै, एक
èकैनरआǑद।इसͧलए, अǓनवाय[ Ǿपसेआर1 (R1) सेए(A) कोतीरसेसंकेतͧमलताहैͩकए(A)
वत[मानमɅ संसाधनधारणकररहाहै।उदाहरणकेͧलए, यǑदआर1 (R1) फ़ाइलहै; इसकामतलबहैͩक
ए(A) नेवत[मानमɅ फाइलकोͪवशेषǾपसेखोलǑदयाहैऔरफाइलपरकुछऑपरेशनकररहाहै।इसी
तरह, संसाधनआर2 (R2) बी(B) ɮवाराधारणͩकयाजाताहै।इसͧलएयǑदयहएकͪĤंटरहै, उदाहरण
केͧलए, यǑदआर2 (R2) ͪĤंटरहै, तोइसकामतलबहैͩकबी(B) वत[मानमɅ कुछͪवशेषदèतावेज़
मुǑġत करने के ͧलए ͪĤंटर का उपयोग कर रहा है।
अब, इसͪवशेषपǐरǺæयपरͪवचारकरɅ जहांĤͩĐयाए(A) संसाधनR 1 रखतीहै, औरĤͩĐयाबी(B)
संसाधनR2 रखतीहै; लेͩकनसाथहȣ, ĤͩĐयाए(A) आर2 (R2) काउपयोगकरनेकाअनुरोधकररहा
है।इसͧलए, अǓनवाय[ ǾपसेĤͩĐयाए(A) आर2 (R2) ĤाÜतकरनेकȧ Ĥती¢ाकररहाहै; औरĤͩĐया
बी(B) संसाधनआर1 (R1) ĤाÜतकरनेकेͧलएइंतजारकररहाहै।तो, एकउदाहरणलेनेकेͧलए,
ĤͩĐयाए(A) कोफ़ाइलखोलदȣ गईहैऔरͫडèकमɅ संĒहȣतएकͪवशेषफ़ाइलकाउपयोगकररहाहै।
औरसाथहȣ, उदाहरणकेͧलए, यहफ़ाइलकोसंसाधनआर2 (R2) परͪĤंटकरनाचाहताहैिजसेहमने
मानाथाͩकͪĤंटरथा।अबइसीतरह, ĤͩĐयाबी(B) वत[मानमɅ इससंसाधनकोधारणकररहȣ हैजो
इसͪवशेषसंसाधनकाउपयोगकररहȣ हैऔरयहइसͪवशेषसंसाधनआरकोखोलनाऔरउपयोग
करनाचाहताहै।इसͧलए, हमयहांÈयादेखतेहɇ, हमारेपासगǓतरोध/डेडलॉक(deadlock) नामकएक
पǐरǺæयहै।अǓनवाय[ Ǿपसे, एकगǓतरोध/डेडलॉक(deadlock) Ĥणालȣ मɅ एकअवèथाहैजहां
गǓतरोध/डेडलॉक(deadlock) मɅ Ĥ×येकĤͩĐयाएकघटनाकȧ Ĥती¢ाकररहȣ हैͩकउससेटमɅ एक
अÛयĤͩĐयाकाकारणबनसकताहै।उदाहरणकेͧलए, यहांपर, ĤͩĐयाए(A)संसाधनबी(B) 2 कȧ
Ĥती¢ाकररहाहैजोबी(B) ɮवाराआयोिजतͩकयाजाताहै; बी(B) बदलेमɅ आर1 कȧ Ĥती¢ाकररहा
हैजोए(A)ɮवाराआयोिजतͩकयाजाताहै।हमारेपासदोĤͩĐयाओंए(A) औरबी(B) काएकसेटहै;
औरसेटमɅ Ĥ×येकĤͩĐयादूसरȣ ĤͩĐयाकोकुछकरनेकȧ Ĥती¢ाकररहȣ हैऔरसेटमɅ Ĥ×येकĤͩĐया
दूसरȣ ĤͩĐयाकेͧलएएकͪवशेषचीज़करनेकȧ Ĥती¢ाकररहȣ है।उदाहरणकेͧलए, ए(A) इसͪवशेष
संसाधनआर2 (R2) कोǐरलȣजकरनेकेͧलएबी(B) कȧ Ĥती¢ाकररहाहै, जबͩकबी(B) संसाधनए
(A) कोजारȣ करनेकेͧलएए(A)कȧ भीĤती¢ाकररहाहै।इसͧलए, इसतरहकȧ गǓतरोध/डेडलॉक
(deadlock) एकबहुतहȣ मह×वपूण[ िèथǓतहैजोͧसèटममɅ होतीहै।औरजबयहडेडलॉÈसहोताहै, तो
यहइसमामलेमɅ ए(A)औरबी(B) कोसंसाͬधतकरसकताहै, ǒबनाͩकसीउपयोगीकामकेǓनरंतर
इंतजारकररहाहै।तो, इसतरहकेdeadlocks पूरȣ तरहसेͪवæलेषणͩकयाजानाचाǑहए।तो, इस
ͪवशेषवीͫडयोमɅ, हमदेखɅगेͩकͧसèटममɅ ऐसेडेडलॉÈसकैसेĤबंͬधतͩकएजातेहɇ।अब, डेडलॉÈसका
अÚययनकरनेकेͧलए, हमइसतरहकेĒाफकाउपयोगकरतेहɇ, इÛहɅ संसाधनआवंटनĒाफकेǾपमɅ
जाना जाता है।
अबसंसाधनआवंटनĒाफयाǓनदȶͧशतआलेखͧसèटममɅ ͪवͧभÛनसंसाधनआवंटनमॉडलकरनेके
ͧलएउपयोगͩकएजातेहɇ।औरयहǓनधा[ǐरतकरकेͩककोईगǓतरोध/डेडलॉक(deadlock) हुआहैया
गǓतरोध/डेडलॉक(deadlock) संभवतःहोनेवालाहैऔरइसीतरह।तो, इसǓनदȶͧशतĒाफमɅ, हमएक
वग[ ɮवारासंसाधनɉ काĤǓतǓनͬध×वकरतेहɇ।तो, उदाहरणआर1 (R1) औरआर2 (R2) संसाधनहɇ
औरवेǑदखाएगएवग[ ɮवाराĤǓतǓनͬध×वकरतेहɇ।इसीतरह, यहांǑदखाएगएवृƣ ĤͩĐयाओंका
ĤǓतǓनͬध×व करने के ͧलए उपयोग ͩकए जाते हɇ।
औरजैसाͩकहमनेपहलेदेखाहै, ĤͩĐयासेसंसाधनकोतीरसेसंकेतͧमलेगाͩकउससंसाधनकेͧलए
अनुरोधͩकयागयाहै।उदाहरणकेͧलए, यहांपरए(A) सेआर1 (R1) केतीरसेसंकेतͧमलताहैͩकए
(A) संसाधनसंसाधन1 केͧलएअनुरोधकररहाहै; इसीतरहबी(B), इसमामलेमɅ संसाधनआर2
(R2) केͧलएअनुरोधकररहाहै।इसͧलए, येअनुरोधऑपरेǑटंगͧसèटमकेͧलएͩकएजातेहɇ औरयǑद
संभव हो तो ऑपरेǑटंग ͧसèटम उस संसाधन को इसी ĤͩĐया मɅ आवंǑटत करेगा।
तो, जबऐसाहोताहैतोĒाफइसतरहǑदखेगा, अǓनवाय[ Ǿपसेतीरकȧ Ǒदशाबदलगईहै।अबतीरआर
1 (R1) सेए(A) तकचलताहै, यहदशा[ताहैͩकए(A) संसाधनसंसाधन1 रखताहै।इसीĤकार, आर2
(R2) सेबी(B) केतीरसेसंकेतͧमलताहैͩकबी(B) संसाधनसंसाधन2 रखताहै।चारिèथǓतयांहɇ
ताͩकएकगǓतरोध/डेडलॉक(deadlock) हो।तो, अबहमइनशतɟ मɅ सेĤ×येककोगǓतरोध/डेडलॉक
(deadlock) के ͧलए देखɅगे।
तो, पहलाàयूचुअलबǑहçकरण(Mutual Exclusion) है।तो, इसकामतलबयहहैͩकͧसèटममɅ
Ĥ×येकसंसाधनयातोउपलÞधहैयावत[मानमɅ एकĤͩĐयाकोसɋपागयाहै।तो, उदाहरणकेͧलएयहां
संसाधनसंसाधन1 हैजोमुÈतहै।इसͧलए, यहͩकसीभीͪवशेषĤͩĐयाकोसɋपानहȣंगयाहै, इसͧलए
यहठȤकहै।हालांͩकयहभीठȤकहैजहांसंसाधनकोएकĤͩĐयाकेͧलएआवंǑटतͩकयाजाताहै,
लेͩकनइसकेͧलएͩकडेडलॉÈसहोͩकइसĤकारकापǐरǺæयमौजूदनहȣंहोनाचाǑहए, याǓनयह
संसाधन दो ĤͩĐयाओं ए (A) और बी (B) के बीच साझा नहȣं ͩकया जा सकता है
डेडलॉककेͧलएअगलȣ िèथǓतहैपकड़ो(Hold) औरǽको(Wait) याǓनͩकसंसाधनधारणकरनेवालȣ
ĤͩĐयाएकअÛयसंसाधनकाअनुरोधकरसकतीहैजोͩकउदाहरणकेͧलएहै, इसमामलेमɅ संसाधन
आर1 (R1) ĤͩĐयाएए(A) ɮवारापकड़ी/रोकȧ जातीहैऔरआर1 (R1) रखनेपर, ए(A) भीअनुरोध
कररहाहैएकऔरसंसाधनआर2 (R2) केͧलए, इसͧलएयहअǓनवाय[ Ǿपसेआर1 (R1) धारणकर
रहा है और आर2 (R2) कȧ Ĥती¢ा कर रहा है।
गǓतरोध/डेडलॉक(deadlock) होनेकȧ तीसरȣ िèथǓत‘कोईछूटनहȣं’/’ǒबनाहͬथयाए’/’नोĤीàÜशन’ (‘No
preemption’) है।अǓनवाय[ Ǿपसे, यहऐसामामलानहȣंहोनाचाǑहएͩकसंसाधनिजनकोऑपरेǑटंग
ͧसèटमएकͪवशेषĤͩĐयाकेͧलएपहलेआवंǑटतकरकरचूकाहैजबरनउसĤͩĐयासेदूरलेजाये।
याǓनͩकओएस(OS) याͧसèटममɅ कोईऔरइकाईजबरनसंसाधनकोहटानहȣंसकतीहैिजसेͩकसी
ͪवशेषĤͩĐयामɅ आवंǑटतͩकयागयाहै।इसकेबजायĤͩĐयाओंकोèवयंसंसाधनकोèपçटǾपसे
जारȣ/छोड़ना चाǑहए, याǓन ͩक जब भी ĤͩĐया चाहे वह èवयं संसाधन को छोड़ दे।
तो, चौथाआवæयकता‘गोलाकारĤती¢ा’/सकु[ लरवेट(Circular wait) है।इसकाअथ[ यहहैͩकदोयादो
सेअͬधकĤͩĐयाओंकȧ एकगोलाकारĮृंखलाहै, िजनमɅ सेĤ×येक, Įृंखलाकेअगलेसदèयɮवारा
आयोिजतसंसाधनकȧ Ĥती¢ाकररहȣ है।इसͧलए, हमयहांदेखतेहɇ ͩकहमारेपासएकगोलाकार
ĮृंखलाहैऔरयहांएकĤती¢ाहैÈयɉͩकĤͩĐयाए(A) आर2 (R2) कोǐरलȣजकरनेकेͧलएĤͩĐयाबी
(B) कȧ Ĥती¢ाकररहाहै; औरĤͩĐयाबी(B) बदलेमɅ ĤͩĐयाए(A) केͧलएइंतजारकररहाहै
संसाधनआर1 (R1) कोजारȣ करनेकेͧलए।इसͧलए, हमारेयहांएक‘गोलाकारĤती¢ा’/सकु[ लरवेट
(Circular wait) िèथǓत है।
तो, इन4 िèथǓतयɉ: ‘पारèपǐरकबǑहçकार’/’àयूÍयूअलएÈसÈलूशन’ (mutual exclusion), ‘पकड़ोऔर
Ĥती¢ाकरो’ (‘hold and wait’), ’नोĤीàÜशन’ (‘No preemption’) और‘गोलाकारĤती¢ा’/’सकु[ लर
वेट’ (Circular wait) ͧसèटममɅ मौजूदनहȣंहोनाचाǑहएताͩकएकगǓतरोध/डेडलॉक(deadlock) हो
सके।इसͧलए, उदाहरणकेͧलए, हमएकऐसीĤणालȣ/ͧसèटम(system) बनानेमɅ स¢मथेजहांइन
िèथǓतयɉ मɅ सेएकमौजूदनहȣंथा।उदाहरणकेͧलए, मानलȣिजएͩकहमएकĤणालȣ बनातेहɇ जहां
ĤͩĐयाएंͩकसीͪवशेषसंसाधनकोनहȣंरखसकतीहɇ औरएकहȣ समयमɅ ͩकसीअÛयसंसाधनकȧ
Ĥती¢ा कर सकती हɇ। तो, इस तरह के ͧसèटम मɅ कभी भी कोई डेडलॉÈस नहȣं होगा।
दूसरȣ तरफ, मानलȣिजएͩकएकĤणालȣ ͪवकͧसतकȧ गईहै, जहांयेसभीचीजɅ संभवहɇ ͩकसंसाधनɉ
काउपयोगकरतेसमयआपसीबǑहçकारहो, एकĤͩĐयासंसाधनधारणकरसकतीहैऔरͩकसीअÛय
केͧलएĤती¢ाकरसकतीहै, एकबारआवंǑटतͩकएजानेपरउÛहɅ संसाधनसेǺढ़तापूव[कमुÈतनहȣं
ͩकयाजासकताऔर’सकु[ लरवेट’ (Circular wait) तंğ कȧ अनुमǓतहैतोडेडलॉÈससंभाͪवतǾपसेहो
सकतेहɇ।इसͧलए, इनसभीिèथǓतयɉ काहोनायहनहȣंदशा[ताहैͩकएकगǓतरोध/डेडलॉक(deadlock)
हुआ है। यह केवल ता×पय[ है ͩक भͪवçय मɅ होने वालȣ गǓतरोध/डेडलॉक (deadlock) कȧ संभावना है।
तो, यहकहाजारहाहै""एकĤणालȣ मɅ एकगǓतरोध/डेडलॉक(deadlock) एकसफलघटनाहै""।
अǓनवाय[ Ǿपसे, यहकईकारकɉ परǓनभ[रकरताहैजैसेĤͩĐयाओंɮवारासंसाधनɉ काअनुरोधका
तरȣका, इनसंसाधनɉ केͧलएआवंटनकेतरȣकेकेतरȣके, ऑपरेǑटंगͧसèटमɮवाराअनावंǑटतकरनेके
तरȣकेऔरइसीतरह।इसͧलए, केवलतभीजबइनअनुरोधɉ काͪवͧशçटĐमहोगा, तबकेवलएक
डेडलॉकहोगा।इसͧलए, अनुरोधऔरआवंटनमɅ एकछोटȣ ͧभÛनतासेगǓतरोध/डेडलॉक(deadlock)
नहȣं हो सकता है।
तोआइएहमइसकेकुछउदाहरणदेखɅ।तोआइएहमकहɅ ͩकहमारेपासͧसèटमए(A), बी(B) औरसी
(C) मɅ तीनĤͩĐयाएंहɇ, औरतीनसंसाधनभीहɇ, साथहȣ आर(R), एस(S) औरटȣ (T)।इसͧलए,
Ĥ×येकĤͩĐयाअपनेǓनçपादनकेदौरानकभी-कभीसंसाधनɉ काअनुरोधऔरǐरलȣजकरसकतीहै।तो
जाǑहरहै, अनुरोधकेबादहȣ एकĤͩĐयाɮवाराǐरलȣजͩकयाजासकताहै।इसͧलए, संसाधनɉ केइन
अनुरोधɉ औरǐरहाईकोͪवͧभÛनसमयकेदौरानऑपरेǑटंगͧसèटमकोǑदयाजाताहै, इसपरǓनभ[र
करताहैͩकए(A), बी(B) औरसी(C) कैसेǓनधा[ǐरतͩकएजातेहɇ औरउÛहɅ कैसेǓनçपाǑदतͩकया
जाता है।
तोआइएहमइसͪवशेषअनुĐमपरͪवचारकरɅ ͩकएक(A) अनुरोधआर(R), औरͩफरबी(B) अनुरोध
एस(S), सी(C) अनुरोधटȣ (T)।ͩफरएक(A) अनुरोधएस(S), बी(B) अनुरोधटȣ (T), औरसी(C)
अनुरोधआर(R)।तो, अनुरोधकेͧलएयहएकसंभाͪवतĐमहै।इसͧलए, हमइसेदेखनेकेͧलएहमारे
संसाधनĒाफयासंसाधनआवंटनĒाफकाउपयोगकरसकतेहɇ।इसͧलए, हमदेखतेहɇ ͩक‘ए(A)
अनुरोधआर(R)’ औरऑपरेǑटंगͧसèटमतबसंसाधनआर(R) कोआवंǑटतकरेगा, ͩफर‘बी(B)
अनुरोधएस(S)’ केअनुǾप, एस(S) काआवंटनहोगाबी(B) को।ͩफर‘सी(C) अनुरोधटȣ (T)’ और
ओएस (OS) टȣ (T) को आवंǑटत करेगा सी (C) को।
ͩफरए(A) अनुरोधएस(S), तोइसतरहएकलाइनहै।बी(B) अनुरोधटȣ (T) , यहांएकलाइनहैऔर
सी(C) अनुरोधआर(R) है।इसͧलए, हमारेपासͪपछलȣ èलाइडमɅ देखीगईचारिèथǓतयांहɇ, सभीको
पूराͩकयागयाहै।उदाहरणकेͧलए, आपदेखɅ ͩकसकु[ लरवेट(circular wait) यहांपरĤाÜतͩकयागया
है।आर(R) ए(A) ɮवारारखाजाताहै, जबͩकए(A) अनुरोधएस(S); एस(S) बी(B) ɮवारारखाजाता
हैऔरसाथहȣ बी(B) अनुरोधटȣ(T)।अबटȣ(T) सी(C) ɮवाराͩकयाजाताहै, जबͩकसाथहȣ सी(C)
आर(R) केͧलएअनुरोधकररहाहै।इसͧलए, आपदेखतेहɇ ͩकĤ×येकĤͩĐयाएकͪवशेषसंसाधनको
जारȣ करनेके ͧलएइससेटमɅ एकअÛयĤͩĐयाकȧ Ĥती¢ाकररहȣ है।तो, हमारेयहांएक
गǓतरोध/डेडलॉक (deadlock) का पǐरǺæय है।
अब, हमदेखɅगेͩकयǑदवहȣ अनुरोधऔरआवंटनथोड़ाअलगतरȣके सेͩकयेजातेहɇ तो
गǓतरोध/डेडलॉक(deadlock) नहȣंहोगा।उदाहरणकेͧलए, आर(R) ए(A) कोआवंǑटतͩकयाजाताहै,
औरͩफरटȣ(T) आवंǑटतͩकयाजाताहैसी(C) को; ͩफरए(A) अनुरोधकरताहैएस(S) कोऔरए(A) को
आवंǑटतͩकयाजाताहै।ͩफरसी(C) अनुरोधआर(R), तोहमारेपासयहहै।अब, ए(A) ǐरलȣज़आर
(R), इसͧलएयहांपरकोईऔररेखानहȣंहैयायहांपरͩकनारेहɇ, ͩफरएक(A) ǐरलȣज़एस(S) है, और
इसͧलए आर (R) को सी (T) आवंǑटत ͩकया जा सकता है।
तोआपदेखतेहɇ ͩकअनुरोधɉ औरǐरलȣजकेआधारपर, हमएकऐसीिèथǓतहाͧसलकरनेमɅ स¢महɇ
जहांऑपरेǑटंगͧसèटमɮवाराĤ×येकअनुरोधयाǐरलȣजकȧ सेवाकȧ जासकतीहै।तो, इसतरहके
पǐरǺæय मɅ, हमने गǓतरोध/डेडलॉक (deadlock) ĤाÜत नहȣं ͩकया है।
अब, हमनेदेखाहैͩकगǓतरोध/डेडलॉक(deadlock) वाèतवमɅ एकसंभाåयघटनाहैऔरकुछ
संभावनाओंकेसाथहोसकताहै।अबसंभावनाकोकमकरनेकाएकतरȣकाहैͩकͧसèटममɅ कई
संसाधनमौजूदहɇ।इसͧलए, हमनेदेखाथाͩकयहएकगǓतरोध/डेडलॉक(deadlock) अवèथाथा,
अǓनवाय[ ǾपसेÈयɉͩकए(A) बी(B) ɮवारासंसाधनआर2 (R2) कोजारȣ करनेकȧ Ĥती¢ाकररहाहै,
औरबी(B) बदलेमɅ संसाधनआर1 (R1) कȧ Ĥती¢ाकररहाहै।अबएकतरȣकािजससेयहहलͩकया
जासकताहैͩककईसंसाधनहɇ , जबͩकयहͪवशेषसमाधानहमेशाकामनहȣंकरेगा, औरअǓनवाय[ Ǿप
से संसाधनɉ के Ĥकार पर Ǔनभ[र करता है, यह कुछ हद तक मदद कर सकता है।
उदाहरणकेͧलए, यǑदहमारेपासǒबãकुलएकहȣ Ĥकारकेदोसंसाधनहɇ, तोए(A) केअनुरोधके
साथ-साथबी(B) केअनुरोधदोनɉ कोĤबंͬधतͩकयाजासकताहै, याǓनͩकहमारेपासदोĤकारके
संसाधनआर1 (R1) हɇ तोयादूसरेशÞदɉ मɅ यǑदआपकेपाससंसाधनआर1 (R1) काडुिÜलकेटहैतब
उसेए(A) औरबी(B) कोभीǑदयाजासकताहै।इसीतरह, संसाधनआर2 काडुिÜलकेटए(A) औरबी
(B) कोएकसाथǑदयाजासकताहै।तो, इसकामतलबयहहैͩकउदाहरणकेͧलए, हमारेपासदोͪĤंटर
मौजूदहोसकतेहɇ औरए(A) कोएकͪĤंटरआवंǑटतͩकयाजासकताहैजबͩकबी(B) कोअÛयͪĤंटर
आवंǑटतͩकयाजासकताहै, जबͩकयहपूरȣ तरहसेडेडलॉÈसकोख×मनहȣंकरताहै, इससेडेडलॉÈस
कȧ संभावना कम हो सकती है।
अब, अगलाĤæनएकऐसेͧसèटममɅ हैिजसमɅ अवरोध/डेडलॉÈस(deadlocks) होसकतेहɇ, Èया
अवरोध/डेडलॉÈस(deadlocks) कोसंभालाजानाचाǑहए? तो, यहएकबहसकरनेयोÊयसवालहै,
अǓनवाय[ Ǿपसेउƣरदेनेकेͧलएएकआसानबातनहȣंहै, Èयɉͩकरोकथामतंğ याडेडलॉÈसकापता
लगानेकȧ लागतबहुतअͬधकहै, औरऑपरेǑटंगͧसèटममɅ इसकाभारȣ ऊपरȣ-काय[/ओवरहेड
(overhead) खच[ होगा।
तो, अÛयपहलूकोशुतुरमुग[/ऑिèĚच(ostritch) एãगोǐरदमकेǾपमɅ जानाजाताथा, पूरȣ तरहसे
अवरोधɉ/डेडलॉÈस(deadlocks) कोअनदेखाकरनाहैऔरͧसèटमको, ǒबनाͩकसीरोकथामकेया
ͩकसीगǓतरोध/डेडलॉक(deadlock) पहचानतंğ केचलासकताहै।तो, यातो, कुछगǓतरोध/डेडलॉक
(deadlock) रोकथामयापहचानतंğ याͧसफ[ गǓतरोध/डेडलॉक(deadlock) केपूरेपहलुओंको
अनदेखाकरना, कȧ कोईएकपसंदओएसͫडजाइनसमययाͧसèटमͫडज़ाइनसमयकेदौरानͩकया
जानाचाǑहए।इसͧलए, Ǔनण[यलेनेसेपहलेͪवͧभÛनचीजɉ परचचा[ कȧ जानीचाǑहए, जैसेͩक
गǓतरोध/डेडलॉक(deadlock) होनेकȧ संभावनाÈयाहै? ÈयायहसंभावनाहैͩकĤ×येकसÜताह, याहर
महȣने या 5 साल मɅ एक बार एक गǓतरोध/डेडलॉक (deadlock) होगा?
दूसरागǓतरोध/डेडलॉक(deadlock) कानतीजाÈयाहै? अǓनवाय[ Ǿपसे, एकगǓतरोध/डेडलॉक
(deadlock) ͩकतनामह×वपूण[ होसकताहै? उदाहरणके ͧलए, यǑदमेरेडेèकटॉपपरएक
गǓतरोध/डेडलॉक(deadlock) होताहै, तोमɇ बसͧसèटमकोरȣबूटकरसकताहूंऔरयहमुझेबहुत
Ĥभाͪवतनहȣंकरेगा।दूसरȣ तरफयǑदकोईगǓतरोध/डेडलॉक(deadlock) होताहै, तोअंतǐर¢ यानया
रॉकेटĤकारकेपǐरǺæयजैसेसुर¢ामह×वपूण[ अनुĤयोगमɅ कहɅ, तोपǐरणामͪवनाशकारȣ होसकताहै।
इसͧलए, हमɅ इनदोपहलुओंकेबारेमɅ बहसकरनेकȧ ज़Ǿरतहै, अǓनवाय[ ǾपसेअगरगǓतरोध/डेडलॉक
(deadlock) होनेकȧ संभावनाबहुतबारहोतीहैतोशायदओएसकोगǓतरोध/डेडलॉक(deadlock) को
संभालने के ͧलए कुछ उपायɉ कȧ आवæयकता होगी।
दूसरȣ तरफ, यǑदगǓतरोध/डेडलॉक(deadlock) बहुतǓछटपुटहोताहैतोपांचसालमɅ एकबारऔसतन
होसकताहैयाͩफरआपकोऑपरेǑटंगͧसèटममɅ गǓतरोध/डेडलॉक(deadlock) रखनेयासंभालनेकȧ
आवæयकतानहȣंहोसकतीहै।तोअबहममानलɅ ͩकहमɅ डेडलॉÈसकोसंभालनेकेͧलएहमारे
ऑपरेǑटंग ͧसèटम मɅ कुछ तंğ कȧ आवæयकता है। तो, हम इसके बारे मɅ Èया कर सकते हɇ?
अǓनवाय[ Ǿपसे, तीनतरȣकेहɇ जोडेडलॉÈसकोसंभालाजासकताहै।एकͫडटेÈशनऔरǐरकवरȣ
(Detection and Recovery), दूसराबचाव/ एवॉइडेÛस(Avoidance) ɮवाराऔरतीसरारोकथाम/
ͪĤवɅशन (Prevention) ɮवारा है।
तोआइएपहलेमामलेकोदेखɅ, यहͫडटेÈशनऔरǐरकवरȣ (Detection and Recovery) हैऔरपहले
डेडलॉÈसकैसेपाएजातेहɇ? अǓनवाय[ ǾपसेऑपरेǑटंगͧसèटमकेͧलएडेडलॉÈसकापतालगानेके
ͧलए, इसेͧसèटममɅ मौजूदासंसाधनआवंटनकोजाननेकȧ आवæयकताहै।अǓनवाय[ Ǿपसेकौनसी
ĤͩĐयामɅ संसाधनहɇ औरइसेĤͩĐयाओंɮवारावत[मानअनुरोधआवंटनकोभीजाननेकȧ आवæयकता
है।अǓनवाय[ ǾपसेकौनसीĤͩĐयाͩकससंसाधनकȧ Ĥती¢ाकररहȣ है, औरओएस(OS) तबइस
जानकारȣ काउपयोगयहपतालगानेकेͧलएकरेगाͩकͧसèटमएकगǓतरोध/डेडलॉक(deadlock)
िèथǓत मɅ है या नहȣं।
तो, िजसतरहसेपहचानकाय[ करसकतीहैवहसंसाधनआवंटनĒाफमɅ चĐɉ कोढूंढ़नाहै।उदाहरणके
ͧलए, यǑदयहͧसèटममɅ ͪवͧभÛनसंसाधनɉ केͧलएसंसाधनआवंटनĒाफहै, तोओएस(OS) कोएक
चĐ कापताचलेगा।उदाहरणकेͧलए, यहांपर, हमारेपासĤͩĐयाडी(D), ई(E) औरजी(G) केबीच
एकचĐ है, तोओएस(OS) कहेगाͩकयेतीनĤͩĐयाएंवाèतवमɅ गǓतरोध/डेडलॉक(deadlock)
िèथǓत मɅ हɇ।
अबदूसरेपहलूपरअनुरोधͩकयाजासकताहैजैसाͩकयहांǑदखायागयाहै, जहांसंसाधनएस(S)है
औरइसकेसाथए(A), डी(D), एफ(F) औरसी(C) ɮवाराअनुरोधͩकयाजाताहै।इसͧलएहमदेखतेहɇ
ͩकयहएकगǓतरोध/डेडलॉक(deadlock) िèथǓतमɅ नहȣंहैÈयɉͩकइनसभीĤͩĐयाओंकेͧलएएस(S)
केआवंटनकाकुछअनुĐमहै।उदाहरणकेͧलएएस(S) केͧलएएकसंभाͪवतआवंटनआयाहैͩक
पहलेएस(S) कोए(A) कोआवंǑटतͩकयाजाएगा, ए(A) कुछसमयकेͧलएसंसाधनएस(S) का
उपयोगकरेगा, औरउसकेबादएस(S) काउपयोगपूराकरनेकेबाद, एस(S) कोͩफरसी(C) को
आवंǑटतͩकयाजासकताहै, औरउसकेबादएस(S) कोआवंǑटतͩकयाजाताहैएफ(F), औरͩफरडी
(D)।इसͧलए, अǓनवाय[ Ǿपसेएस(S) कȧ आवंटनइनचारĤͩĐयाओंकेबीचअनुĐͧमकहोसकतीहै।
तो, यह एक गǓतरोध/डेडलॉक (deadlock) नहȣं होगा।
हालांͩक, संसाधनआवंटनĒाफमɅ एकचĐ कȧ उपिèथǓतसेसंकेतͧमलेगाͩकͧसèटममɅ एक
गǓतरोध/डेडलॉक (deadlock) मौजूद है।
संसाधनआवंटनĒाफमɅ चĐ खोजनेकȧ यहतकनीकउनĤणाͧलयɉ केसाथअÍछȤ तरहसेकामकरेगी
जहांĤ×येकĤकारकाएकसंसाधनथा।अबमानलɅ ͩकहमारेपासͧसèटमथेजहांĤ×येकĤकारकेकई
संसाधन थे, ͩफर एक और एãगोǐरदम कȧ आवæयकता होगी।
तोआइएहमउदाहरणदɅ ͩकयहकैसेकामकरेगा।आइएहमएकͧसèटममɅ कहɅ ͩकहमारेपासचार
संसाधनहɇ: टेपĜाइव(tape drive), Üलॉटस[ (plotters), èकैनर(scanner) औरसीडीरोम
(CD-ROM)।इसकेअलावा, चार/4 टेपĜाइव, दो/2 Üलॉटस[, तीन/3 èकैनरऔरएक/1 सीडी-रोमहɇ।
ͩफरहमयहभीकहतेहɇ ͩकहमारेपासͧसèटमपी1, पी2, पी3 (P1, P2, P3) मɅ तीनĤͩĐयाएं
ǓनçपाǑदतहɇ, औरयहवत[मानआवंटनमैǑĚÈसहै।तो, पंिÈत1 ĤͩĐयापी1 (P1) केसंबंधमɅ है।इसका
मतलबहैͩकĤͩĐयापी1 (P1) मɅ कोईटेपĜाइवनहȣंहै, इसमɅ कोईÜलॉटस[ नहȣंहै, एक/1 èकैनर
आवंǑटतͩकयागयाहैऔरकोईसीडी-रोमनहȣंहै।इसीतरह, ĤͩĐया2 कोदो/2 टेपĜाइवऔरएक/1
सीडी रॉम आवंǑटत है और ĤͩĐया3 को एक/1 Üलॉटटर और दो/2 èकैनर आवंǑटत हɇ।
अब, यहͪवशेषसेटए(set A) उपलÞधसंसाधनǓनधा[ǐरतकरताहै; अǓनवाय[ Ǿपसेहमारेपासचार/4
टेपĜाइवɉ मɅ से, यǑदआपवत[मानआवंटनमैǑĚÈसमɅ इससंबंͬधतकॉलमकोदेखतेहɇ तोहमनेदेखाहै
ͩकदो/2 काउपयोगͩकयाजाताहै।तोÈयाहैजोउपलÞध, 4 माइनस2 याǓन2 टेपĜाइवमुÈतहɇ और
आवंǑटतकरनेकेͧलएमुÈतहɇ।तोइसीĤकार, यǑदआपÜलॉटस[ कोदेखतेहɇ, तोदो/2 Üलॉटस[ मɅ से
एक/1आवंǑटतͩकयागयाहैऔरएक/1 मुÈतहै।3 èकैनरमɅ से, हमदेखतेहɇ ͩकसभीतीन/3 èकैनर
आवंǑटतͩकएगएहɇ, इसͧलएयहयहां0 है।इसीतरह, आवंǑटतͩकएजानेकेͧलएकोईसीडी-रोमभी
उपलÞध नहȣं है।
अब, इसकेअलावाहमारेपासएकअनुरोधमैǑĚÈसहै, अǓनवाय[ ǾपसेकौनसीĤͩĐयाͩकसकेͧलए
Ĥती¢ाकररहȣ हैयहइसमैǑĚÈसमɅ Ĥदͧश[तͩकयागयाहै।उदाहरणकेͧलए, ĤͩĐयापी1 (P1) दो/2
औरटेपĜाइवऔर1 सीडी-रोम(CD-ROM) काअनुरोधकरताहै।तो, ĤͩĐयापी2 (P2) केͧलए1 टेप
Ĝाइवऔर1 èकैनरकȧ आवæयकताहोतीहै, औरĤͩĐयापी3 (P3) केͧलए2 टेपĜाइवऔर1 Üलॉटर
कȧ आवæयकताहोतीहै।अबसंसाधनआवंटनऔरअनुरोधɉ कȧ ऐसीपǐरभाषाएंयाऐसेĤèतुǓतकरण
कालêययहǓनधा[ǐरतकरनाहैͩकइनअनुरोधɉ केआवंटनकाअनुĐममौजूदहैयानहȣं, ताͩकसभी
अनुरोधɉ कोपूराͩकयाजासके।यǑदऐसाकोईमामलासंभवहै, तोकोईगǓतरोध/डेडलॉक(deadlock)
मौजूदनहȣंहै।तोचͧलएदेखतेहɇ ͩकहमइनअनुरोधɉ को3 ĤͩĐयाओंसेआवंǑटतकरसकतेहɇ या
नहȣं।
तोचͧलएएकĤͩĐयापी1 (P1) लेतेहɇ औरहमदेखसकतेहɇ ͩकपी1 (P1) ĤͩĐयासेअनुरोधͧमल
सकताहै।इसͧलए, इसे2 टेपĜाइवकȧ आवæयकताहैऔरहमदेखतेहɇ ͩक2 टेपĜाइवउपलÞधहɇ।तो,
यहठȤकहैऔर1 सीडी-रोम(CD-ROM) काअनुरोधहै, लेͩकनकोईसीडी-रोम(CD-ROM) उपलÞध
नहȣंहै।तो, ĤͩĐयापी1 (P1) ǓनçपाǑदतनहȣंकरसकताहै।इसͧलए, ĤͩĐयापी1 (P1) कोउसकेसभी
संसाधनɉ को आवंǑटत नहȣं ͩकया जा सकता है। तो, यह ǓनçपाǑदत होना जारȣ नहȣं रख सकता है।
आइएĤͩĐयापी2 (P2) केबारेमɅ देखतेहɇ।इसͧलए, पी2 (P2) ĤͩĐयाको1 टेपĜाइवकȧ आवæयकता
होतीहैिजसेइसेआवंǑटतͩकयाजासकताहैÈयɉͩकयहउपलÞधहै; औरइसकेͧलए1 èकैनरकȧ
आवæयकताहै, लेͩकन0 उपलÞधहɇ।तो, इसीĤकार, ĤͩĐयापी2 (P2) भीसंतुçटनहȣंहोसकतीहै, और
ĤͩĐयापी2 (P2) कोभीĤती¢ाकरनेकȧ आवæयकताहोगी।अबतीसरेमामलेकोदेखɅ जहांĤͩĐया3
केͧलए, 2 टेपĜाइवहɇ िजÛहɅ पूराͩकयाजासकताहै, 1 अनुरोधएकÜलॉटटरकेͧलएिजसेपूराͩकया
जा सकता है और 1 अनुरोध èकैनर के ͧलए जो पूरा नहȣं ͩकया जा सकता है।
तो, ĤͩĐयापी3 (P3) भीइसकेअनुरोधकोसंतुçटनहȣंकरसकताहै।तो, पी3 (P3) भीइंतजारकरेगा।
इसͧलए, पी1, पी2 औरपी3 (P1, P2 and P3) सभीअनुरोधकेͧलएइंतजारकररहेहɇ, औरइसͧलए
अवèथाएकगǓतरोध/डेडलॉक(deadlock) मɅ हैÈयɉͩकइनमɅ सेͩकसीभीĤͩĐयाɮवाराअनुरोधɉ मɅ से
कोईभीअनुरोधपूरानहȣंͩकयाजासकताहैऔरइसͧलए, सभीĤͩĐयाओंकोĤती¢ाकरनेकȧ
आवæयकता होगी।
यǑदआपएकऔरउदाहरणदेखतेहɇ जहांएकछोटाबदलावहोताहै।हमनेĤͩĐयापी3 (P3) ɮवारा
आवæयकèकैनरकȧ संÉयाकोकमकरǑदयाहै।इसͧलए, इसतरहकेमामलेमɅ, हमदेखतेहɇ ͩक
ĤͩĐयापी3 (P3) ɮवाराअनुरोधͩकएगएदोनɉ टेपĜाइवͧसèटमɮवाराͧमलसकतेहɇ, एकलÜलॉटर
भीपूराͩकयाजासकताहैऔरवहांकोईèकैनरऔरकोईसीडी-रोमआवæयकनहȣंहै।औरइसͧलए,
हमदेखतेहɇ ͩकपी3 (P3) कोसंसाͬधतकरनेकेͧलएसभीअनुरोधआवंǑटतͩकएजासकतेहɇ, इसͧलए
पी3 (P3) संतुçटहोसकताहैऔरहमारेपासयहांकोईगǓतरोध/डेडलॉक(deadlock) नहȣंहै।इसͧलए,
इसतरह, मौजूदाआवंटनमैǑĚÈसऔरअनुरोधमैǑĚÈसकेआधारपरऑपरेǑटंगͧसèटमɮवारा
गǓतरोध/डेडलॉÈस (deadlocks) का पता लगाया जा सकता है।
तो, एकबारडेडलॉÈसकापताचलनेकेबाद, ऑपरेǑटंगͧसèटमकोअगलाÈयाकरनाचाǑहए? तो,
ͪवͧभÛनचीजɅ ओएस(OS) करसकताहै।तो, एकबातयहहैͩकयहअलाम[ उठासकताहै, याǓनͩक
उपयोगकता[ओं और Ĥशासक को बताता है ͩक वाèतव मɅ गǓतरोध/डेडलॉक (deadlock) का पता चला है।
ͩफरहͬथयानेकेͧलएबाÚयकरनेकादूसरातरȣकायहहैͩकआपͩकसीͪवशेषसंसाधनकोͩकसी
ĤͩĐयासेदूरलेजानेकेͧलएमजबूरकरतेहɇ औरͩकसीअÛयĤͩĐयाकोदेदेतेहɇ।उदाहरणकेͧलए,
ऐसाहोसकताहैͩकआर2 (R2) एकͪĤंटरथाऔरवत[मानमɅ बी(B) ɮवारारखागयाथा।तो, Èया
ͩकयाजासकताथाͩकͪĤंटरकोबी(B) सेदूरकरनेकेͧलएमजबूरͩकयाजासकताथा, जबͩकइसेए
(A) कोकुछसमयकेͧलएआवंǑटतͩकयाजाताहैऔरइसĤकारगǓतरोध/डेडलॉक(deadlock) टूटा
जाएगा, जैसाͩकयहांǑदखायागयाहै।तो, बी(B) केपासअबअÛयसंसाधनआर2 (R2) नहȣंहै,
लेͩकन आर2 (R2) को ए (A) को Ǒदया गया है
ͩफरएकतीसरȣ ͪवͬधरोलबैक(rollback) केǾपमɅ जानेवालȣ तकनीककाउपयोगकरकेहोतीहै।तो,
रोलबैककेसाथ, ए(A) औरबी(B) दोनɉ ĤͩĐयाओंकोǓनçपाǑदतकरनेकेǾपमɅ जांचकȧ जाएगी।तो,
चेकपॉइंट(check point) सेहमारामतलबहैͩकĤͩĐयाकȧ िèथǓतͫडèकपरसंĒहȣतहोजातीहै।
ĤͩĐयाकुछसमयकेͧलएǓनçपाǑदतहोतीहैऔरͩफरĤͩĐयाकȧ पूरȣ िèथǓतͫडèकपरसंĒहȣतहोती
है।अबͫडèकपरĤͩĐयाकȧ िèथǓतकोसंĒहȣतकरनेसे, ĤͩĐयाओंकोउसǒबंदुसेǓनçपाǑदतकरनेकȧ
अनुमǓतͧमलेगीजहांइसेचेकपॉइंटͩकयागयाहै, अबचेकपॉइंटिèथǓत।इसͧलए, समयबढ़नेकेसाथ
हȣ अͬधक चेक पॉइंट समय-समय पर ͧलए जाते हɇ जैसा ͩक यहां Ǒदखाया गया है।
अब, आइएहमकहɅ ͩककुछसमयबादएकगǓतरोध/डेडलॉक(deadlock) कापताचलाहैतोÈयाहो
सकताहैͩकͧसèटमआͨखरȣ गैर-गǓतरोध/नॉन-डेडलॉक(non deadlock) िèथǓतमɅ पलट/रोलबैक
(rollback) करसकताहैजोयहांपरहै।तो, रोलबैककैसेहोताहै? इसͪवशेषउदाहरणमɅ ĤͩĐयाए(A)
और बी (B) कȧ िèथǓत को अंǓतम £ात िèथǓत मɅ यहां Ǒदखाए गए अनुसार लोड (load) करना।
अबĤͩĐयाए(A) औरबी(B) इसिèथǓतसेǓनçपाǑदतहोनाजारȣ रखɅगीऔरगǓतरोध/डेडलॉक
(deadlock) ͩफरसेनहȣंहोसकताहै।अǓनवाय[ ǾपसेहमनेदेखाहैͩकचूंͩकगǓतरोध/डेडलॉक
(deadlock) एकसंभाåयघटनाहैिजसमɅ Đमकोसंशोͬधतकरकेआवंटनͩकएजातेहɇ, हमइसͪवशेष
गǓतरोध/डेडलॉक (deadlock) को रोक सकते हɇ।
एकचौथातरȣकाĤͩĐयाओंकोमारना/ नçट-करनाहै।अǓनवाय[ Ǿपसे, यǑदĤͩĐयाए(A) औरबी(B)
एकगǓतरोध/डेडलॉक(deadlock) िèथǓतमɅ हɇ, तोइनĤͩĐयाओंमɅ सेएककोमारनेसे
गǓतरोध/डेडलॉक(deadlock) टूटजाएगा।इसͧलए, आमतौरपरकममह×वपूण[ याकमĤाथͧमकता
वालȣ ĤͩĐया को मार Ǒदया जाएगा।
धÛयवाद।"
33,0,,"ऑपरेǑटंग ͧसèटम (Operating System) का पǐरचय
Ĥोफेसर चेèटर रेबेरो
संगणक ͪव£ान और अͧभयांǒğकȧ ͪवभाग
भारतीय Ĥौɮयोͬगकȧ संèथान, मġास
सÜताह - 07
åयाÉयान - 32
गǓतरोधɉ/डेडलॉÈस (Deadlocks) से Ǔनपटना
तोगǓतरोधɉ/डेडलॉÈसकोसंभालनेके 3 तरȣके हɇ।वहहैडेडलॉÈससेकटौतीऔरǐरकवरȣ,
गǓतरोधɉ/डेडलॉÈस(deadlocks) टालना/अवॉइडɅस(avoidance) औरगǓतरोध/डेडलॉक(deadlock)
रोकथाम/ͪĤवɅशन (Prevention) ɮवारा ͩकया जाता है।
इसवीͫडयोमɅ, हमगǓतरोध/डेडलॉक(deadlock) टालना/अवॉइडɅस(avoidance) एंडͪĤवɅशन
(Prevention) परएकनज़रडालɅगे।टालनेसेहमारामतलबहैͩक, Ĥणालȣ कभीऐसीिèथǓतमɅ नहȣं
जाएगीजोसंभाͪवतǾपसेगǓतरोध/डेडलॉक(deadlock) िèथǓतपैदाकरसके।एकउदाहरणकेͧलए,
ͩकटालने/ एवॉइडेÛस(avoidance) कȧ एãगोǐरदमकैसेकामकरतेहɇ, हमकेवलबहुतहȣ सरल
उदाहरण लɅगे।
तो, आइएहमकहɅ ͩकहमइसǒबंदुसेजानाचाहतेहɇ ए(A) यहएकजगहहै, इसǒबंदुबी(B) केͧलए
औरहमेशाकेǾपमɅ कईमाग[ हɇ जोहमɅ वहाँलेजासकतेहɇ ।तो, यहएकͪवशेषमाग[ हैऔरयहएक
औरमाग[ है।अबहमɅ एकͪवकãपयासहȣ ͪवकãपचुननेकȧ ज़ǾरतहैजोहमɅ इसͪवशेषèथानबी(B)
तकसुरͯ¢ततरȣकेसेलेजाएगी।उदाहरणकेͧलए, यǑदहमइसमाग[ सेगुजरसकतेहɇ तोयह
खतरनाक हो सकता है या सड़क पर कुछ ͪवशेष Þलॉक हो सकते हɇ।
दूसरȣ तरफतीसरेराèतेसेगुजरनेकेसमानिèथǓतहोसकतीहै।तो, कईतरȣकɉ सेहमएकǒबंदुसे
दूसरेǒबंदुपरजासकतेहɇ, हमɅ एकराèताचुननेकȧ जǾरतहैͩकहमɅ ͩकसमाग[ परजानाहै।
गǓतरोध/डेडलॉक(deadlock) एवॉइडेÛस(avoidance) एãगोǐरदमबहुतसमानतरȣकɉ सेकामकरता
है। आइए दो ĤͩĐयाओं के साथ एक ͪवशेष उदाहरण लɅ।
ĤͩĐया1 औरĤͩĐया2, औरहमइसͪवशेषĒाफɮवाराͧसèटमकȧ िèथǓतकाĤǓतǓनͬध×वकरɅगे।अब
एÈसअ¢ (x axis) पर, ĤͩĐया1 ɮवाराǓनçपाǑदत/एÈसीÈयूट(execute) Ǔनदȶशहɇ औरवाईअ¢ (y
axis) समयकेसंबंधमɅ ĤͩĐया2 ɮवाराǓनçपाǑदतǓनदȶशɉ केअनुǾपहै; तोदोनɉ समयकेसंबंधमɅ हɇ।
इसĤकार, ĤͩĐया1 औरĤͩĐया2 मूल-èथान/ओǐरिजन(origin) सेǓनçपाǑदतकरनेलगतीहैजोइस
ǒबंदुपरहैऔरवेदूसरेǒबंदुपरǓनçपादनकोपूराकरतेहɇ जोयहांǒबंदुहै।अब, चूंͩकयेĤͩĐयाͧसèटम
मɅ ǓनçपाǑदत/एÈसीÈयूट(execute) होतीहै, इसͧलएͧसèटमकȧ िèथǓतबदलजाएगीऔरअवèथा
एक-दूसरे के संबंध मɅ इन दो ĤͩĐयाओं को ǓनçपाǑदत करने के आधार पर बदलता है।
तोआइएहमकहɅ ͩकइनखÖडɉ/ÞलॉÈस(blocks) ɮवाराइसअवèथाकाĤǓतǓनͬध×वͩकयाजाताहै।
अब, यहांपरयहरेखाǓनçपादनपथकोइंͬगतकरतीहै।उदाहरणकेͧलए, यहांपररेखा¢ैǓतजइंͬगत
करतीहैͩकǓनदȶशĤͩĐया1 के अनुǾप'ǓनçपाǑदतहोरहेहɇ।इसͧलए, ĤͩĐया1 Ǔनçपादनके
पǐरणामèवǾपजबͩकĤͩĐया2 ǓनçपाǑदतनहȣंहोरहȣ हो, हमɅ यहांͧसèटमकȧ एकिèथǓतͧमलतीहै
जोइसछोटेवग[ ɮवाराǑदखायागयाहै, ͩफरअवèथायहाँपरèथानांतǐरतहोगयीजैसाͩकयहां
ǑदखायागयाहैऔरͩफरइसͪवशेषǒबंदुपरǑदखायागयाहैएक‘संदभ[ बदलाव’/’कॉÛटेÈèटिèवच’
(‘context switch’) और ĤͩĐया2 ǓनçपाǑदत होती है।
इसͧलएĤͩĐया2 केǓनçपादनकेपǐरणामèवǾप, ͧसèटमकȧ िèथǓतइसǒबंदुपरèथानांतǐरतहोजाती
है।ͩफरĤͩĐया1 ͩफरसेǓनçपाǑदतहोतीहैऔरअवèथाबदलतीहै, ͩफरĤͩĐया2 ǓनçपाǑदतहोजाती
है, ĤͩĐया1 औरइसीतरहसे।औरअंतमɅ हमारेपासदोनɉ ĤͩĐया1 केसाथ-साथĤͩĐया2 हɇ जोइस
ͪवशेष ǒबंदु तक पहुंचते हɇ; अǓनवाय[ Ǿप से दोनɉ ĤͩĐयाओं ने Ǔनçपादन पूरा कर ͧलया है।
अब, आपदेखɅ, इसबातपरǓनभ[रकरतेहɇ ͩकऑपरेǑटंगͧसèटमशेɬयूलकैसेकरताहै, कैसेĤोसेस1
औरĤोसेस2 कोĤोसेसकरनेकेͧलएͩकतनेसंसाधनआवंǑटतͩकएजातेहɇ याअनावंǑटतͩकएजातेहɇ,
यहͪवशेषǓनशान/Ěेस(trace) याĤͩĐया2 केसंबंधमɅ ĤͩĐया1 काǓनçपादनǓनशान/ Ěेस(trace)
अलग-अलगहोगा।उदाहरणकेͧलए, खराबिèथǓतमɅ ĤͩĐया1 लगातारǓनçपाǑदतहोतीहैजबतकयह
पूण[ नहȣंहोजातीहैऔरͩफरĤͩĐया2 पूण[ होनेतकǓनçपादनपूराकरतीहैयाकोईअÛयतकनीकहो
सकतीहैͩकĤͩĐया1 कुछǓनदȶशǓनçपाǑदतकरतीहै, ͩफरĤͩĐया2 कुछǓनदȶशǓनçपाǑदतकरतीहै,
ͩफर ĤͩĐया1, ĤͩĐया2, ĤͩĐया1 और इसी Ĥकार, जब तक ͩक वे दोनɉ पूण[ नहȣं हो जाते।
अब, हमयहभीबताएंͩकĤͩĐया1 औरĤͩĐया2 कोइसकेǓनçपादनकेदौरानसंसाधनआर1 (R1) कȧ
आवæयकताहै।इसͧलए, ĤͩĐया1 कोइसͪवशेषसमयपरसंसाधनआर1 (R1) कȧ आवæयकताहोती
है।तो, इसǒबंदुपरइसͪवशेषसमयकोǑदखायागयाहै, इसͧलएĤͩĐया1 मɅ इनǓनदȶशɉ केͧलए
संसाधनआर1 (R1) केउपयोगकȧ आवæयकताहै।तो, यहइसबɇगनीÞलॉकɮवारायहांपरĤकाशडाला
गया है।
अब, इसीसमयइसǒबंदुसेइसǒबंदुतक, ĤͩĐया2 कोसंसाधन1 केउपयोगकȧ आवæयकताहै, इसͧलए
इसेयहांपरहाइलाइटͩकयागयाहै।अबयहचौराहेवालावग[ वह¢ेğ हैजहांĤͩĐया1 केसाथ-साथ
ĤͩĐया2 को, संसाधन1 कȧ आवæयकताहोतीहै।इसͧलए, इनदो¢ेğɉ केचौराहेसेĤǓतǓनͬध×वकरने
वालायहचौराहेवालावग[ दोनɉ ĤͩĐयाओंमɅ Ǔनदȶशɉ सेमेलखाताहैजोसंसाधनR1 काअनुरोधकरते
हɇ।
इसीतरह, हमकहतेहɇ ͩकएकऔरसंसाधनआर2 (R2) हैजोĤͩĐया2 ɮवाराइनͪवशेषǓनदȶशɉ और
ĤͩĐया1 मɅ इनͪवशेषǓनदȶशɉ केͧलएआवæयकहै, औरयहांǑदखाएगएअनुसारएकअÛतͪव[भाजक
वालेवग[ कोसंगतǾपसेĤाÜतͩकयागयाहैऔरयहवग[ उसभागकाĤǓतǓनͬध×वकरताहैजहांदोनɉ
ĤͩĐयायɅ पी1 (P1) औरपी2 (P2) संसाधनआर2 (R2) काअनुरोधकरɅगे।अब, हमजोदेखɅगेवहआर1
(R1) औरआर2 (R2) संसाधनɉ काअÛतͪव[भाजकǑहèसाहै।इसͧलए, यǑदहमवाèतवमɅ इसĒाफके
साथइसĒाफकोĤǓतÍछेदकरतेहɇ, तोहमउनǒबंदुओंकोĤाÜतकरतेहɇ जहांदोनɉ ĤͩĐयाएंआर1
(R1) काअनुरोधकरतीहɇ जोͩकयहबɇगनीǑहèसाहै, औरयहवहǑहèसाहैजहांदोनɉ ĤͩĐयाओंको
आर2 (R2) कȧ आवæयकताहोतीहै, औरअÛतͪव[भाजक¢ेğ वहहोताहैजहांदोनɉ ĤͩĐयाओंकोदोनɉ
संसाधनɉ कȧ आवæयकता होती है आर1 (R1) और आर 2।
अब, यह¢ेğ हैजोसंभाͪवतǾपसेगǓतरोध/डेडलॉक(deadlock) काकारणबनसकताहै।तो, हमइसे
एकअसुरͯ¢तअवèथाके ǾपमɅ कहतेहɇ।तो, एकअसुरͯ¢तअवèथाएकगǓतरोध/डेडलॉक
(deadlock) िèथǓतनहȣंहै, बिãकयहएकऐसाअवèथाहैजोसंभाͪवतǾपसेगǓतरोध/डेडलॉक
(deadlock) काकारणबनसकताहै।इसĤकार, यǑदओएस(OS) कोĤͩĐया1 औरĤͩĐया2 कोइस
तरहसेǓनधा[ǐरतकरनाथाͩकǓनçपादनपथइसअसुरͯ¢तिèथǓतमɅ समाÜतहोताहै, तोसंभवतःहम
एकगǓतरोध/डेडलॉक(deadlock) होसकतेहɇ।दूसरȣ तरफ, यǑदओएस(OS) ĤͩĐया1 औरĤͩĐया2
केǓनçपादनकाǓनधा[रण/शेɬयूलइसतरहसेकरताहैͩकइसअसुरͯ¢तिèथǓतसेबचाजाताहैतो
गǓतरोध/डेडलॉक(deadlock) सेबचाजाताहै।इसͧलए, ͧसèटममɅ गǓतरोधɉ/डेडलॉÈस(deadlocks)
से बचने के ͧलए यह आवæयक तकनीक है।
तोअगलासवालयहहैͩकÈयाकोईएãगोǐरदमहैजोहमेशासहȣ ͪवकãपचुनकरगǓतरोधɉ/डेडलॉÈस
(deadlocks) सेबचसकताहै? यहहमयहसुǓनिæचतकरसकतेहɇ ͩकĤͩĐयाǓनçपाǑदतकरनेके
तरȣकɉ यासंसाधनɉ कोआवंǑटतकरनेकेतरȣकेमɅ कुछͪवकãपबनाकरͧसèटमअसुरͯ¢तिèथǓततक
कभी नहȣं पहुंच सके।
इसͧलए, एकतरȣकाहैͩकहमइसतरहकेएãगोǐरदमकाǓनमा[णकरसकतेहɇ जोबɇकरकेएãगोǐरदम
(Banker's algorithm) के Ǿप मɅ जाना जाता है। तो, आइए इसके साथ एक उदाहरण देखɅ।
अब, 3 Èलाइंटए(A), बी(B) औरसी(C) केसाथबɇककमȸ/बɇकरपरͪवचारकरɅ।Ĥ×येकĒाहककेपास
कुछĐेͫडटसीमाएंहोतीहɇ औरइनसभीĐेͫडटसीमाओंकȧ कुलयोग20 इकाइयɉ तकहोतीहै।अब
बɇककमȸ/बɇकरजानताहैͩक20 इकाइयɉ काअͬधकतमĐेͫडटएकहȣ समयमɅ उपयोगनहȣंͩकया
जाएगा, इसͧलएवहकेवल10 इकाइयांरखताहै।इसकाअथ[ देखनेकेͧलए, आइएहमकहɅ ͩकहमइस
ताͧलकाको3 Èलाइंटए(A), बी(B) औरसी(C) केसाथमानतेहɇ औरĤ×येकĒाहककेपासअपने
खातेमɅ कुछइकाईयांहɇ।इसͧलए, उदाहरणकेͧलएए(A) को3 इकाइयांͧमलȣ हɇ, बी(B) को2 इकाइयां
ͧमलȣ हɇ औरसी(C) को2 इकाइयांͧमलȣ हɇ, इसͧलएकुल4 5 6 7. औरबादमɅ, बɇकरकेवल10
इकाइयां रखता है ताͩक शेष 3 मुÈत रहɅ और ͩकसी भी Ēाहक को आवंǑटत नहȣं हो पायɅ।
दूसरȣ तरफ, Ĥ×येकĒाहककेͧलएअͬधकतमĐेͫडटĐमश: 9, 4 और7 है।इसͧलए, आपÚयानदɅ ͩक
9 Üलस4 Üलस7 अͬधकतमĐेͫडटसीमाहैजोकुल20 इकाइयɉ तकहै।औरयहअͬधकतमĐेͫडट
सीमाĒाहकɮवाराअͬĒममɅ घोͪषतकȧ जातीहै।अब, इसͪवशेषताͧलकाकोदेखतेहुएबɇकर
उपयोगकता[ओंकोअͬधकतमĐेͫडटआवंǑटतकरनेमɅ स¢महोनाचाǑहएताͩककोईअसुरͯ¢तिèथǓत
न पहुंच सके। तो, हम इसे उदाहरणɉ के साथ देखते हɇ।
तो, िजससमèयाकोहमहलकरनेकȧ कोͧशशकररहेहɇ वहयहहैͩकÈयाइनआवंटनअͬधकतम9,
4 और7 कोए(A), बी(B) औरसी(C) मɅ इसतरहसेबनायाजासकताहैͩकअवèथासुरͯ¢तहैया
बिãकऐसाआवंटनͩकयाजासकताहै।तो, मानलȣिजएͩकहमबी(B) कोआवंǑटत2 इकाइयɉ केसाथ
शुǾ करतेहɇ।इसͧलए, हमारेपासमुÈतèटोरमɅ 3 इकाइयांहɇ, 3 इकाइयɉ मɅ से- 2 बी(B) कोआवंǑटत
ͩकयाजाताहै।इसͧलएबी(B) मɅ अब2 Üलस2 हैजो4 इकाइयांहɇ, औरमुÈतèटोरमɅ अब3 माइनस
2 जो1 इकाईहैमुÈतहै।अब, बी(B) कोपूराकरनेकेबादसभी4 इकाइयांमुÝतèटोरमɅ लौटादȣ गई
हɇ, इसͧलए4 Üलस1 मुÝतèटोरमɅ 5 इकाइयांमौजूदहɉगीऔरइन5 इकाइयɉ कोसी(C) कोआवंǑटत
ͩकयाजासकताहै।इसͧलए, सी(C) कोइसकȧ अͬधकतमĐेͫडटसीमाͧमलेगी5 Üलस2 जो7
इकाइयां हɇ जो यहां देखी गई हɇ। तो, मुÈत èटोर मɅ मौजूद राͧश 0 इकाइयां है।
अब, सी(C) पूराहोनेकेबादसी(C) कȧ सभी7 इकाइयांमुÝतèटोरमɅ वापसलौटआतीहɇ।अबबɇकर
ए(A) ɮवाराआवæयकसंसाधनɉ कोआवंǑटतकरसकताहैजोए(A) ɮवाराआवæयकअͬधकतम
संसाधनहैजोकȧ 9 इकाइयɉ कȧ अͬधकतमĐेͫडटसीमाĤाÜतकरनेकेͧलए7 औरइकाइयɉ कȧ है।
इसͧलए, हमारेपासए(A) कोआवंǑटत9 इकाइयांहɇ और1 इकाईजोमुÈतहै।इसĤकारहमइस
ͪवशेषĤारंभǒबंदुयाͧसèटमकȧ इसͪवशेषिèथǓतकेसाथदेखतेहɇ, जहां3 इकाइयांǓनःशुãकहɇ और
अͬधकतम9, 4 और7 इकाइयांĤ×येकĒाहककȧ Đेͫडटसीमाहै।हमदेखतेहɇ ͩकइसͪवशेषअवèथा
केसाथएकअनुसूचीहैजोसंभवहैताͩकसभीअनुरोधऔरĒाहकɉ ɮवाराͩकएगएसभीअͬधकतम
अनुरोधɉ कोपूराͩकयाजासके।इसͧलए, हमऐसेअवèथाकोएकसुरͯ¢तअवèथाकेǾपमɅ कहतेहɇ
और बɇकर आगे बढ़ सकता है और ऐसे आवंटन कर सकता है।
अब, हमएकऔरउदाहरणदेखɅ जहांहमशुǾ करतेहɇ, यहहैͩकए(A) केसाथ4 इकाइयांहɇ, बी(B) मɅ
2 औरसी(C) के2 हɇ, इसͧलएकुल8 इकाइयांमौजूदहɇ Đमशःए(A), बी(B) औरसी(C) ।औरमुÈत
इकाइयɉ कȧ संÉया2 हैऔरĤ×येकĒाहककȧ अͬधकतमĐेͫडटसीमाĐमश: 9, 4 और7 पहलेजैसेहै।
अब, हमदेखतेहɇ ͩककैसेबɇकरइनशेषइकाइयɉ कोअपनेĤ×येकÈलाइंटकोआवंǑटतकरनेकाĤयास
करता है, इस पर कोई अनुसूची नहȣं है जो इन आवæयकताओं को पूरा कर सके।
उदाहरणकेͧलएमानलȣिजएबी(B) को2 औरइकाइयांआवंǑटतकȧ गɃ औरआपदेखतेहɇ ͩककेवल2
इकाइयांǓनःशुãकहɇ, इसͧलएबी(B) एकमाğ Ēाहकहैिजसेसͪव[सͩकयाजासकताहै।इसͧलए, बी(B)
को4 इकाइयांͧमलतीहɇ जबͩक0 मुÈतइकाइयांमौजूदहोतीहɇ।अबबी(B) पूराहोनेकेबादहमारेपास
4 इकाइयांमुÈतहɇ, लेͩकनआपदेखतेहɇ ͩकनतोए(A) िजसमɅ 5 औरइकाइयɉ कȧ आवæयकताहोती
है, नहȣ सी(C) िजसमɅ 5 औरइकाइयɉ कȧ आवæयकताहोतीहै, साथहȣ साथ4 इकाइयɉ केसाथसͪव[स
ͩकयाजासकताहैजोͩकमुÈतèटोरमɅ मौजूदहै।इसͧलए, हमदेखतेहɇ ͩकयहअवèथाएकअसुरͯ¢त
अवèथाहैÈयɉͩककोईशेɬयूͧलंगऑड[रनहȣंहैजोइनआवæयकताओंकोपूराकरसकताहै।तो, यह
एकअसुरͯ¢तअवèथाहैऔरबɇकरकोयहसुǓनिæचतकरनाचाǑहएͩकऐसीिèथǓतͩकसीभीसमय
तक नहȣं पहुंच पाई है।
इसͧलएऑपरेǑटंगͧसèटममɅ भीइसीतरहकȧ åयवèथाकोकाया[िÛवतͩकयाजासकताहै, जहांĤ×येक
अनुरोधकेअनुǾपऑपरेǑटंगͧसèटमयहǓनधा[ǐरतकरेगाͩकͧसèटमसुरͯ¢तिèथǓतमɅ हैयानहȣं।
औरयǑदवाèतवमɅ Ĥणालȣ एकसुरͯ¢तिèथǓतमɅ हैजोदशा[तीहैͩकसंसाधनɉ काएककाय[Đमहै
ताͩकसभीअनुरोधǑदएजासकɅ , तोअनुरोधआवंǑटतͩकएजातेहɇ।अÛयथाअनुरोधबादमɅ èथͬगत
कर Ǒदया गया है।
गǓतरोधɉ/डेडलॉÈस (deadlocks) को रोकने का तीसरातरȣकाडेडलॉकͪĤवɅशन(Deadlock
Prevention) के ǾपमɅ जानाजाताहै।अǓनवाय[ Ǿपसेहमͧसèटमकोͫडजाइनकरके
गǓतरोधɉ/डेडलॉÈस(deadlocks) कोरोकतेहɇ जहां4 िèथǓतयɉ मɅ सेएकसंतुçटनहȣंहै।इसͧलए, हमने
इन4 िèथǓतयɉ कोदेखाहैऔरयेऐसीिèथǓतयांहɇ जोगǓतरोध/डेडलॉक(deadlock) होनेकेͧलए
आवæयकहɇ।ͧसèटममɅ इनशतɟ मɅ सेͩकसीएककोहोनेसेरोकनेसे, हमइसͧलएगǓतरोधɉ/डेडलॉÈस
(deadlocks) कोरोकसकतेहɇ।उदाहरणकेͧलए, यǑदहमएकऐसीĤणालȣ तैयारकरतेहɇ जहांहोãड
औरवेट(Hold and Wait) कȧ िèथǓतसंतुçटनहȣंहोसकतीहै, तोयहĤͩĐयाͩकसीअÛयसंसाधनकȧ
Ĥती¢ाकरतेसमयसंसाधननहȣंरखसकतीहै, ऐसेͧसèटममɅ गǓतरोध/डेडलॉक(deadlock) नहȣं
होगा।तो, आइएͪवͧभÛनतरȣकɉ कोदेखɅ िजसमɅ हमवाèतवमɅ इनिèथǓतयɉ मɅ सेͩकसीएककोहोने
से रोक सकते हɇ।
इसͧलए‘आपसीबǑहçकरण’/’àयूचुअलएÈसÈलूशन’ (Mutual Exclusion) कोरोकना, इसͧलए
अßयासमɅ यहसंभवनहȣंहै।हमआपसीबǑहçकरणकोहमेशारोकनहȣंपाएंगे।उदाहरणकेͧलए, ͪĤंटर
संसाधनकामामलालɅ तो; इसेहमेशाͩकसीͪवशेषĤͩĐयाकेअनुǾपकामयाͪĤंटकरनेकȧ
आवæयकताहोतीहै।इसͧलए, इसेदोĤͩĐयाओंकेसाथसाझानहȣंͩकयाजासकताहैजबतकͩक
इसमɅ कोईèपूलमौजूदनहो।हालांͩक, यहकहाजारहाहैͩकऑपरेǑटंगͧसèटमयहसुǓनिæचतकर
सकता है ͩक संसाधनɉ को आवंǑटत ͩकया गया है।
तोचͧलएहोãडऔरवेट(Hold and Wait) देखतेहɇ ।इसͧलए, इसेĤाÜतकरनेकाएकतरȣकायहहैͩक
सभीĤͩĐयाओंकोǓनçपाǑदतकरनेसेपहलेअपनेसंसाधनɉ काअनुरोधकरनेकȧ आवæयकताहो।
इसͧलए, यहèपçटǾपसेसंसाधनɉ काइçटतमउपयोगनहȣंहैऔरǓनçपादनकȧ शुǽआतकेदौरान
संसाधन आवæयकताओं को जानना भी संभव नहȣं हो सकता है।
अब, तीसरेतरȣकेकोदेखतेहɇ इसमɅ पूव[-खालȣ नहȣंकरनाहै।इसͧलए, ͪĤंटरèपूलɮवारासंसाधनɉ के
आभासीकरणजैसेसंसाधनɉ कोपूव[-खालȣ करɅ।तो, एकͪĤंटरèपूलमɅ हमएकहȣ समयमɅ मुǑġतहोने
केͧलएदèतावेज़भेजनेकेकईĤͩĐयाएंकरसकतेथे।इसͧलए, इनसभीदèतावेजɉ कोͪĤंटरमɅ èपूल
या बफर ͩकया गया है और अंततः Ĥ×येक दèतावेज़ को एक के बाद एक मुǑġत ͩकया जाता है।
अंǓतमतकनीकिजसेहमलͯ¢तकरसकतेहɇ वहसकु[ लरĤती¢ाहै।इसͧलएइसेरोकनेकाएकतरȣका
यहहैͩकसंसाधनधारणकरनेवालȣ ĤͩĐयासंसाधनकोपकड़नहȣंसकतीहैऔरएकहȣ समयमɅ
ͩकसीअÛयकेͧलएअनुरोधनहȣंकरसकतीहै।सकु[ लरĤती¢ाकोरोकनेकादूसरातरȣकाͩकसीͪवशेष
Đम मɅ अनुरोधɉ का आदेश दे रहा है - या तो अनुĐͧमक या पदानुĐͧमत Đम।
तोआइएसंसाधनɉ केपदानुĐͧमकĐमकोदेखɅ।यहांसंसाधनɉ कोउनèतरɉ मɅ समूहȣकृतͩकयाजाता
हैअथा[त्उÛहɅ कुछसंÉया×मकमानसेĤाथͧमकतादȣ जातीहै।एकĤͩĐयाकेवलउÍचèतरपर
संसाधनɉ काअनुरोधͩकसीभीसंसाधनकेमुकाबलेजोवहवत[मानमɅ रखताहै, करसकतीहै, और
ͩकसीभीĐममɅ संसाधनजारȣ ͩकएजासकतेहɇ।उदाहरणकेͧलए, आइएहमकहɅ ͩकहमारेपास
सेमाफोस[ एस1, एस2 औरएस3 (S1, S2 and S3) Ĥाथͧमकताएंबढ़तेĐममɅ हɇ अथा[त्एस3 (S3) कȧ
सवȾÍचĤाथͧमकताहै, जबͩकएस1 (S1) सबसेकमĤाथͧमकताहै।तो, आइएहमकहɅ ͩकएकĤͩĐया
सैमफोरअनुरोधएस1, एस2 औरएस3 (S1, S2 and S3) केइसͪवशेषअनुĐमकोबनातीहै।
इसͧलए, हमदेखतेहɇ ͩकएकआदेशकापालनͩकयाजाताहैͩकएस2 (S2) एस1 (S1) सेअͬधकहै,
औरएस3 (S3) एस2 (S2) सेअͬधकहै।तो, इसतरहकेआवंटनकȧ अनुमǓतदȣ जानीचाǑहए।
हालांͩक, इसमामलेमɅ जहांहमारेपासपहलाएस1 (S1) हैतोएस3 (S3) औरͩफरएस2 (S2) है,
इसͧलए इस ͪवशेष मामले मɅ आवंटन कȧ अनुमǓत नहȣं है Èयɉͩक ऑड[ǐरंग को बनाए रखा नहȣं जाता है।
धÛयवाद।"
34,0,,"ऑपरेǑटंग ͧसèटम (Operating System) का पǐरचय
Ĥोफेसर चेèटर रेबेरो
संगणक ͪव£ान और अͧभयांǒğकȧ ͪवभाग
भारतीय Ĥौɮयोͬगकȧ संèथान, मġास
सÜताह - 07
åयाÉयान - 33
Ġेडस/Threads (हãकेवजन ĤͩĐयाएं) (Light Weight Processes)
खंड 1 (Part 1)
इसͪवशेषसमèयापरͪवचारकरɅ।यǑदयहएकआदमीएककाय[ करनेकेͧलए10 Ǒदनलेताहै, तोएक
हȣ काय[ करनेकेͧलए10 पुǽषɉ कोͩकतनेǑदनलगेगा? इसͧलए, हमनेसभीèकूलकेǑदनɉ केदौरान
ऐसीसमèयाएंकȧ हɇ, औरउƣरगणनाकरनेकेͧलएकाफȧ सरलहै।अǓनवाय[ Ǿपसेयहकाय[ करनेके
ͧलए 10 पुǽष, 1 Ǒदन लɅगे।
अबकाय[ बहुततेज़ीसेकȧ जातीहैÈयɉͩक10 पुǽषसमानांतरमɅ कामकररहेहɇ।इसͧलए, Ĥ×येक
åयिÈतकोͧसफ[ पूरेकाय[ कादसवांǑहèसाकरनाहोगाऔरपूरȣ काय[ ͧसफ[ एकहȣ ǑदनमɅ पूरȣ हो
जाएगी।इसͧलए, समानांतरताकȧ यहवहȣ अवधारणाकंÜयूटरͧसèटममɅ बड़ेपैमानेपरलागूहोतीहै।
अǓनवाय[ Ǿपसे, कंÜयूटरͧसèटममɅ समानांतरअनुĤयोगɉ केĤदश[नमɅ सुधारकेͧलएअÈसरउपयोग
ͩकयाजाताहै।तो, ÈयाͩकयाजाताहैͩकयǑदकोईबड़ीकाय[ करनेकेͧलएहै, तोहमइसेͧसèटममɅ
समानांतरकरɅगे।इसͧलएͩकͪवͧभÛनकंÜयूǑटंगइकाइयां, येकंÜयूǑटंगइकाइयांहɇ जोबहुतछोटȣ हɇ और
बड़ीकाय[ काएकछोटासाǑहèसाकरतीहɇ औरयेकंÜयूǑटंगइकाइयांसमानांतरमɅ ǓनçपाǑदतहोतीहɇ
और सभी एक साथ ͧमलकर काय[ अͬधक तेज़ी से पूरा कर दɅगे।
इसͧलए, इनǑदनɉ समांतरताकोकईकंÜयूटरहाड[वेयरɮवाराåयापकǾपसेसमͬथ[तͩकयाजाताहै।
असलमɅ, ऐसेकुछहाड[वेयरहɇ जोमौजूदहɇ िजÛहɅ जीपीयू(GPUs) याĒाͩफÈसĤसंèकरणइकाइयां
कहाजाताहैजोसमानांतरमɅ हजारɉ कायɟ कोकरनेमɅ स¢महɇ।इसͧलए, इनमɅ सेĤ×येककाय[ एक
बड़ीकाय[ काएकबहुतहȣ छोटाǑहèसाहै, लेͩकनतØययहहैͩकइनसभीकायɟ कोसमानांतरमɅ ͩकया
जाता है, यह बड़ी काय[ को पूरा करने के ͧलए बहुत कम समय ĤाÜत करेगा।
समानांतरताकरतेसमयअब​एकमह×वपूण[ Ǔनमा[णĠेͫडंगयाĠेडहोताहै, धागे/सूğɉ/Ġेडस(threads)
अǓनवाय[ ǾपसेǓनçपादनइकाईहोतेहɇ, जोͩकͪपछलेवीͫडयोमɅ अÚययनकȧ गईĤͩĐयाओंकȧ तरह
बहुतअͬधकहै।हालांͩक, धागे/सूğɉ/Ġेडस(threads) बेहदहãकेवजनĤͩĐयाएंहɇ, औरइÛहɅ अǓनवाय[
Ǿप से समानांतर बनाने के ͧलए उपयोग ͩकया जाता है।
इसवीͫडयोमɅ हमĠेडस(threads) केबारेमɅ देखɅगेऔरअǓनवाय[ ǾपसेĠेडस(threads) केͧलएएक
पǐरचयĤदानकरɅगे।इसͧलए, वीͫडयोकवरकरेगाͩकĠेडकैसेबनाएजातेहɇ औरनçटहोतेहɇ, यह
ĤͩĐयाओंसेअलगकैसेहोताहै, औरͪवͧभÛनऑपरेǑटंगͧसèटमअलग-अलगतरȣकɉ सेĠेडका
समथ[न कैसे करते हɇ।
तोआइएइसͪवशेषवीͫडयोकोउदाहरणकेसाथशुǾ करɅ।तोआइएहमइसͪवशेषकाय[Đमपरͪवचार
करɅ, अǓनवाय[ Ǿपसेहमारेयहांएकफ़ंÈशन‘ऐड’ (‘add’) हैिजसेमुÉय/मेन(main) सेबुलायागयाहै
औरunsigned long लौटाताहै।तो, यहफ़ंÈशनसबकोजोड़ताहै, बसपहले10 ͧमͧलयनपॉिजǑटव
पूणाɍकजोड़ताहैऔरयोगयहांपरवापसआजाताहै, औरमुÉयफ़ंÈशनमɅ मुǑġतहोताहै।तोजाǑहर
है, इसͪवशेषकाय[Đमको0 से10 ͧमͧलयनसेĤ×येकनंबरकेमाÚयमसेͩफरसेचलानेकेǒबना, एक
औरअͬधकअलगऔरअͬधकआसानतरȣकेसेͧलखाजासकताहै।हालांͩक, Ġेडस(threads) को
समझने के ͧलए रहने के ͧलए, आइए हम इस ͪवशेष काय[Đम के साथ जाएं।
इसͧलए, हमनेͪपछलेवीͫडयोमɅ जोदेखाहैवहयहहैͩकजबहमइसकाय[Đमकोͧलखनेकेबाद, हम
एककंपाइलरकाउपयोगकरतेहɇ जैसेजीसीसी(gcc) जोǓनçपादनयोÊयबनाताहैऔरͩफरǓनçपादन
योÊयĤͩĐयाबनानेकेͧलएचलायाजाताहै।इसͧलए, आͨखरमɅ एकऐसीĤͩĐयाहोगीिजसमɅ इसकȧ
अपनीमेमोरȣ èपेसहोऔरइसकाǑहèसारैम(RAM) मɅ होऔरअबहमɅ यहदेखनेदɅ ͩकÈयाहोगायǑद
यहĤͩĐया4 अलगĤोसेसरकेसाथͧसèटमपरǓनçपाǑदतकȧ जातीहै।तो, ÈयाहोताहैͩकऑपरेǑटंग
ͧसèटममɅ शेɬयूलरइसĤͩĐयाकोलेनेजारहाहैऔरइसेइनĤोसेसरमɅ सेएककोअसाइनकररहा
है।इसͧलए, हमेशाएकबारइसĤͩĐयाकोआवंǑटतकरनेकेबादइनĤोसेसरमɅ सेएकमɅ ǓनçपाǑदत
ͩकयाजाएगा, औरशायदहȣ कभीयहĤͩĐयाअÛयĤोसेसरमɅ माइĒेटहोसकतीहै, लेͩकनहमɅ इसके
बारे मɅ ͬचंǓतत न होने दɅ।
अब, हमयहांÈयादेखतेहɇ ͩकहमारेपासͧसèटममɅ 4 Ĥोसेसरमौजूदहɇ, ͩफरभीयहसंपूण[ काय[Đम
िजसेहमͧसèटमपरǓनçपाǑदतकरनेमɅ काफȧ समयलेतेहɇ।बसएकअÛयĤोसेसरपरचलताहैजो
अÛय3 ĤोसेसरकोकुछअÛयकाय[ करनेकेͧलएखालȣ छोड़देताहै।इसĤकारइसपूरेकाय[Đमका
Ǔनçपादनसमयकाफȧ बड़ाहोगाÈयɉͩकयहयोगĐमशः1 से10 ͧमͧलयनसेसभीसंÉयाओंके
माÚयमसेअनुĐͧमकतरȣकेसेͧमलकरͧमलताहैजैसाͩकइसͪवशेषǾपसेलूपमɅ ͩकयाजाताहै।
इसͧलए, यहदेखतेहुएͩकहमारेपास4 Ĥोसेसरकेसाथहाड[वेयरहै, यहइसͪवशेषकाय[Đमकोͧलखने
काएकबहुतअÍछातरȣकायाĤभावीतरȣकानहȣंहै।तो, हमइसकाय[Đमकोसमानांतरबनानेकेͧलए
और इन सभी 4 Ĥोसेसर पर ǓनçपाǑदत करने के ͧलए बेहतर Èया कर सकते हɇ।
तो, हमÈयाकरɅगेयहहैͩकहम10 ͧमͧलयननंबरलɅगेऔर4 ͧमͧलयनके4 Èवाट[रĤाÜतकरनेके
ͧलएइसे4 सेͪवभािजतकरɅगे।तो, तोहम4 ĤͩĐयाएंबनाएंगेऔरĤ×येकĤͩĐयाइनसंÉयाओंकȧ एक
चौथाईकेमाÚयमसेलूपहोगी; इसकामतलबहै, पहलȣ ĤͩĐया0 से2.5 ͧमͧलयनकȧ संÉयाके
माÚयमसेलूपहोगीऔरइनसभीसंÉयाओंकायोगपायेगी, ĤͩĐया2 कोसंÉयाओंकȧ संÉया2.5
ͧमͧलयनसे5 ͧमͧलयनͧमलजाएगी, एकĤͩĐया3 सेसंÉयाओंकȧ संÉयाͧमलजाएगी5 ͧमͧलयनसे
7.5 ͧमͧलयन और ĤͩĐया 4 को संÉयाओं कȧ संÉया 7.5 ͧमͧलयन से 10 ͧमͧलयन ͧमल जाएगी।
इसͧलएयǑदहमइसतरहसे4 ĤͩĐयाएंबनानेमɅ स¢महɇ, तोजबहमइन4 ĤͩĐयाओंकोǓनçपाǑदत
करतेहɇ, तोयहऐसाकुछहोगा।इसͧलए, इन4 ĤͩĐयाओंमɅ सेĤ×येकĤणालȣ/ͧसèटम(system) मɅ
एकअलगĤोसेसरपरǓनçपाǑदतहोतीहैऔरइनमɅ सेĤ×येकĤͩĐयाकेवल10 ͧमͧलयनसंÉयाओंकȧ
पूरȣ Įृंखलाकेयोगकोखोजनेकेबजाय2.5 ͧमͧलयनसंÉयाओंकȧ राͧशखोजनेकाएकछोटासाकाम
करती है।
इसकेअलावा, चूंͩकĤ×येकĤͩĐयाअपनेĤोसेसरमɅ Ǔनधा[ǐरतहोतीहै, इसͧलएहमɅ समांतरताͧमलती
है।इसĤकारकोईउàमीदकरेगाͩक10 ͧमͧलयनसंÉयाओंकेयोगकोखोजनेकापूराकाय[Đम4 गुना
तेजीसेपूराͩकयाजासकताहै।इसͧलए, यहसमांतरताकȧ हमारȣ समèयाकोहलकरनेजैसालगताहै
औरयहͧसèटममɅ मौजूदĤोसेसरकाअͬधकĤभावीढंगसेउपयोगकरेगा।औरकुछͪवशेषगुणजो
हमारेपासइसͪवशेषǺिçटकोणकेहɇ, Ǔनàनानुसारहɇ।इसͧलए, इसͪवशेष4 ĤͩĐयाओंकोबनानेके
ͧलएहमɅ 4 फोक[ ͧसèटमकॉल(system call) कȧ आवæयकताहोगी।इसͧलए, Ĥ×येकफोक[ ͧसèटम
कॉल (system call) िजÛहɅ हम बुलाते हɇ इन ĤͩĐयाओं मɅ से एक को बनाता हɇ।
इसकेअलावाहमतेजीसेबढ़नेयासमानांतरताĤाÜतकरनेकेइसͪवशेषमॉडलकȧ एकऔरसंपͪƣ
देखतेहɇ, यहहैͩकइनमɅ सेĤ×येकĤͩĐयाएक-दूसरेसेअलगहोतीहै।याǓनͩकĤ×येकĤͩĐयामɅ
Ǔनदȶशɉ, डेटा, ढेरऔरढेरकाअपनासेटहोताहैऔरइसĤͩĐयामɅ इनखंडɉ कोइसĤͩĐयामɅ अÛय
ĤͩĐयाओं के बीच से अलग ͩकया जाता है।
इसकेबादइसअलगावकेकारणहमɅ इंटरĤͩĐयासंचारतकनीकɉ कȧ आवæयकताहोतीहै, जैसाͩक
हमनेदेखाहैएकĤͩĐयाकेसाथएकĤͩĐयाकेसाथसंवादकरनेकेͧलएएकͪपछलावीͫडयो।
इसͧलए, हमनेदेखाहैͩकआईपीसी(IPCs) कईतरȣकɉ सेहाͧसलͩकयाजासकताहै।इसͧलए, एक
तरȣकाहैͧसèटमकॉलभेजनाऔरĤाÜतकरनाऔरऑपरेǑटंगͧसèटमएकचैनलबनानेमɅ मददकरेगा
िजसकेमाÚयमसेआईपीसी(IPCs) ĤाÜतͩकएजासकतेहɇ।अÛयतरȣकɉ मɅ साझामेमोरȣ हɇ, इस
मामलेमɅ ͧसèटमकॉल(system call) केउपयोगसेइनĤͩĐयाओंमɅ सेएकमɅ एकसाझाèमृǓत/शेयड[
मेमोरȣ (shared memory) बनाईजातीहैऔरइससाझाèमृǓत/शेयड[ मेमोरȣ (shared memory) का
उपयोग ĤͩĐयाओं के बीच आईपीसी (IPC) के ͧलए ͩकया जा सकता है।
इसकेअलावा, चूंͩकĤͩĐयामɅ ͪवͧभÛनचरणɉ हɇ, जैसेǓनमा[ण, नçटकरनायाफ़ाइलसंचालनआǑद।
इसͧलए, इनसभीĤͩĐयाĤबंधनगǓतͪवͬधयɉ कोͧसèटमकॉल(system call) केमाÚयमसेͩकया
जाताहै।औरआͨखरȣ ǒबंदुजैसाͩकहमनेउãलेखͩकयाहै, Ĥ×येकĤͩĐयामɅ अपनाअलगèमृǓत
मानͬचğ हैिजसमɅ Ǔनदȶश, डेटा, ढेरऔरढेरशाͧमलहɇ।अब, हमइनगुणɉ सेइनसभीकेबीचÈया
देखतेहɇ ͩकइससमèयाकोहलकरनेमɅ शाͧमलबहुतसेͧसèटमकॉल(system call) हɇ इसͪवशेष
तरȣके से अथा[त् कई ĤͩĐयाओं के ɮवारा समांतरता करने के ͧलए ।
औरजैसाͩकहमनेपहलेकेवीͫडयोमɅ देखाहै, इनͧसèटमकॉलɉ मɅ काफȧ ओवरहेडहɇ।इसͧलए, हरबार
जबइनमɅ सेएकĤͩĐयाͧसèटमकॉल(system call) कोआमंǒğतकरतीहैतोपǐरणामèवǾप
ऑपरेǑटंगͧसèटमकोǓनçपाǑदतͩकयाजारहाहै, सॉāटवेयरजालऔरऑपरेǑटंगͧसèटमकेकारण
ǑĚगरͩकयाजारहाहै, ͩफरयहǓनधा[ǐरतकरताहैͩकͧसèटमकॉल(system call) ͩकसĤकारबुलाया
गयाहैऔरइसीͧसèटमकॉल(system call) हɇडलरकोǓनçपाǑदतͩकयाजाएगा।इसͧलए, जैसाͩक
हमने पहले के वीͫडयो मɅ देखा है, यह पूरȣ ĤͩĐया काफȧ काफȧ हो सकती है।
एकअÛयउपरांतइसतØयसेआताहैͩकइन4 ĤͩĐयाओंकाएकबड़ाǑहèसासमानहै।उदाहरणके
ͧलए, इनसभी4 ĤͩĐयाओंमɅ Ǔनदȶशɉ काएकहȣ सेटहोगाजोवेसंचाͧलतकरतेहɇ औरसाथहȣ वहȣ
सरणीभीहोसकतीहै, जोवेएÈसेसकररहेहɇ, वहȣ वैिæवकडेटाजोवेएÈसेसकररहेहɇ औरइसͧलए,
हमÈयादेखतेहɇ वहयहहैͩकवहांǓनदȶशɉ औरडाटाकȧ समानĤǓतͧलͪपयांहɇ जोकȧ समानांतरमɅ
काय[ ǓनçपाǑदतकरनेवालȣ कईĤͩĐयाओंकेकारणहोरहȣ हɇ।तो, Èयाऐसाकोईतरȣकाहैिजससेहम
इससेबेहतरकरसकɅ ? Èयाकोईतरȣकाहैͩकहमसमाधानकरसकतेहɇ, जहांसमांतरतामɅ मौजूद
ओवरहेडकȧ माğाकमहोसकतीहै? इसͧलए, इसेĤाÜतकरनेकेͧलए, Ġेͫडंगकȧ अवधारणाकाउपयोग
ͩकया जाता है।
तो, पहलेकȧ तरहĠेͫडंगकेसाथ, हम10 ͧमͧलयनकȧ पूरȣ जगहको2.5 ͧमͧलयनके4 भागɉ मɅ
ͪवभािजतकरतेहɇ।लेͩकनजैसाͩकहमनेपहलेͩकयाहै, 4 ĤͩĐयाओंकोबनानेकेबजाय, हमकेवल
एकĤͩĐयातैयारकरɅगेऔरइसĤͩĐयाकेभीतरहमǓनçपादनइकाईबनातेहɇ िजसेहमधागे/सूğ/Ġेड
कहतेहɇ।इसͧलए, इनमɅ सेĤ×येकधागे/सूğɉ/Ġेडस(threads) ͪपछलेͪवचारकȧ तरहहैजहांसमांतर
ĤͩĐयाओंकाउपयोगकरनाहै, िजनमेएकलूपहोगाजोकामकेएकचौथाईभागकोकरेगाअथा[त
इनमɅ मɅ से Ĥ×येक Ġेड (thread) को 2.5 ͧमͧलयन संÉयाओं का योग ͧमलेगा।
तो, ͬचğमयǾपसेयहवहȣ Ǒदखनेवालाहै।इसͧलए, हमारेपास1 ĤͩĐयाहै, इसͧलए, इस1 ĤͩĐयाका
अथ[ यहहोगाͩकइसमɅ Ǔनदȶशɉ काएकसेट, वैिæवकडेटा/Êलोबलडाटा(global data), हȣप(heap) और
अÛयखंडहɇ, औरइसĤͩĐयाकेभीतरहमारेपास4 ‘Ǔनçपादनसंदभ[’/ एÈसेÈयूǑटंगकॉÛटेÈèट
(एÈसेÈयूǑटंगकॉÛटेÈèट) हɇ।इसͧलए, ये4 Ǔनçपादनसंदभ[ 4 Ġेडस(threads) हɇ औरवेͪवशेषĤͩĐया
केभीतरǓनçपाǑदतहोतेहɇ।औरइनमɅ सेĤ×येकĠेडस(threads) कोएकअलगĤोसेसरमɅ ǓनçपाǑदत
ͩकयाजाताहैयाआमतौरपरएकअलगĤोसेसरमɅ ǓनçपाǑदतͩकयाजाताहै।उदाहरणकेͧलए, लाल
सूğ Ĥोसेसर1 मɅ जाताहैऔरयहांǓनçपाǑदतहोताहै, नीलासूğ (threads) Ĥोसेसर2 मɅ जाताहै, हरेऔर
पीले Đमशः Ĥोसेसर 3 और 4 मɅ जाते हɇ।
इसĤकारहमडस(threads) काउपयोगकरकेसमांतरता/ पैरेललाइज़ेशन(parallelization) ĤाÜत
करनेमɅ स¢महɇ।इसͧलए, यहसमांतरताͪपछलȣ èलाइडमɅ हमनेजोदेखाहै, समानांतरĤͩĐयाके
संबंधमɅ काफȧ समानहै।हालांͩक, यहकमओवरहेɬसहै।इसͧलए, समानांतरताकेइसͪवशेषĠेड
मॉडलकेगुणǓनàनानुसारहɇ।चूंͩकहमनेयहांकेवलएकĤͩĐयाबनाईहै, इसͧलए, हमɅ इसĤͩĐयाको
बनानेकेͧलएकेवलएकफोक[ ͧसèटमकॉल(system call) कȧ आवæयकताहै।अब4 Ġेडबनानेके
ͧलएइसͪवशेषĤͩĐयाकेभीतर, हमलाइĦेरȣ कॉलकाउपयोगकरसकतेहɇ जैसेͩक“पीĠेडͩĐएट”
(“Pthread create”) िजसे ͧसèटमकॉल(system call) कȧ आवæयकताहोसकतीहैयानहȣं हो
सकती है।
इसके अलावा, ͪपछलȣ èलाइड से ‘ĤͩĐया समांतरता’/’Ĥोसेस पैरेललाइज़ेशन’ (‘process
parallelization’) केसंबंधमɅ एकबड़ाअंतरयहहैͩकयेĠेडस(threads) एक-दूसरेसेअलगनहȣंहोते
हɇ।तो, इसकामतलबयहहैͩकचूंͩकयहसभी4 धागे/Ġेडस(threads) एकहȣ ĤͩĐयाèथानमɅ
ǓनçपाǑदतहोतेहɇ, इसͧलए, येĠेडस(threads) ĤͩĐयाखंडजैसेहȣपसेगमɅटऔरवैिæवकडेटातक
पहुंचसकतेहɇ।यहभीसंभवहैͩकइसĤͩĐयामɅ Ǔनदȶशयापाठ/टेÈèटखंडकोͪवͧभÛनĠेडस
(threads) के बीचभीसाझाͩकयाजाए।अबअलग-अलगĠेडस(threads) अलग-अलगहɇ या
अलग-अलगĠेडस(threads) Èयाहɇ ͩकइनĠेडस(threads) मɅ सेĤ×येककाअपनाढेरहोगाऔर
इसकाअपनाढेरहोनेसेइसेअपनाǓनçपादनसंदभ[ ͧमलजाएगा।इसͧलए, इनमɅ सेĤ×येकĠेडफ़ंÈशन
कॉलकेबारेमɅ जानकारȣ संĒहȣतकरनेकेͧलएèथानीयचरबनानेकेसाथ-साथकरनेकेͧलएèटैकका
उपयोग करने मɅ स¢म होगा।
उदाहरणकेͧलए, इनĠेडस(threads) काआगेĤबंधन, ͩकसीअÛयĠेडस(threads) कȧ Ĥती¢ाया
ĠेडसेबाहरǓनकलनेकेͧलए, ͧसèटमकॉल(system call) करनेकȧ आवæयकतानहȣंहोसकतीहै।तो,
अब हम इन Ġेडस (threads) को और अͬधक ͪवèतार से देखɅगे।
तोआइएहमइसेइसͪवशेषआकृǓतसेदेखɅ।तो, हमारेपासयहएकलĤͩĐयाहैऔरइसͪवशेषĤͩĐया
केभीतरहमारेपासकईĠेडस(threads) हɇ।तो, येइसĤͩĐयाकाǓनçपादनसंदभ[/ हɇ।इसͧलए, इन
ǓनçपादनमɅ सभीएकहȣ कोडसाझाकरतेहɇ, औरउसीवैिæवकडेटा(global data) औरĤͩĐयाकेढेर/
हȣप(heap) तकपहुंचĤाÜतहोतीहै, औरसाथहȣ उÛहɅ उसीफाइलतकपहुंचहोगीजोĤͩĐयाɮवारा
खोलेजातेहɇ।तो, ÈयादूसरेसेएकĠेडकोअलगकरताहैͩकĤ×येकĠेड(thread) काअपनाèटैक
(stack) होताहैजोयहèथानीयवेǐरएबलस(local variables) केͧलएऔरफ़ंÈशनकॉलकेͧलए
उपयोग करता है।
तोइनĠेडस(threads) कोǓनçपादनसंदभ[ केǾपमɅ वͨण[तͩकयागयाहैऔरइनमɅ सेĤ×येकĠेड
ͧसèटममɅ मौजूदĤोसेसरमɅ सेͩकसीएकपरचलानेकेͧलएशेɬयूलͩकयाजासकताहै।यायहभी
संभवहोसकताहैͩकयेĠेडएकहȣ ĤोसेसरपरǓनधा[ǐरतहɇ, अलग-अलगसमय¢णɉ परहɉगे।अब
Ĥ×येकधागाएकदूसरेसेलगभगèवतंğ ǾपसेǓनçपाǑदतकररहाहै, इसͧलएयहांपरयहरिजèटरĠेड
के Ǔनçपादन संदभ[ को दशा[ता है।
इसͧलए, जैसाͩकहमनेदेखाहै, Ĥ×येकĠेडस(threads) काअपनाǓनçपादनसंदभ[ है।इसͧलएइस
Ġेडस(threads) केǓनçपादनसंदभ[ मɅ ईआईपी(EIP) औरईएसपी(ESP) रिजèटरजैसेरिजèटरɉ का
एकसेटशाͧमलहै।इसीĤकारइसĠेडस(threads) केǓनçपादनसंदभ[ मɅ èटैकऔररिजèटरमान
शाͧमलहɇ।इसͧलए, येरिजèटरमान‘संदभ[ बदलाव’/’कॉÛटेÈèटिèवच’ (‘context switch’) केबादया
उसके दौरान Ġेडस (threads) को रोकने और पुनरारंभ करने मɅ मदद करɅगे।
अब, ĤͩĐयाओं पर Ġेडस (threads) होने का Ĥमुख लाभ Èया है?
तोयहवाèतवमɅ इसͪवशेषèलाइडसेदेखाजाताहै; अǓनवाय[ Ǿपसेसबसेमह×वपूण[ अंतरइसतØय
परआताहैͩकĠेडĤͩĐयाओंकȧ तुलनामɅ बहुतहãकेवजनकेहोतेहɇ।उदाहरणलेनेकेͧलएहमɅ इस
ͪवशेषताͧलकापरएकनज़रडालɅ, जोफोक[ ͧसèटमकॉल(fork system call) काउपयोगकरके
50,000 ĤͩĐयाओंकोबनानेकेͧलएआवæयकसमयǑदखाताहैऔरयह, इसकȧ तुलना, उसीमशीन
पर50,000 Ġेडस(threads) बनानेकेसाथकरताहै।तो, हमइनमशीनɉ मɅ सेͩकसीएकउदाहरणके
ǾपमɅ लेतेहɇ।आइएहमपहलेकोदेखɅ औरहमÈयादेखतेहɇ औरयǑदआपइसͪवशेषकॉलममɅ देखते
हɇ, जोफोक[ ͧसèटमकॉल(fork system call) काउपयोगकरके50,000 ĤͩĐयाओंकोबनानेकेͧलए
ͧलयागयासमय8.1 Ǒदखाताहै।दूसरȣ तरफ, उसीमशीनपर50,000 Ġेडस(threads) बनानेकेͧलए
केवल 0.9 का समय आवæयक है।
तोहमदेखतेहɇ ͩकĠेडबनानाĤͩĐयाओंकोबनानेसेकहȣंअͬधककुशलहै।इसीतरहयǑदहमवाèतव
मɅ अÛयपǐरचालनɉ काभीͪवæलेषणकरतेहɇ, तोहमसमझɅगेͩकĤͩĐयाओंकेĤबंधनसेĠेडस
(threads) बनानाऔरĤबंͬधतकरनाअͬधकहãकाहै।Ġेडस(threads) काएकअÛयमह×वपूण[ लाभ
यहहैͩकवेǓनçपादनइकाइयɉ केबीचकुशलसंचारकȧ अनुमǓतदेतेहɇ।उदाहरणकेͧलए, हमने
ĤͩĐयाओंमɅ देखाहैÈयɉͩकĤ×येकĤͩĐयाएक-दूसरेसेअलगहोतीहै, इसͧलएĤͩĐयाओंकोसंवाद
करनेकाएकमाğ तरȣकाआईपीसी(IPC) ɮवाराͩकयाजाताहै, औरजैसाͩकहमनेदेखाहैͩकआईपीसी
(IPC) मɅ ͧसèटमकॉल(system call) काथोड़ासाǑहèसाशाͧमलहै।तो, उदाहरणकेͧलए, आईपीसी
(IPC) पासकरनेवालेसंदेशमɅ जहांहमभेजतेहɇ औरĤाÜतकरतेहɇ; Ĥ×येकभेजनाऔरĤाÜतकरना
एक ͧसèटम कॉल (system call) है और इसमɅ मह×वपूण[ ओवरहेɬस हɇ।
इसीतरहसाझाèमृǓत/शेयड[ मेमोरȣ (shared memory) आईपीसी(IPC) केͧलए, साझाèमृǓत/शेयड[
मेमोरȣ (shared memory) कोबनानेऔरĤबंͬधतकरनेकेͧलएͧसèटमकॉल(system call) ɮवारा
ͩफरसेͩकयाजाताहै, ͩफरसेओवरहेडहोताहै।दूसरȣ तरफएकहȣ ĤͩĐयामɅ दोĠेडस(threads) के
बीचसंचारबेहदआसानीसेͩकयाजासकताहै, इसकाकारणयहहैͩकĤͩĐयाकेवैिæवक/Êलोबल
(global) डेटाकोͪवͧभÛनĠेडस(threads) केबीचसाझाͩकयाजाताहैऔरइसकामतलबहैͩक
Ĥ×येकĠेडकȧ ĤͩĐयामɅ वैिæवक/Êलोबल(global) डेटा तकपहुंचहै।इसͧलए, एकहȣ ĤͩĐयामɅ
सूğɉ/Ġेडस(threads) केबीचसंचारसाझावैिæवक/Êलोबल(global) डेटाके माÚयमसेयाइसीतरह
ĤͩĐया के साझा हȣप (heap) के माÚयम से आसानी से हाͧसल ͩकया जा सकता है।
Ġेडस(threads) काएकऔरबड़ाफायदायहहैͩकयहĤभावीसंदभ[ बदलाव/कॉÛटेÈèटिèवͬचंग
(context switching) मɅ पǐरणामदेताहै।इसͧलए, जबहमएकĤͩĐयासेदूसरȣ ĤͩĐयामɅ
िèवच/बदलावकरतेहɇ, तोसंदभ[ बदलाव/कॉÛटेÈèटिèवͬचंग(context switching) समयकाफȧ
मह×वपूण[ हैÈयɉͩकĤͩĐयािèथǓतकाफȧ बड़ीहै।इसकेअलावाहमɅ टȣएलबी(TLB) कȧ आवæयकता
होतीहै, हमनेÝलश(flush) ͩकयाहैऔरनईĤͩĐयाकेͧलएपृçठसारणी/पेजटेबल(page table)
सͩĐयहोगईहैऔरयहĤͩĐयाइसनईपेजताͧलकाकोͩफरटȣएलबी(TLB) मɅ लोडकरेगीऔरइसी
तरह।दूसरȣ तरफ, एकĠेडसेदूसरेमɅ िèवचकरनेकेͧलएसबसेपहलेसंदभ[/कॉÛटेÈèट(context) कȧ
एकछोटȣ बचत/सेͪवंग(saving) कȧ आवæयकताहोतीहै, ÈयɉͩकĠेडकासंदभ[/कॉÛटेÈèट(context)
ĤͩĐयाकȧ तुलनामɅ बहुतछोटाहोताहै।इसͧलए, Ġेडस(threads) केबीचिèवचकरतेसमय
संदभ[/कॉÛटेÈèट(context) कȧ कममाğाकोसहेजनेकȧ आवæयकताहोतीहै।इसͧलए, Ġेडस
(threads) संदभ[ बदलाव/कॉÛटेÈèट िèवͬचंग (context switching) तेजी से होगा।
औरĠेडस(threads) मɅ संदभ[ बदलाव/कॉÛटेÈèटिèवͬचंग(context switching) तेजहोनेकाएक
अÛयकारणयहहैͩकहमपेजटेबल(page table) नहȣंबदलरहेहɇ।अǓनवाय[ ǾपसेĠेडस(threads)
एकहȣ ĤͩĐयासेǓनçपाǑदतहोतेहɇ औरĤ×येकĤͩĐयासीधेपृçठ/ पेज(page) केसेटऔरपेजटेबल
(page table) सेजुड़ीहोतीहै।एकĠेडसेदूसरेमɅ िèवचकरतेसमय, यहपृçठसारणी/ पेजटेबल
(page table) औरपृçठǓनदȶͧशकाएं/ पेजडायरेÈĚȣज(page directories) वहȣ रहɅगी।इसͧलए, कोई
अÛयपृçठताͧलकासͩĐयकरनेकेͧलएकोईओवरहेडनहȣंहैऔरइसͧलए, अविèथǓतयɉ कोबनाए
रखा जाता है और टȣएलबी (TLB) मɅ कैश कȧ गई Ĥͪविçटयां अभी भी वैध हɉगी।
तोयहͪवशेषèलाइडĤͩĐयाओंऔरĠेडस(threads) केबीचबहुतअंतरकोपुन: दोहराताहै, औरहम
जãदȣ सेइसपरआगेबढ़Ʌगे।इसͧलए, अǓनवाय[ ǾपसेएकĤͩĐयाएकअलगǓनçपादनइकाईहै
िजसकाअपनाकोड, हȣप(heap) , èटैक(stack) औरअÛयखंडहɇ।दूसरȣ तरफ, Ġेडस(threads) का
अपनाडेटासेगमɅटऔरढेरनहȣंहोताहैऔरअǓनवाय[ ǾपसेयहĒहणकरताहैयायहĤͩĐयाडेटा
सेगमɅटऔरहȣप(heap) काउपयोगकरताहै।इसͧलए, ͩकसीͪवशेषĤͩĐयाकेभीतरसभीĠेडस
(threads) एकहȣ डेटासेगमɅटऔरढेरकाउपयोगकरɅगे।एकऔरअंतरयहहैͩकएकĤͩĐयापूरȣ
तरह से एक पूण[ इकाई है।
तोएकĤͩĐयािजसेआपएकएकलĠेडकेǾपमɅ मानसकतेहɇ जोएकǓनçपादनसंदभ[ हैऔरअपने
आपपरजीͪवतरहसकताहै।दूसरȣ ओर; एकĠेडअपनेआपनहȣंरहसकताहै।तो, इसेएकĤͩĐयासे
जुड़ाहोनाचाǑहए।इसͧलए, जबकोईĤͩĐयासमाÜतहोजातीहैतोउसĤͩĐयामɅ मौजूदसभीĠेडभी
समाÜतहोजाएंगे।तो, ͩकसीअÛयĤͩĐयामɅ ǒबनाͩकसीĤͩĐयाकेĠेडǓनçपाǑदतनहȣंहोसकताहै।
दूसरȣ तरफ, एकĤͩĐयामɅ केवलएकधागाहोगाऔरयहĤͩĐयाकोǓनçपाǑदतकरनेकेͧलएपया[Üत
है।
तो, हमएकĠेडÈयɉ कहतेहɇ? इसकामतलबहैͩकͩकसीĤͩĐयाकाǓनçपादनसंदभ[ एकलĠेडबनाता
है।इसͧलए, ͩकसीĤͩĐयाकेभीतरĠेडस(threads) समानकोडऔरफ़ाइलɉ कोसाझाकरतेहɇ जैसा
ͩकहमनेपहलेकȧ èलाइडमɅ देखाहै, लेͩकनĤ×येकĠेड(thread) काअपनाèटैक(stack) होताहैऔर
ĠेडसमािÜतपरइसèटैककोपुनःदावाͩकयाजाताहै।इसͧलए, यहसंभवहैͩकजबकोईĠेडसमाÜत
होजायेतोबचीĤͩĐयाकाǓनçपाǑदतकरनाजारȣ रहेगा।उदाहरणकेͧलए, यǑदएकĤͩĐयामɅ मानɅ 10
Ġेडस(threads) हɇ औरĠेडस(threads) मɅ सेएकसमाÜतहोताहैतोशेषनौसूğɉ/Ġेडस(threads)
ǓनçपाǑदत करना जारȣ रखɅगे।
दूसरȣ ओरयǑदकोईĤͩĐयासमाÜतहोजातीहै, तोउसĤͩĐयाकेभीतरसभीĠेडस(threads) भीमर
जाएंगे या समाÜत हो जाएंगे।
तो, हमĠेडस(threads) कोकैसेबनातेहɇ औरĤबंͬधतकरतेहɇ? अबऐसाकरनेकेͧलएकईसंĒह/
लाइĦेरȣज(libraries) हɇ, लेͩकनहमइसͪवशेषवीͫडयोमɅ जोदेखɅगेवहएकबहुतलोकͪĤयसंĒहहै
िजसेपीĠेडलाइĦेरȣ (pthread library) कहाजाताहै।इसͧलए, हमpthread लाइĦेरȣ मɅ कुछबहुतहȣ
मह×वपूण[ याबहुतमह×वपूण[ कायɟ कोदेखɅगेिजनकाउपयोगĠेडबनानेऔरĤबंͬधतकरनेकेͧलए
ͩकयाजाताहै।तो, देखतेहɇ ͩकहमएकĤͩĐयामɅ धागा/Ġेडकैसेबनासकतेहɇ।तो, pthread लाइĦेरȣ
मɅ एकĠेडइसफ़ंÈशनpthread काउपयोगकरकेबनायागयाहैजोकईतक[ /आगु[मɅɪस(arguments)
लेताहै।तो, यह4 आगु[मɅɪस(arguments) कȧ तरहलगताहैऔरइन4 आगु[मɅɪस(arguments) को
यहां Ǒदखाया गया है।
तोपहलाआगु[मɅɪ (argument) जोͩकपीĠेडअंडरèकोरटȣ (pthread underscore t) केͧलए
सूचक/पॉइंटर(pointer) हैवहĠेडपहचानकता[ याटȣआईडी​( TID) है।इसͧलए, यहĤͩĐयापहचानकता[
यापीआईडी(PID) ​केसमानहैिजसेहमनेĤͩĐयावीͫडयोमɅ पढ़ाहै।पी-ĠȶडͩĐएटकेͧलएदूसरा
आगु[मɅɪ (argument) ͪवशेषता/ एǑĚÞयूट (attribute) है।
तोइसͪवशेषता/ एǑĚÞयूट(attribute) केमाÚयमसेआपजोĠेडबनारहेहɇ उसकेकईगुणǓनǑद[çटकर
सकतेहɇ।तो, पीĠेडअंडरèकोरͩĐएट(pthread underscore create) फ़ंÈशनÈयाकरताहैयहहैͩक
जबइसेबुलायाजाताहै, तोयहĤͩĐयामɅ एकĠेडसंदभ[ याबिãकएकनयाĠेडसंदभ[ बनानेजारहाहै
औरयहइसफ़ंÈशन(function) सेǓनǑद[çटइससंदभ[ सेउसनएसंदभ[ कोǓनçपाǑदतकरनाशुǾ कर
देगा।इसͧलएèटाट[ अंडरèकोरǾटȣन(start underscore routine) केǾपमɅ ǓनǑद[çटयहतीसरा
पैरामीटर(parameter) एकफ़ंÈशनकेͧलएएकसूचक/पॉइंटर(pointer) है, जोनएĠेडसंदभ[ मɅ
ǓनçपाǑदत करना शुǾ करता है।
तोयहफ़ंÈशनएकअलगĠेडमɅ ǓनçपाǑदतकरनाशुǾ करदेगा।पी-ĠȶडबनानेकेͧलएअंǓतमआगु[मɅɪ
(argument) arg या‘एआरजी’ हैजोइसͪवशेषèटाट[ Ǿटȣनफ़ंÈशन(start routine function) के
आगु[मɅɪस(arguments) केͧलएसूचक/पॉइंटर(pointer) है।तो, अगलेकुछèलाइɬसमɅ, हमउदाहरण
देखɅगेͩककैसेpthread underscore create औरpthread मɅ अÛयकायɟ/ फंÈशÛस(functions) के
उदाहरणɉ का Ĥयोग करना है।
तोअब, हमनेएकपीĠेड(pthread) बनायाहैऔरहमɅ कहनाहैͩकउसनेअपनाकामͩकयाहै।अगलȣ
बातवाèतवमɅ एकĠेडकोनçटकरनाहैऔरयहइसफ़ंÈशनɮवाराͩकयाजाताहैिजसे“पीĠȶड
अंडरèकोरएिÊजट” (“pthread _ exit”) कहाजाताहै।तो, Ġेडकȧ वापसीिèथǓतपाǐरतकरनेकेͧलए,
“पीĠȶडअंडरèकोरएिÊजट” (“pthread _ exit”) वापसीमूãयपरएकसूचक/पॉइंटर(pointer) भीपास
करेगा।इसͧलए, यहĤͩĐयाओंमɅ देखीगई‘ǓनकासĤणालȣ कॉल’/‘एिÊजटͧसèटमकॉल’ (exit system
call) के समान कई तरȣकɉ से है।
अब, एकऔरमह×वपूण[ पĠेडलाइĦेरȣ फ़ंÈशनयहͪवशेषफ़ंÈशनकॉलपीĠȶडअंडरèकोरजॉइन
(pthread _ join) है।तोइसकेमाÚयमसे, एकĤͩĐयायाधागाएकͪवͧशçटĠेडकोपूराकरनेकेͧलए
इंतजारकरसकताहै।तो, यहवेटͧसèटमकॉल(system call) कȧ तरहहैिजसेहमनेĤͩĐयाओंके
संबंधमɅ देखाहै।तो, पीĠȶडअंडरèकोरजॉइन(pthread _ join) मɅ जोǓनǑद[çटͩकयागयाहै, उसमɅ Ġेड
काटȣआईडी(TID), ​ĠेडकाĠेडआईडी(thread Id) हैऔरजोयहांपरĤाÜतͩकयागयाहैवहĠेडकȧ
Ǔनकास िèथǓत है।
यहपीĠȶडअंडरèकोरजॉइन(pthread _ join) कॉͧलंगĠेडकोतबतकअवǽɮधकरदेगा, जबतकͩक
इसटȣआईडी​(TID) ɮवाराǓनǑद[çटसूğ/Ġेड(thread) जोयहाँभेजागयाहैएिÈज़ट(exit) होजाएतब
पीĠȶडअंडरèकोरजॉइन(pthread _ join) जागजाताहै(wake up) औरवहटȣआईडी(TID) ​ɮवारा
ǓनǑद[çटǓनकͧसतĠेड/एिÈसटेडĠेड(exited thread) का‘ǓनकासिèथǓत’/’एिÈज़टèटेटस’ (exit
status) कोपढ़नेमɅ स¢महोगा।इसͧलए, इनͪवशेषतीनकायɟ/ फंÈशÛस(functions) कोपीĠȶड
अंडरèकोरͩĐएट(pthread _ create), पीĠȶडअंडरèकोरएिÈज़ट(pthread _ exit) औरपीĠȶड
अंडरèकोरजॉइन(pthread _ join); आइएदेखतेहɇ ͩकहमपहले10 ͧमͧलयनसकारा×मकपूणाɍकɉ/
पॉिज़Ǒटवइंटȣजस[ (positive integers) केयोगकोखोजनेकेहमारेकाय[Đमकोसमानांतरकरनेके
ͧलए इन पीĠȶडस (pthreads) का उपयोग कैसे कर सकते हɇ।
तो, ऐसाकरनेकेͧलएयहकोडहै।तो, यहͪवशेषकोडÈयाकरताहैयहहैͩकयह4 Ġेडस(threads)
कोबनाताहैऔरĤ×येकĠेड(thread) को2.5 ͧमͧलयनसंÉयाओंकेसेटकायोगͧमलजाताहै।और
ये4 सूğ/Ġेड(thread) समानांतर/ पैरेलल(parallel) मɅ ǓनçपाǑदतहोतेहɇ औरइसͧलए, बहुतजãदȣ
ͪवͧभÛन2.5 ͧमͧलयनसंÉयाएंपातेहɇ औरͩफरहम10 ͧमͧलयनसंÉयाओंकेयोगĤाÜतकरनेकेͧलए
पǐरणामɉ को जोड़ते हɇ।
तोआइएइसउदाहरणकोअͬधकͪवèतारसेदेखɅ।तो, सबसेपहलेहमनेटाइप‘पीĠȶडअंडरèकोरटȣ’
(pthread_t) केचारचर/ वेǐरएबल(variable) पǐरभाͪषतͩकएहɇ।तो, येटȣ1 (t1), टȣ2 (t2), टȣ3
(t3)औरटȣ4 (t4) हɇ।इसͧलए, इÛहɅ 4 सूğɉ/Ġेडस(threads) बनानेकेͧलएइèतेमालͩकयाजारहाहै
औरइनमɅ टȣआईडी​( TIDs) कȧ Ġेडआईडी(thread ID) होगी।अबजैसाͩकहमनेपहलेकȧ èलाइडमɅ
देखा है, Ġेड बनाना इस फ़ंÈशन कॉल ɮवारा ͩकया गया है ‘पीĠȶड अंडरèकोर ͩĐएट’
(‘pthread_create’)।इसͧलए, इनमɅ सेĤ×येक‘पीĠȶडअंडरèकोरͩĐएट’ (‘pthread_create’) का
आमंğण, पॉइंटरकोटȣ1 (t1), टȣ2 (t2), टȣ3 (t3)औरटȣ4 (t4) मɅ सेएकमɅ पासकरदेगाजोतबĠेड
आइडɅǑटफायर (thread identifier) या नए बनाए गए Ġेड के टȣआईडी ( TID) ​से भर जाता है।
दूसरापैरामीटर(parameter) ĠेडकेगुणशूÛय/नल(null) केǾपमɅ ǓनǑद[çटͩकयागयाहैजबͩक
तीसरापैरामीटर(parameter) फ़ंÈशनपॉइंटर(function pointer) है, जोउसफ़ंÈशनकोǓनǑद[çट
करताहैजहांĠेडǓनçपाǑदतहोनाचाǑहए।तो, यहांपरफ़ंÈशनपॉइंटर, इसफ़ंÈशन Ġेडअंडरèकोर
एफएन(thread underscore fn) केͧलएएकसूचक/पॉइंटर(pointer) है, िजसेयहांपǐरभाͪषतͩकया
गयाहैऔरयहएकआगु[मɅट(argument) वोयडèटार(void star) लेताहैजोयहांarg ǓनǑद[çटहै।तो,
आͨखरȣ पैरामीटर(parameter) िजसे‘पीĠȶडअंडरèकोरͩĐएट’ (‘pthread_create’) केͧलएपास
ͩकया गया है वह पैरामीटर (parameter) है जो इस ͪवशेष फंÈशन के arg मɅ यहां पाǐरत ͩकया जाएगा।
इसͧलए, इसतरहजब‘पीĠȶडअंडरèकोरͩĐएट’ (‘pthread_create’) काआéवानͩकयाजाताहै, तो
यहĤͩĐयामɅ एकधागा/ Ġेडसंदभ[ बनाएगाऔरयहĠेडसंदभ[ याइसǓनçपादनसंदभ[ इसͪवशेष
फ़ंÈशन सेǓनçपाǑदतकरनाशुǾ होजाएगा।अबइसͪवशेषसूğɉ/Ġेडस(threads) मɅ पाǐरतआगु[मɅट
(argument) कोपी-ĠȶडबनानेकेअंǓतमआगु[मɅट(argument) मɅ ǓनǑद[çटͩकयाजाएगा।इसतरह
हमने4 ‘पीĠȶडअंडरèकोरͩĐएट’ (‘pthread_create’) काआéवानͩकयाहैऔरइसĤकारएकल
ĤͩĐयाकेभीतर4 सूğɉ/Ġेडस(threads) कोबनायाहै।इनसभी4 सूğɉ/Ġेडस(threads) मɅ एकहȣ
Ĥारंͧभकफ़ंÈशनहैजोĠेडअंडरèकोरएफएन(thread underscore fn) हैऔरĠेडआईडी(thread
ID) Đमशः टȣ1 (t1), टȣ2 (t2), टȣ3 (t3)और टȣ4 (t4) के पहले पैरामीटर (parameter) मɅ भरे जाएंगे।
अबइन4 Ġेडस(threads) मɅ सेĤ×येकजोइसĠेडफ़ंÈशनसेǓनçपाǑदतकरनाशुǾ करदेगाजोͩक
ऐसाहै, आपĠेडकेमुÉय(main) कȧ तरहसोचसकतेहɇ, आगु[मɅट(argument) काएकअलगमूãय
देखेगा।उदाहरणकेͧलए, Ġेड1 मɅ arg कामान0 होगा, Ġेड2 मɅ arg कामान1 होगा, Ġेड3 केपास
arg कामान2 होगाऔरĠेड4 केपासarg कामान3 होगा।इसͧलए, इसarg मानकाउपयोगकरना
िजसका तबआईडीपरटाइपकाèट(type casted to ID) ͩकयाजाताहैऔरͩफरयहवाèतवमɅ
शुǽआत Ǔनधा[ǐरत करने के ͧलए उपयोग कȧ जाती है।
तो, èटाट[ (start) तबयहपताकरेगाͩकͪवशेषĠेडको2.5 ͧमͧलयनसंÉयाओंमɅ सेकौनसीजोड़ना
चाǑहए।उदाहरणकेͧलएयǑदĠेडमɅ arg शूÛय/0 है, तोटाइपकािèटंग(typecasting) केबादआईडी
(ID) कामानशूÛय/0 हैऔरèटैÈड(stacked) वैãयूभीशूÛय/0 होगा।इसͧलए, आईडी0 केसाथयह
Ġेड, पहले 2.5 ͧमͧलयन नंबर जोड़ देगा, जो 0 से लेकर संÉयाएं हɇ ढाई ͧमͧलयन।
अब, इसकेअलावा, पǐरभाͪषतͩकयागयाहैͩकएकवैिæवकसरणी/Êलोबलऐरे(global array) हैिजसे
‘sum’ कहाजाताहै।तो, यह4 त×वɉ कȧ एक‘अनसाइंडलॉÛगऐरे’ (‘unsigned long array’) है।अब
यह‘sum’ Ĥ×येकसूğɉ/Ġेडस(threads) केͧलएयोगजमाकरनेकेͧलएĤयोगͩकयाजाताहै।इसͧलए,
sum0 मɅ 0 से2.5 ͧमͧलयनकȧ संÉयाकायोगशाͧमलहोगाजोĠेड0 याĠेड1 अथा[तt1 Ġेडकेɮवारा
भरा हुआ है।
इसीĤकार, sum1 मɅ संÉयाओंकȧ संÉया2.5 ͧमͧलयनसे5 ͧमͧलयनहोजाएगीऔरयहsum1 Ġेड
टȣ 2 (t2) ɮवाराभरȣ जाएगी।इसीतरहsum 2 औरsum 3 केपास2.5 ͧमͧलयनयोगहोगाऔरयह
टȣ 3 (t3) औरटȣ 4 (t4) ɮवाराभराजायेगा।इसͧलए, जबͩकयहĤͩĐया4 Ġेडस(threads) मɅ चलरहȣ
है, अथा[तयह while लूपजोकाफȧ लंबासमयलेताहै, कोèवतंğ Ǿपसे4 Ġेडस(threads) ɮवारा
ǓनçपाǑदत ͩकया जा रहा है।
4 Ġेडस(threads) बनानेकेबादमुÉय/मेन(main) ĠेडÈयाकरताहै, येजॉइन(join) काआéवान
करताहै।इसͧलए, यह4 Ġेडस(threads) सेसंबंͬधत4 जॉइन(join) कोआमंǒğतकरताहैऔरयह
जॉइन(join) कॉलÈयाकरेगा, यहहैͩकयहतबतकअवǽɮधहोनेजारहाहैजबतकटȣआईडी​( TID)
ɮवाराǓनǑद[çटसंबंͬधतĠेडबाहरǓनकलजाए।इसĤकारजबĠेडटȣ1 (t1) इसͪवशेषफंÈशनसे
Ǔनकलताहै, तोयहटȣ1 (t1) का‘पीĠȶडअंडरèकोरजॉइन’ (‘pthread _ join’) जागजाएगाऔरयह
Ǔनçपादनपूराकरेगा।इसͧलए, इसतरहसेपूराहोनेपरसभी4 जॉइन(join) फंÈशनससेसंकेतͧमलता
है ͩक सभी 4 Ġेडस (threads) ने अपना Ǔनçपादन पूरा कर ͧलया है।
ͩफर4 Ġेडस(threads) सेबाहरǓनकलनेकेबाद, 2.5 ͧमͧलयनसंÉयाओंकेआंͧशकरकमवालेयोगके
त×वɉ कोͧलयाजाताहैऔरͪĤंटफकाउपयोगकरनेपरमुǑġतअंǓतमपǐरणामĤाÜतकरनेकेͧलए
जोड़ाजाताहै।इसͧलए, यहअंǓतमयोगमुǑġतपहलȣ 10 ͧमͧलयनसंÉयाओंकायोगहैऔरइसͧलए,
हमनेदेखाहैͩक0 से10 ͧमͧलयनसेसंÉयाओंकोजोड़नेकाबड़ाकाम4 भागɉ मɅ ͪवभािजतहोगयाहै
औरउसकेबादĤ×येकभागकोतबकामͩकयाजाताहैजबउसकेɮवारागणनाकȧ जातीहैआंͧशक
पǐरणाम ĤाÜत करने के ͧलए धागा/Ġेड िजसे बाद मɅ जोड़ा जाता है।
अबइसĤोĒामकोǓनçपाǑदतकरनेऔरचलानेकेͧलएहमजीसीसीĠेɬसडॉटसी(gcc threads.c)
जैसेकुछकाउपयोगकरतेहɇ जोसंकलनहैऔरहमएकमाइनसएलपीĠेड(minus lpthread) भी
ǓनǑद[çटकरतेहɇ जोͩकपीĠȶडलाइĦेरȣ (pthread library) है, िजसेइसͪवशेषǓनçपादनयोÊयमɅ भी
जोड़ाजानाचाǑहए।इसͧलए, जीसीसीकेपǐरणामèवǾपǓनçपादनयोÊयएकडॉटआउट(a dot out)
होगा िजसे तब ǓनçपाǑदत ͩकया जा रहा है।
इसͧलए, आपवाèतवमɅ एकͪवशेषĤोĒामकोLINUX ͧसèटमपरआज़मासकतेहɇ औरआपͪवͧभÛन
ĤͩĐयाओंकȧ तुलनामɅ काय[ करनेकेͧलएअलग-अलगĠेडकरकेĤाÜतगǓतकȧ माğाǓनधा[ǐरतकरने
काĤयासकरसकतेहɇ औरएकअनुĐͧमक/सेÈवɅसीअल(sequential) ĤोĒामजहांआपकेपासकेवल
इस काम को ǓनçपाǑदत करने वालȣ एक ĤͩĐया है।
पी-Ġȶडस(pthreads) केअलावाकईअÛयसंĒहभीहɇ िजÛहɅ आपसंभवतःबहुसूğी/मãटȣ Ġेडेड(multi
threaded) ĤोĒामबनानेकेͧलएउपयोगकरसकतेहɇ।उदाहरणकेͧलए, ͪवंडोजĠेडलाइĦेरȣ जो
माइĐोसॉÝटͪवंडोज(Microsoft Windows) आधाǐरतअनुĤयोगɉ केͧलएउपयोगकȧ जानेवालȣ
लाइĦेरȣ है, बूèट(boost) एकसी++ (C++) केͧलएलाइĦेरȣ है, ͩफरभीएकऔरलाइĦेरȣ ͧलनÈसĠेड
(Linux threads) केǾपमɅ जानाजाताहैऔरइसीतरह।इसͧलए, यǑदहमवाèतवमɅ ĠेडसंĒहɉ
(thread libraries) केͧलएGoogle करतेहɇ तोआपकोऐसेसंĒहɉ कȧ एकबड़ीसूचीͧमलजाएगीजो
मौजूद हɇ।
धÛयवाद।"
35,0,,"ऑपरेǑटंग ͧसèटम (Operating System) का पǐरचय
Ĥोफेसर चेèटर रेबेरो
संगणक ͪव£ान और अͧभयांǒğकȧ ͪवभाग
भारतीय Ĥौɮयोͬगकȧ संèथान, मġास
सÜताह - 07
åयाÉयान - 34
Ġेडस (हãकेवजन ĤͩĐयाएं) /Threads (Light Weight Processes)
खंड 2 (Part 2)
तोअबहमनेदेखाहैͩकĠेɬस(threads) कैसेबनाएजातेहɇ औरवेकैसेहोसकतेहɇ समांतरता
(parallelization) ɮवाराबड़ीकायɟ/जॉÞस(jobs) कोहलकरनेकेͧलएĤयोगͩकयाजाताहै।अब, हम
देखɅगेͩकͧसèटममɅ ĠेडकैसेĤबंͬधतͩकएजातेहɇ।अǓनवाय[ Ǿपसे, जैसाͩकहमनेदेखाहैͩकĠेɬस
(threads) संदभ[ ǓनçपाǑदतकररहेहɇ औरइसͧलए, हमɅ कुछसंèथाओंकȧ आवæयकताहैजोĠेड
संसाधनɉ काĤबंधनकरतेहɇ, यहतयकरताहैͩकसीपीयू(CPU) मɅ कौनसाधागाǓनçपाǑदतहोना
चाǑहए, सीपीयू (CPU) का Èया उपयोग ͩकया जाना चाǑहए और इसी तरह।
इसͧलएऐसाकरनेकेͧलएउपलÞधदोरणनीǓतयɉ कोउपयोगकता[ Ġेडऔरकनȶल(kernel) ĠेडकेǾप
मɅ जानाजाताहै।इसͧलए, उपयोगकता[ ĠेडसवेĠेडसहɇ जहांĠेडĤबंधनएकउपयोगकता[ èतरपरĠेड
लाइĦेरȣ ɮवाराͩकयाजाताहै।तोआमतौरपरइसमɅ, कनȶल(kernel) को, चलनेवालेĠेɬस(threads)
केबारेमɅ कुछनहȣंपताहै।कनȶलĠेɬस(kernel threads) मɅ, Ġेɬस(threads) सीधेकनȶल(kernel)
ɮवारासमͬथ[तहोतेहɇ औरइÛहɅ कभी-कभीहãकेवजनĤͩĐयाओं/Ĥोसेसेज(processes) केǾपमɅ
जाना जाता है।
इसͧलए, हमउपयोगकता[ Ġेडऔरकनȶल(kernel) ĠेडकोएकसमयमɅ एकलेकरअͬधकͪवèतारसे
देखɅगे।
तोआइएउपयोगकता[ ĠेडकेसाथशुǾ करɅ।तोउपयोगकता[ ĠेडमɅ, जैसाͩकयहांǑदखायागयाहैहमारे
पासकनȶल(kernel) èपेसहैजहांऑपरेǑटंगͧसèटम(operating system) याकनȶल(kernel)
ǓनçपाǑदतकरताहैऔरहमारेपासउपयोगकता[ èथानहैिजसमɅ ͪवͧभÛनĤͩĐयाएंǓनçपाǑदतहोतीहɇ।
अब, इनमɅ सेĤ×येकĤͩĐयामɅ एकाͬधकĠेɬस(threads) चलɅगे।तोइसकेअलावाहमारेयहांइस
आयतपरएकरनटाइमͧसèटमहै, जोइसͪवशेषĤͩĐयामɅ कईĠेɬस(threads) काĤबंधनकरताहै।
इसकेअलावाएकĠेडटेबलभीआवæयकहैजोइसरनटाइमͧसèटमकेǑहèसेकेǾपमɅ संĒहȣतहै।
इसͧलए, ÚयानदɅ ͩकइसĠेडताͧलकामɅ ऐसीजानकारȣ हैजोइसͪवशेषĤͩĐयामɅ केवलĠेɬस
(threads) के ͧलए èथानीय है।
तोएकऔरĤͩĐयाकेͧलए, इसकȧ अपनीरनटाइमͧसèटमऔरइसकȧ अपनीĠेडटेबलहोगी।तो,
ÚयानदɅ ͩकĠेडताͧलकामɅ Ĥͪविçटयɉ कȧ संÉयाǓनçपाǑदतĠेडकȧ संÉयाकेबराबरहै।यहभीÚयान
रखɅ ͩकĠेडटेबलिजसेकभी-कभीटȣसीबी(TCB) याĠेडकंĚोलÞलॉक(thread control block) के
नामसेजानाजाताहै, ĤͩĐयाǓनयंğणÞलॉकसेअलगहोताहैजोकनȶल(kernel) èपेसमɅ संĒहȣत
होताहै।अǓनवाय[ ǾपसेइसतØयकेअलावाͩकĠेडताͧलकामɅ कनȶल(kernel) èपेसमɅ ĤͩĐया
Ǔनयंğण Þलॉक कȧ तुलना मɅ बहुत कम Ĥͪविçटयां हɉगी, यह उपयोगकता[ èथान मɅ भी है।
इसͧलए, उपयोगकता[ èतरकेĠेɬस(threads) कालाभयहहैͩकयहबेहदतेज़है, औरयहवाèतवमɅ
हãकावजनहै।अǓनवाय[ ǾपसेऐसाइसͧलएहैÈयɉͩकĠेडĤबंͬधतकरनेकेͧलएकोईͧसèटमकॉल
(system call) आवæयकनहȣंहै।रनटाइमͧसèटमजोयहांमौजूदहै, साराĠेडĤबंधनकरताहै, Ġेɬस
(threads) के बीच सभी संदभ[ िèवͬचंग आǑद।
जैसेͩककनȶल(kernel) कोकोई£ाननहȣंहोगाͩकएकͪवशेषĤͩĐयामɅ कईĠेɬस(threads) होतेहɇ।
तो, दूसरालाभजोहमदेखɅगेवहयहहैͩकͧसèटममɅ Ġेडकासमथ[नकरनेकायहͪवशेषतंğ
ऑपरेǑटंगͧसèटम(operating system) परउपयोगीहैजोĠेͫडंगकासमथ[ननहȣंकरताहै।इस
उपयोगकता[ èतरकेधागे/Ġेɬस(threads) काएकअÛयमह×वपूण[ लाभयहहैͩकĠेɬस(threads) के
बीचिèवͬचंगबेहदतेज़है, औरइसकाकारणयहतेज़हैͩकउपयोगकता[ मोडसेसुरͯ¢तमोडऔरͩफर
वापस उपयोगकता[ मोड मɅ कोई िèवच नहȣं है।
तोदूसरȣ ओर, Ġेɬस(threads) केबीचिèवͬचंगकेͧलएकेवलउपयोगकता[ मोडकेभीतरएकĠेडसे
दूसरेमɅ िèवचकȧ आवæयकताहोगी।तो, दोषभीकईहɇ।इसͧलए, एकमह×वपूण[ कमीयहहैͩक
ऑपरेǑटंगͧसèटम(operating system) कनȶल(kernel) औरĠेɬस(threads) केबीचसमÛवयकȧ
कमीहै।इसͧलए, ऐसाइसͧलएहैÈयɉͩकओएस(OS) कोपतानहȣंहैͩकएकĤͩĐयाबहु-Ġेडेड/मãटȣ
Ġेडेड(multi threaded) है, औरइसकेबारेमɅ कोईसंकेतनहȣंहैͩकͩकसीͪवशेषĤͩĐयामɅ ͩकतनेĠेɬस
(threads) मौजूद हɇ।
तोइसकाउदाहरणलɅ ͩकइससेÈयासमèयाएंपैदाहोसकतीहɇ।तो, एकĤणालȣ परͪवचारकरɅ िजसमɅ
दोĤͩĐयाएंहɇ, औरइनमɅ सेएकĤͩĐयामɅ 100 Ġेɬस(threads) हɇ।अबकनȶल(kernel) इसबारेमɅ
नहȣंजानताहैÈयɉͩककनȶल(kernel) ͩकसीĤͩĐयामɅ मौजूदकईĠेɬस(threads) केबारेमɅ अनजान
हैऔरइसͧलए, जबयहसंदभ[ बदलाव/कॉÛटेÈèटिèवͬचंग(context switching) करताहैतोयह
अनजानहैͩकएकĤͩĐयाकेͧलएअÛयकȧ तुलनामɅ बहुतअͬधकĠेडकȧ संÉयाकȧ आवæयकताहोती
है।इसͧलए, यह100 Ġेɬस(threads) वालȣ ĤͩĐयाकेसाथ-साथएकलĠेɬ (single thread) कȧ
ĤͩĐया के ͧलए एक हȣ समय èलाइस अंतराल आवंǑटत करेगा।
तो, Èयाहोताहै, Èयɉͩककनȶल(kernel) मɅ शेɬयूलरǓनçपाǑदतĠेडकȧ संÉयाकेबारेमɅ अनजानहै,
इसͧलएशेɬयूͧलंगǓनण[यɉ कोबड़ीसंÉयामɅ धागेकेसाथĤͩĐयाओंकेप¢ मɅ नहȣंबनायाजासकता
है।इसͧलए, शेɬयूͧलंगके संबंधमɅ एकऔरकमीआतीहै, जबĠेɬस(threads) अलग-अलग
अवèथाओंमɅ होतेहɇ।उदाहरणकेͧलए, आइएहमकहɅ ͩकइसͪवशेषĤͩĐयामɅ तीनधागे/Ġेɬस
(threads) हɇ, औरइनमɅ सेएकĠेड(thread) चलनेयोÊयिèथǓतमɅ है, जबͩकअÛयदोĠेɬस
(threads) अवǽɮधिèथǓतमɅ हɇ।अबऑपरेǑटंगͧसèटम(operating system) इससेअनजानहै।तो,
Ǔनण[यÈयाहोनाचाǑहए? इसͧलए, चूंͩकĠेɬस(threads) मɅ सेएकको‘चलने-योÊय’/ रनेबल
(runnable) होनाचाǑहए, यहĤोसेसरमɅ ǓनçपाǑदतहोसकताहैयाइसेएक‘रनेबलĤͩĐया’ (runnable
process) केǾपमɅ मानाजानाचाǑहए, याचूंͩकदोĠेɬस(threads) अवǽɮधहɇ, इसͧलएइसĤͩĐया
को‘अवǽɮधĤͩĐया’/’ÞलॉÈडĤोसेस’ (blocked process) केǾपमɅ मानाजानाचाǑहएऔरĤोसेसरमɅ
ǓनçपाǑदत नहȣं ͩकया जाना चाǑहए।
संबंͬधतͧसèटमकॉल(system call) केसाथएकतीसरामुɮदाहोताहै, अबमानलȣिजए, ͧसèटम
कॉलइसअथ[ मɅ अवǽɮधहोरहȣ हɇ ͩक, जबइनमɅ सेएकĠेडͧसèटमकॉलकाआéवानकरताहै, तो
सभीअÛयĠेडɉ कोĤती¢ाकȧ आवæयकताहोतीहै, जबतकͩकपहलाĠेडअपनेͧसèटमकॉलआमंğण
कोपूरानकरे।इसĤकारइसउपयोगकता[ èतरकेĠेɬस(threads) मॉडलकासमथ[नकरनेकेͧलए,
Èयाआवæयकहैͩकओएस(OS) कोĤाथͧमकǾपसेगैर-अवरोधन/नॉन-Þलॉͩकंग(non blocking)
ͧसèटम कॉलस (system calls) का समथ[न करना चाǑहए।
तोअबहमकनȶल(kernel) लेवलĠेɬसकोदेखतेहɇ।इसͧलए, उपयोगकता[ èथानमɅ चलनेवालȣ ĤͩĐया
केपहलेĤ×येकĠेडकेसाथअलग-अलगĠेɬस(threads) होसकतेहɇ, Ĥ×येकĠेडअलगयाएकèवतंğ
ǓनçपादनइकाईहोसकताहैऔरइनĠेडसंसाधनɉ काĤबंधनकनȶलèपेस(kernel space) मɅ ͩकया
जाताहै।इसͧलए, ‘ĤͩĐयाǓनयंğणÞलॉक’/’ĤोसेसकÛĚोलÞलाक’ (process control block) केसाथ
जोĤͩĐया/Ĥोसेस(process) ताͧलकाकेǾपमɅ यहांǑदखायागयाहै, कनȶल(kernel) कनȶलèपेस
(kernel space) मɅ ĠेडकंĚोलÞलॉक(thread control block) भीरखताहै।तो, यहउपयोगकता[ èतर
केĠेɬस(threads) केͪवपरȣतशांतहै, जहांĠेडताͧलका(thread table) उपयोगकता[ èथानमɅ रखी
जातीहै, यहांĠेडताͧलकायाटȣसीबी(TCB) ĠेडकंĚोलÞलॉक(thread control block) कनȶल
(kernel) èपेसमɅ बनाएरखाजाताहै।औरइसͧलए, कनȶल(kernel) एकĤͩĐयाɮवाराǓनçपाǑदत
Ġेɬस(threads) कȧ संÉयासेअवगतहै, औरइसͧलए, इसतØयकेआधारपरबहुतसेǓनण[यलेसकते
हɇ।
उदाहरणकेͧलए; शेɬयूलरĤͩĐयाकेचलरहेĠेɬस(threads) कȧ संÉयाकेआधारपरĤͩĐयाकेͧलए
ͩकतनासमयèलाइसआवंǑटतͩकयाजानाचाǑहए, इसबारेमɅ अͬधकèमाट[ Ǔनण[यलेसकताहै।
इसͧलए, उदाहरणकेͧलए, शेɬयूलरबड़ीसंÉयामɅ ĤͩĐयाओं/Ĥोसेसेज(processes) कोǓनçपाǑदत
करनेकेͧलएअͬधकसमयकेसाथĠेडदेनेकाǓनण[यलेसकताहै।एकअÛयलाभयहहैͩकचूंͩक
कनȶल(kernel) कनȶल(kernel) ɮवाराĤबंͬधतͩकयाजाताहै, इसͧलएͧसèटमकॉलस(system calls)
परअवरोधनआवæयकनहȣंहै।अǓनवाय[ ǾपसेजबएकĠेडͧसèटमकॉलकोǓनçपाǑदतकरताहैतो
उस ͪवशेष ĤͩĐया मɅ अÛय Ġेɬस (threads) अपने Ǔनçपादन को जारȣ रख सकते हɇ।
इसेतबतकअवǽɮधनहȣंकरनापड़ेगाजबतकͩकयहĠेड, ͧसèटमकॉलकाआéवाननहȣंकरताहै,
नेअपनाआवेषणपूराकरͧलयाहै।इसͪवशेषकनȶल(kernel) èतरĠेɬस(threads) मॉडलकȧ कमी
यहहैͩकयहधीमाहै।अǓनवाय[ ǾपसेĠेडकाĤबंधन, कनȶल(kernel) इनवोकेशनमɅ होगा, और
इसͧलए; चूंͩकइसकनȶल(kernel) आमंğणमɅ ͧसèटमकॉल(system call) शाͧमलहɇ, इसͧलएयह
काफȧ धीमीहै।ऑपरेǑटंगͧसèटम(operating system) केसंबंधमɅ ओवरहेडभीहɇ औरऐसाइसͧलए
होताहैÈयɉͩकओएस(OS), कनȶल(kernel) कोशेɬयूͧलंगĠेडकेसाथ-साथĤͩĐयाओं/Ĥोसेसेज
(processes) को Ĥबंͬधत करने कȧ आवæयकता होती है।
तो, इसकामतलबहैͩकĤͩĐयाके बारेमɅ कनȶल(kernel) मɅ मौजूदमेटाडेटा(metadata) के
अǓतǐरÈत, ĤͩĐयामɅ ǓनçपाǑदतĤ×येकĠेडके ͧलएअͬधकमेटाडेटा(metadata) मौजूदहोना
आवæयकहैऔरइसͧलए, कनȶल(kernel) मɅ ओवरहेडमह×वपूण[ होसकतेहɇ।इसͧलए, जबहमवाèतव
मɅ एकऑपरेǑटंगͧसèटम(operating system) तैयारकरतेहɇ याउसमामलेकेͧलएĠेडकासमथ[न
करनेवालȣ एकपूरȣ Ĥणालȣ है, तोऐसेकईपहलूहɇ िजनकȧ देखभालकरनेकȧ आवæयकताहैजोकई
जǑटलताओं का कारण बन सकता है। तो यह ͪवशेष èलाइड उन मुɮदɉ मɅ से कुछ को हाइलाइट करती है।
उदाहरणकेͧलएजबĠेड(thread) एकफोक[ (fork) काआéवानकरताहैतोͧसèटमकोÈयाकरना
चाǑहए? इसͧलए, जैसाͩकहमजानतेहɇ ͩकएकफोक[ (fork) एकͧसèटमकॉल(system call) हैजो
ऑपरेǑटंगͧसèटम(operating system) कोǓनçपाǑदतकरनेकाकारणबनताहैऔरइसके
पǐरणामèवǾपउसĤͩĐयाकाĤǓतͧलͪपकरण/दोहरावहोगा।तो, एकनईĤͩĐयाबनाईजाएगीजो
आĐमणकारȣ ĤͩĐयाकȧ एकसटȣकĤǓतहै।अबÈयाहोगायǑदĠेड, ͧसèटमकॉल(system call)
फोक[ (fork) काआéवानकरताहै? तो, कईͪवकãपहɇ जोकोईसोचसकताहै।तो, ओएसÈयाकरना
चाǑहए? ĤͩĐयामɅ ǓनçपाǑदतसभीĠेɬस(threads) कोडुिÜलकेटͩकयाजानाचाǑहए, दूसरेशÞदɉ मɅ
एकनईĤͩĐयाबनाईजानीचाǑहए, िजसमɅ एकहȣ चरणमɅ ǓनçपाǑदतĠेɬस(threads) कȧ संÉयाभी
होनी चाǑहए।
इसͧलए, ऐसा करना मुिæकल लेͩकन कहना आसान है, अǓनवाय[ Ǿप से यह बहुतसारे
तुãयकालन/ͧसंĐनाइज़ेशन(Synchronization) मुɮदɉ कोभीबनासकताहै।उदाहरणकेͧलए, इस
मामलेपरͪवचारकरɅ ͩकहमारेपासदोधागे/Ġेɬस(threads) केसाथएकĤͩĐयाहै, एकĠेडएक
मह×वपूण[ ऑपरेशनकोǓनçपाǑदतकररहाहै, जोकहɅ तोएकमह×वपूण[ खंड/ͩĐǑटकलसेÈशन(critical
section) मɅ है, जोएकमह×वपूण[ संसाधनतकपहुंचरहाहै, जबͩकअÛयĠेडफोक[ (fork) ͧसèटमकॉल
(system call) काआéवानकरताहै।तो, Èयाहोगा, यǑदओएस(OS) पूरȣ ĤͩĐयाकोअपनेसभी
Ġेɬस(threads) केसाथडुिÜलकेटकरताहै? इसͧलए, जैसाͩकहमनेनईĤͩĐयामɅ दूसरेĠेɬस
(threads) काउãलेखͩकयाहै, वहभीमह×वपूण[ ͩĐǑटकलसेÈशन(critical section) मɅ होगा, और
जैसाͩकहमनेपहलेकेवीͫडयोमɅ देखाहै, यहͪवनाशकारȣ होसकताहै, अǓनवाय[ Ǿपसेयहकाय[Đमके
आउटपुटकोबदलसकताहै।इसͪवशेषपहलूकोͫडजाइनयाĤबंͬधतकरतेसमयकोईअÛयǺिçटकोण
अनुसरण कर सकता है, जहां हम बुलाने-वाले/कॉलर Ġेड को डुिÜलकेट करते हɇ।
इसͧलए, हालांͩकĤͩĐयामɅ 10 अलग-अलगĠेɬस(threads) होसकतेहɇ, इनमɅ सेएकĠेडफोक[
(fork) ͧसèटमकॉल(system call) काआéवानकरताहै, बनाईगईनईĤͩĐयाकेवलउसĠेɬस
(threads) कोडुिÜलकेटकरेगी।इसͧलए, बनाईगईनईĤͩĐयामɅ शेष9 Ġेɬस(threads) नहȣंहɉगे,
लेͩकनइनमɅ सेकेवलएकĠेडहोगा।तो, एकऔरबातयहसोचनेकेͧलएहैͩकĠेडमɅ ‘सेगमɅटेशन
गलती/फाãट’ (segmentation fault) होनेपरÈयाहोनाचाǑहए? तो, ÈयाऑपरेǑटंगͧसèटम
(operating system) केवलएकĠेडकोसमाÜतकरदेनाचाǑहए, यापूरȣ ĤͩĐयाकोसमाÜतकरदेना
चाǑहए? अबइनकेͧलएͪवकãपबनानाआसाननहȣंहैऔरऑपरेǑटंगͧसèटम(operating system)
ͫडज़ाइनरकोऑपरेǑटंगͧसèटम(operating system) कोͫडज़ाइनकरतेसमयइनपहलुओंको
Ĥबंͬधत करने के बारे मɅ मह×वपूण[ ͪवकãप चुनने हɉगे।
तोचͧलएĠेडकेउपयोगकेएकसामाÛयअनुĤयोगकोदेखतेहɇ।तो, उदाहरणकेͧलए, आपएक
नेटवक[ काड[ लेसकतेहɇ जहांनेटवक[ नेटवक[ केमाÚयमसेपैकेटआतेरहतेहɇ औरइनपैकेटɉ कोसͪव[स
ͩकयाजानाचाǑहए, हमकहɅ तोĠेडकेमाÚयमसे।तोआइएहमकहɅ ͩकहमारेपासएकलूपहै, जो
उदाहरणकेͧलए, ͩकसीघटनाकेͧलएइंतजारकररहाहै, नेटवक[ परपैकेट, औरजब, कोईईवɅटहोताहै,
तोयहफैलताहैयायहĠेडबनाताहैजोउसईवɅटकोसेवाएंदेताहैऔरͩफरसमाÜतकरताहै।तो, उस
घटनाकȧ सͪव[ͧसंगकȧ ĤͩĐयाकेदौरान, यǑदकोईअÛयघटनाहोतीहै, तोएकनयाधागाबनायाजाता
है। इस तरह से हम कई घटनाएं कर सकते हɇ िजÛहɅ एक साथ सͪव[स ͩकया जाता है।
तोयहǺिçटकोणèकेलेबलहैÈयɉͩकयहएकसाथकईघटनाओंकȧ सेवाकरसकताहै।तो, इसͪवशेष
मॉडलकȧ कमीअͬधक-काय[/ओवरहेडस(overheads) हɇ।अǓनवाय[ ǾपसेĠेɬस(threads) कोसमाÜत
करनेऔरसमाÜतकरनेकेͧलए, हालांͩककमओवरहेɬसहै, अभीभीएकओवरहेडहैजोĤदश[नको
कमकरसकताहैऔरयेपूरेͧसèटमकोĤभाͪवतकरसकताहै।तो, आमतौरपरअनुĤयोग/
ऍिÜलकेशÛस(application) Èयाकरतेहɇ? येĠेडपूलकेनामसेजानेवालȣ तकनीककाउपयोगकरते
हɇ।
इसͪवशेषतकनीकमɅ, सृजन/Ǔनमा[णपरएÜलȣकेशन(application) ÈयाकरताहैͩकयहĠेɬस
(threads) काएकपूलबनानेजारहाहै।उदाहरणकेͧलएकहɅ, यह50 या100 अलग-अलगĠेɬस
(threads) का, सृजन/Ǔनमा[णकरसकताहैऔरयेĠेɬस(threads) आमतौरपरअवǽɮधिèथǓतमɅ
हɉगे।
अब, एकमुÉय(main) लूपहोगाजोͩकसीघटनाकेͧलएĤती¢ाकरतारहताहैऔरजबकोईईवɅटइन
Ġेडɉ मɅ सेएकमɅ होताहैजोअवǽɮधिèथǓतमɅ है, वहजागृतहोताहै, तोवहĠेडघटनाकȧ सेवाकरेगा
औरअवǽɮधिèथǓतपरवापसजायेगा।इसͧलए, इसतरहयǑदइसपूलमɅ 50 Ġेɬस(threads) पहले
सेबनाएगएहɇ, तो50 घटनाएंहɇ िजÛहɅ ǒबनाͩकसीओवरहेडकेएकसाथसͪव[सͩकयाजासकताहै।
यǑद51 वांघटनातबहोतीहैजबĠेडपूलमɅ सभी50 ĠेडईवɅटकȧ सͪव[ͧसंगमɅ åयèतहोतेहɇ, तो51 वɅ
ईवɅटकोĤती¢ाकरनेकȧ आवæयकताहोगी।इसͧलए, इसतरहहमदेखतेहɇ ͩकजबभीकोईघटना
होती है तो हमने Ġेड बनाने और नçट करने के ऊपरȣ भाग को समाÜत कर Ǒदया है।
तोअब, केवलएकहȣ आवæयकताहैĠेडपूल(thread pool) सेधागाचुननाजोघटनाकȧ सेवाकरेगा।
अबĠेडपूल(thread pool) केसाथएकअÛयमह×वपूण[ पहलूपूलमɅ Ġेɬस(threads) कȧ संÉयाहै।
इसͧलए, यहहरएÜलȣकेशन(application) केͧलएमह×वपूण[ हैऔरएÜलȣकेशन(application) बहुत
हȣ Ǔनभ[रहोनेजारहाहै।उदाहरणकेͧलए, यǑदआपकेपासĠेɬस(threads) केबहुतकमसंÉयावाले
Ġेड पूल हɇ, तो 4 या 5 कह सकते हɇ, तो यह एक साथ केवल 4 या 5 घटनाओं कȧ सेवा कर सकता है।
यǑदअͬधकघटनाएंहोतीहɇ तोघटनाओंकोकतारबɮधकरनाहोगाजबतकͩकĠेɬस(threads)
अपनीसͪव[ͧसंगपूरȣ नहȣंकरलेतेहɇ औरइसͧलएआपकाĤदश[नĤभाͪवतहोताहै।दूसरȣ तरफयǑद
हमारेपासĠेडपूलमɅ बड़ीसंÉयामɅ Ġेडहɇ उदाहरणकेͧलए, हजारɉ धागे, जबͩकघटनाएंअÈसरनहȣं
होतीहɇ, इसͧलएबड़ीसंÉयामɅ ĠेडĠेडपूलमɅ ǓनिçĐयबैठेसंसाधनɉ कोबबा[दकररहेहɇ।इसͧलए, Ġेड
पूलमɅ Ġेɬस(threads) कȧ संÉयामह×वपूण[ ͪवकãपहैजोͩकएकएिÜलकेशनͫडजाइनरकोबनाना
होगा।
इसͧलए, इसकेसाथ, हमनेĠेɬस(threads) कासंͯ¢ÜतपǐरचयǑदयाहै, हमनेĠेɬस(threads) और
ĤͩĐयाओंकेबीचअंतरदेखाहैऔरवाèतवमɅ ǓनçपादनसमयकोकमकरनेऔरअनुĤयोगɉ केĤदश[न
मɅ सुधारकेͧलएĠेɬस(threads) काउपयोगकैसेͩकयाजासकताहै? औरहमनेयहभीएकसंͯ¢Üत
पǐरचयǑदयाहैͩककैसेĠेɬस(threads) ऑपरेǑटंगͧसèटम(operating system) औरĠेɬस
(threads) के ͪवͧभÛन उपयोग मɅ Ĥबंͬधत होते हɇ?
धÛयवाद।
Fork: name of system call used to create child process in linux
Kernel: nucleus of operating system
TCB: Thread control Block"
36,0,,"ऑपरेǑटंग ͧसèटम (Operating System) का पǐरचय
Ĥोफेसर चेèटर रेबेरो
संगणक ͪव£ान और अͧभयांǒğकȧ ͪवभाग
भारतीय Ĥौɮयोͬगकȧ संèथान, मġास
सÜताह- 08
åयाÉयान - 35
ऑपरेǑटंग ͧसèटम सुर¢ा
नमèकार।
इसवीͫडयोमɅ हमऑपरेǑटंगͧसèटमसुर¢ादेखɅगे।अब, इसतरहकȧ सुर¢ाइसवत[मानदुǓनयामɅ
बेहदमह×वपूण[ होगईहैÈयɉͩकइसतरहकेͧसèटमहमेशाजुड़ेहोतेहɇ, नतीजतनयहदुभा[वनापूण[
ĤोĒामकेͧलएͧसèटममɅ Ĥवेशकरनाबहुतआसानहोजाताहै।इसͧलए, ऑपरेǑटंगͧसèटमकोइस
तरहसेͫडजाइनͩकयाजानाचाǑहएताͩकइसतरहकेदुभा[वनापूण[ घुसपैठकेकारणजानकारȣ केͩकसी
भी नुकसान को िजतना संभव हो सके बचाया जा सके।
इसͧलए, हम आज के वीͫडयो मɅ ऑपरेǑटंग ͧसèटम सुर¢ा के ͧलए एक संͯ¢Üत पǐरचय देखɅगे।
इसͧलए, जबभीहमएकͧसèटमतैयारकरतेहɇ, तोहमɅ कुछसुर¢ालêयɉ कȧ आवæयकताहोतीहैऔर
ये लêय ͧसèटम कȧ गोपनीयता/सेĐेसी (Secrecy), ईमानदारȣ/इंटȣͬĒटȣ (Integrity) और
उपलÞधता/अवेलेǒबͧलटȣ (Availability) हɇ। अब, गोपनीयता/सेĐेसी (Secrecy) या
गोपनीयता/कांफȧडɅǑटयाͧलटȣ (confidentiality) काअथ[ हैͩककुछवèतुओंकोͪवशेषĤͩĐयाओंकेͧलए
ǺæयमाननहȣंहोनाचाǑहए।उदाहरणकेͧलएͩकसीĤͩĐयाकेͪवशेषाͬधकारऔरउसĤͩĐयाकोचलाने
वालेउपयोगकता[ केͪवशेषाͬधकारकेआधारपर, डेèकयाकुछनेटवक[ सॉकेट(socket) मɅ संĒहȣतकुछ
फ़ाइलɉ जैसेकुछऑÞजेÈɪसकोउसĤͩĐयाɮवारापठनीयनहȣंͩकयाजानाचाǑहए।अǓनवाय[ Ǿपसे
कौनसीगोपनीयताĤाÜतहोतीहैयहहैͩककुछवèतुओंकेअनͬधकृतĤकटȣकरणकोरोकाजाना
चाǑहए।कौनसीगोपनीयतायागोपनीयताĤाÜतहोतीहैयहहैͩककुछवèतुओंजैसेफाइलɉ और
सॉकेटɉ का अनͬधकृत Ĥकटȣकरण नहȣं होना चाǑहए।
अखंडताकेसंबंधमɅ अनͬधकृतसंशोधनकामतलबहै।दूसरेशÞदɉ मɅ एकदुभा[वनापूण[ उपयोगकता[ या
ǒबनापया[Üतͪवशेषाͬधकारवालेउपयोगकता[ कोͩकसीͪवशेषवèतु, जैसेफ़ाइलयासॉकेटकोͧलखनेमɅ
स¢मनहȣंहोनाचाǑहए।उदाहरणलेनेकेͧलए, ͧसèटममɅ एकसामाÛयउपयोगकता[ कुछͧसèटम
संबंͬधत फ़ाइलɉ को संशोͬधत करने मɅ स¢म नहȣं होना चाǑहए।
दूसरȣ ओर, उपलÞधताकामतलबहैͩकएकͪवशेषउपयोगकता[ याͩकसीͪवशेषĤͩĐयाकेपासͧसèटम
संसाधनɉ कासीͧमतउपयोगहोताहै।दूसरेशÞदɉ मɅ, एकͪवशेषउपयोगकता[ पूरेͧसèटमसंसाधनɉ को
हॉग करने मɅ स¢म नहȣं होना चाǑहए।
यǑदऐसीचीजͧसèटममɅ उपलÞधनहȣंहैतोयहहमला“सेवासेइनकार” (denial of service) करनेके
ǾपमɅ जानाजाताहै, िजसमɅ ͧसèटमपरचलरहेकुछदुभा[वनापूण[ ĤोĒामͩकसीअÛयĤोĒामकोकुछ
हाड[वेयरसंसाधनɉ तकपहुंचसेरोकदɅगेजैसेसीपीयू(CPU), रैमयाͫडèक।इसͧलए, एकĤणालȣ मɅ
उपलÞधता काफȧ हद तक Ǔनभ[र करती है, ͩक, ऑपरेǑटंग ͧसèटम कैसे ͫडज़ाइन ͩकया गया है।
उदाहरणकेͧलए, हमनेदेखाथाͩककैसेसीपीयूअनुसूचकɉ/शेɬयूलरस(CPU schedulers) कोउͬचत
शेɬयूͧलंगसुǓनिæचतकरनेकेͧलएͫडज़ाइनͩकयाजासकताहैͩकͧसèटममɅ हरĤͩĐयाकोइसकȧ
Ĥाथͧमकताकेआधारपरसीपीयू(CPU) काउͬचतǑहèसाͧमलजाताहै।अब, गोपनीयताऔरअखंडता
कोĤाÜतकरनेकेͧलए, आमतौरपरकौनसेऑपरेǑटंगͧसèटमपहुंच/एÈसेस(access) ǓनयंğणĤाÜत
करते हɇ। इसͧलए, हम इस ͪवशेष वीͫडयो मɅ एÈसेस कंĚोल तकनीक देख रहे हɉगे।
पहुंच/एÈसेस(access) ǓनयंğणĤाÜतकरनेकेͧलए, इसकाअथ[ यहहैͩकͩकसीऑÞजेÈटपरपहुंच
जैसेफ़ाइल, सॉकेटयायहͪĤंटरयाहाड[वेयरकȧ तरहहाड[वेयरͫडवाइसकाǓनयंğणहोसकताहै।
अǓनवाय[ Ǿपसे, यǑदकोईĤͩĐयाͩकसीͪवशेषफ़ाइलयाͧसèटममɅ ͩकसीअÛयऑÞजेÈटतकपहुंच
ĤाÜतकरनाचाहतीहै, तोउसे“पहुंचǓनयंğणतंğ”/”एÈसेसकंĚोलमैकेǓनÏम” (access control
mechanism) सेगुजरनाहोगा।अǓनवाय[ Ǿपसे, सभीऔरकेवलअͬधकृतपहुंच/एÈसेस(access) हो
सकतीहै।दूसरेशÞदɉ मɅ, यǑदͩकसीĤͩĐयाकोͩकसीऑÞजेÈटतकपहुंचनेकȧ आवæयकताहोतीहैतो
उसेǓनिæचतǾपसेउसͪवशेषऑÞजेÈटतकपहुंचदȣ जानीचाǑहए।तो, पहुंचसेहमाराÈयामतलबहै?
अǓनवाय[ ǾपसेपहुंचसेहमारामतलबउसवèतुपरएकऑपरेशनहैिजसकोएकͪवशेषĤͩĐयाको
करना है।
इसͧलए, येऑपरेशनपढ़ने, ͧलखने, ǓनçपाǑदतकरने, बनानेयाहटाने/ͧमटानेमɅ सेएकहोसकताहै।
अब, इसपहुंचकोकेवलतबअनुमǓतदȣ जानीचाǑहएजबकेवलउसĤͩĐयाकोबनानेकेͧलएͪवशेष
ĤͩĐयाअͬधकृतहो।दूसरेशÞदɉ मɅ, केवलतभीजबकोईĤͩĐयाͩकसीͪवशेषĤोĒामकोǓनçपाǑदत
करनेकेͧलएअͬधकृतहोतीहैयाकेवलͩकसीͪवशेषफ़ाइलकोपढ़तीयाͧलखतीहैतोऑपरेशनको
अनुमǓत दȣ जानी चाǑहए।
“अͧभगमǓनयंğणĤणालȣ” (Access Control System) ͪवकͧसतकरनेकेͧलए, तीनघटकहɇ: सुर¢ा
नीǓतयां, सुर¢ामॉडलऔरसुर¢ातंğ।अबसुर¢ानीǓत, उÍचèतरकेǓनयमहɇ जोअͧभगमǓनयंğण
कोपǐरभाͪषतकरतेहɇ।अबसुर¢ामॉडलअͧभगमǓनयंğणसुर¢ानीǓतऔरइसकेकामकाजका
औपचाǐरकĤǓतǓनͬध×वहै।अǓनवाय[ Ǿपसेयहएकऔपचाǐरकमॉडलयासुर¢ानीǓतकागͨणतीय
ǾपसेĤǓतǓनͬध×वमॉडलहै।औरइसमॉडलकाउपयोगͧसèटमकेबारेमɅ ͪवͧभÛनचीजɉ कोसाǒबत
करनेमɅ मददकेͧलएͩकयाजाताहै, उदाहरणकेͧलएआपयहͪवशेषसुर¢ामॉडलकाउपयोगयह
साǒबत करने के ͧलए कर सकते हɇ ͩक एक ͪवशेष Ĥणालȣ सुरͯ¢त है।
अब, सुर¢ातंğ Ǔनàनèतरकेहाड[वेयरयासॉāटवेयरहैिजसमɅ नीǓतकाकाया[×मककाया[Ûवयनहैजो
सुर¢ानीǓतऔरमॉडलहै।इसͧलए, दूसरेशÞदɉ मɅ आपइसबारेमɅ उÍचèतरकेǓनयमɉ केबारेमɅ सोच
सकतेहɇ जोसुर¢ानीǓतयɉ यासुर¢ासुͪवधाओंकोपǐरभाͪषतकरतेहɇ िजÛहɅ ͧसèटमɮवारासमͬथ[त
होनाआवæयकहै।यहएकगͨणतीयमॉडलयाथोड़ाǓनàनèतरकाĤǓतǓनͬध×वहैऔरयहतंğ
नीǓतयɉ का वाèतͪवक काया[Ûवयन है। तो, आइए हम इनमɅ से Ĥ×येक को ͪवèतार से देखɅ।
इसͧलए, सुर¢ानीǓतअǓनवाय[ ǾपसेͧसèटमकेभीतरकुछनीǓतयɉ कोलागूकरनेकेͧलएएकयोजना
है।तोहमकैसेǓनण[यलेतेहɇ ͩकͧसèटमकȧ नीǓतयɉ केपासÈयाहोनाचाǑहए? यहपǐरभाͪषतͩकया
गयाहैͩकͧसèटममɅ कौनसेखतरेमौजूदहɇ औरसाथहȣ ͧसèटमकैसेͫडज़ाइनͩकयागयाहै।इसͧलए,
सुर¢ानीǓतͪवकͧसतकरनाआसाननहȣंहै।इसͧलएइसेवाèतवमɅ पहचाननेकेͧलएबहुतसारे
ͪवचार-मंथनकȧ आवæयकताहोगीͩकͪवͧभÛनखतरɉ Èयाहɇ याͧसèटमपरहोनेवालेͪवͧभÛनहमलɉ
Èयाहɇ औरएकबारइनहमलɉ केजाननेकेबादनीǓतयांऐसीहमलɉ कोरोकनेकेͧलएबनाईगईहɇ।तो,
सुर¢ा नीǓत वाèतव मɅ कैसी Ǒदखती है?
तोएकसुर¢ानीǓतअǓनवाय[ Ǿपसेबयानɉ/èटेटमɅɪस(statements) काएकसेट(set) होगा।येबयान
बेहदसंͯ¢ÜतऔरसटȣकहोनाचाǑहएऔरनीǓतकेलêयɉ कोहोनाचाǑहए।इसͧलए, इनलêयɉ कोया
तोपूरेसमुदाययाउनलोगɉ केपूरेसमूहɮवारासहमतͩकयाजानाचाǑहएजोउसĤणालȣ कोͪवकͧसत
कररहेहɇ, याकुछशीष[ Ĥबंधनɮवाराऔरयहसुर¢ामॉडलकाआधारबनाताहैजोनीǓतका
औपचाǐरक गͨणतीय ĤǓतǓनͬध×व है।
तोआइएलɅ ͩकसुर¢ानीǓतकोकैसेनहȣंͧलखाजानाचाǑहए।तो, अबहमजोदेखरहेहɇ वहयहहैͩक
सुर¢ानीǓतयांकंÜयूटरͧसèटमकेͧलएअǓनवाय[ नहȣंहɇ, लेͩकनयहसंगठनɉ केͧलएभीहोसकतीहै।
इसͧलए, यहͪवशेषसुर¢ानीǓत“मेगाकॉप[ इनकॉपȾरेटेड” (“Megacorp Incorporated”) नामकइस
ͪवशेषकंपनीकेͧलएहै।इसͧलए, वहांसुर¢ानीǓतबहुतकमहै, इसमɅ केवलचारबयानहɇ औरयह
Ǔनàनानुसारपढ़ताहै; यहनीǓतĤबंधनɮवाराअनुमोǑदतकȧ जातीहै, सभीकम[चारȣ सुर¢ानीǓतका
पालनकरɅगे, डेटाकेवल'जǾरत-से-जानना'/‘नीड-टू-नो’ (‘need-to-know’) वालेलोगɉ केͧलएउपलÞध
होगा, इस नीǓत के सभी उãलंघनɉ को तुरंत सुर¢ा के ͧलए ǐरपोट[ ͩकया जाएगा।
तोइसͪवशेषसुर¢ानीǓतकेसाथÈयामुɮदे/समèयाएंहɇ? इसͧलएयǑदहमवाèतवमɅ इसͪवशेष
कंपनीसेइसनीǓतकोऔरअͬधककरȣबलेतेहɇ, तोहमदेखतेहɇ ͩकइसमɅ बहुतसारȣ ğुǑटयांहɇ।
इसͧलए, अǓनवाय[ ǾपसेनीǓतपूण[ नहȣंहैऔरइसकाउपयोगसुर¢ातंğ बनानेकेͧलएनहȣंͩकयाजा
सकताहै।तोउदाहरणकेͧलए, यहनीǓतĤबंधनɮवाराअनुमोǑदतकȧ जातीहैजोपहलȣ चीज़है।
इसͧलए, आमतौरपरहमारȣ सुर¢ानीǓतमɅ पॉͧलसीकȧ मंजूरȣ नीǓतदèतावेजकाǑहèसानहȣंहोना
चाǑहए।
दूसरा, सभीकम[चारȣ मानɅगे।तो, इसकामतलबÈयाहै? कौनलागूकरताहैͩकएककम[चारȣ कापालन
करनाचाǑहए? ÈयायहवाèतवमɅ कम[चाǐरयɉ कȧ नैǓतकआवæयकताहैͩकवाèतवमɅ इसनीǓतका
पालनकरɅगेयावाèतवमɅ एकइकाईहैजोसंगठनमɅ सभीकम[चाǐरयɉ कोइसͪवशेषनीǓतकेपालनके
ͧलएलागूकरतीहै? तीसरा, 'जानने-कȧ-जǾरत'/ ‘नीड-टू-नो’ (‘need-to-know’), तोकैसेयामुझेजानने
कȧ Èयाआवæयकताहै? कैसेपǐरभाͪषतͩकयाजाए? कौनǓनधा[ǐरतकरताहैͩककौनजानताहै? या
ͩकस जानकारȣ? इसͧलए, यह ǓनǑद[çट नहȣं है या इस ͪवशेष नीǓत वÈतåय से बहुत èपçट नहȣं है।
अंतमɅ, सुर¢ाकोतुरंतइसनीǓतकेसभीउãलंघनɉ कȧ सूचनादȣ जानीचाǑहए।तो, उãलंघनɉ कȧ कमी
कैसेͩकयाजाताहै? सुर¢ानीǓतइसफॉम[ कोकुछभीनहȣंबतातीहै? उनकोǐरपोट[ करनेकेͧलए
ͩकसकाकत[åयहै? तोइनदोनɉ कायहांउãलेखनहȣंͩकयागयाहै, इसͧलएजबआपदेखतेहɇ ͩकयह
ͪवशेषनीǓतबहुतछोटȣ हैऔरबहुतहȣ कमहैऔरकेवलचारअंकशाͧमलहɇ, ͩफरभीयहबहुत
अèपçटताकȧ ओरजाताहैऔरऐसीअèपçटताउसकंपनीकेͧलएकमजोरसुर¢ाकाकारणबनतीहै।
इसͧलए, जब हमɅ ͩकसी कंपनी के ͧलए सुर¢ा नीǓत ͧलखनी है तो इसे सभी पहलुओं मɅ पूरा होना चाǑहए।
अब, सुर¢ामॉडलकोदेखतेहɇ।अǓनवाय[ ǾपसेहमɅ सुर¢ामॉडलकȧ आवæयकताÈयɉ है? हमसुर¢ा
नीǓतसेÈयɉ नहȣंजासकतेहɇ, सुर¢ानीǓतकाउपयोगकरसकतेहɇ औरसीधेसुर¢ातंğ कोलागूकर
सकतेहɇ? हमɅ इसपूरेपदानुĐममɅ सुर¢ामॉडलÈयɉ पेशकरनेकȧ आवæयकताहै? अǓनवाय[ Ǿपसेएक
सुर¢ामॉडलहोनेकेकारण, हमकमसेकमऔपचाǐरकǓनमा[णमɅ सुर¢ानीǓतकामॉडलकरनेमɅ
स¢महɇ।इसͧलएइसतरहसुर¢ानीǓतमɅ ͩकसीभीछूटकोकमͩकयाजाएगाऔरदूसरȣ बात, हमतक[
औरसाǒबतकरनेकेͧलएउपकरणɉ औरतकनीकɉ काभीउपयोगकरसकतेहɇ ͩकͧसèटमवाèतवमɅ
पǐरभाͪषत सुर¢ा नीǓत के संबंध मɅ सुरͯ¢त है।
तो, आͨखरȣ पहलूसुर¢ातंğ है।इसͧलएसुर¢ातंğ केǾपमɅ हमनेसुर¢ानीǓतकोलागूकरनेकेसाथ
समझौतɉ कोदेखाहै।अब, यहमह×वपूण[ हैͩकसुर¢ातंğ कोलागूकरनाğुǑटमुÈतहै, इसमɅ कोईğुǑट
नहȣंहै।यहबेहदजǾरȣ Èयɉ हैͩककोईğुǑटनहȣंहो? ऐसाइसͧलएहैÈयɉͩकयǑदतंğ केकाया[ÛवयनमɅ
ğुǑटयांहɇ तोहमलावरɉ केͧलएउनğुǑटकाफायदाउठानाऔरउसĤणालȣ मɅ अनͬधकृतपहुंचĤाÜत
करना संभव होगा।
दूसरा, सुर¢ातंğ काकाया[ÛवयनͪवæवसनीयआधारहोनाचाǑहए।अǓनवाय[ Ǿपसेयहवहमूलहैजहां
सेसंपूण[ Ĥणालȣ कȧ सुर¢ापरǓनभ[रकरेगा।इसͧलए, यǑदयहèवयंğुटुपूण[ औरअधूराहै, तोयहएक
सुरͯ¢तĤणालȣ नहȣंबनाएगा।इसͧलए, सुर¢ातंğ काया[Ûवयनकेगुणयहहैͩकयहछेड़छाड़ͪवरोधी,
ǒबनाबचकरǓनकलजानेयोÊयहोनाचाǑहए।औरनॉन-बाईपासɮवारा, हमारामतलबहैͩकͧसèटममɅ
सभीपहुंचसुर¢ातंğ ɮवारापहलेमूãयांकनकȧ जानीचाǑहए।ͩफरयहएकसुर¢ाकनȶलहोनाचाǑहए,
इसͧलएइसकाअथ[ यहहैͩकसुर¢ानीǓतकेͧलएसंपूण[ काया[ÛवयनͧसèटमकेसीͧमतǑहèसेतकहȣ,
सीͧमत होना चाǑहए और इसे ͧसèटम के ͪवͧभÛन Ǒहèसɉ मɅ ǒबखरा होना चाǑहए।
इसͧलए, एकसुर¢ाकनȶलहोनेपरजहांसबकुछबससीͧमतहै, कहɅ, पूरेͧसèटमकाएकछोटासा
Ǒहèसासुर¢ाकेमामलेमɅ परȣ¢णऔरडीबगऔरस×याͪपतकरनाआसानबनाताहै।ͩफरभीयह
छोटाहोनाचाǑहए।इसͧलए, सुर¢ातंğ केͧलएएकछोटासाआकारयहसुǓनिæचतकरेगाͩकयहकुछ
कठोर स×यापन से गुजर सकता है।
अब, अͧभगमǓनयंğण/एÈसेसकंĚोलकेͧलए3 तकनीकɅ हɇ।वेडीएसी(DAC), मैक(MAC) और
आरबीएसी (RBAC) हɇ। इसͧलए, डीएसी (DAC) ͪववेकाधीन/ͫडिèĐशनरȣ एÈसेस कंĚोल
(Discretionary Access Control) है, मैक(MAC) अǓनवाय[/मैनडेटरȣ एÈसेसकंĚोल(Mandatory
Access Control) हैऔरआरबीएसी(RBAC) रोल-आधाǐरतएÈसेसकंĚोल(Role-based Access
Control) है। इसͧलए, हम इस ͪवशेष åयाÉयान मɅ डीएसी (DAC) और मैक(MAC) को देख रहे हɉगे।
ͪववेकाधीन/ͫडिèĐशनरȣ एÈसेसकंĚोल(Discretionary Access Control) याडीएसी(DAC) एक
एÈसेसकंĚोलहैजोअनुरोधकता[ कȧ पहचानपरआधाǐरतहै।वहाँपहुँच/एÈसेसǓनयमकाएकसेट
होगाजोअनुरोधकता[ करनेकȧ अनुमǓतदेरहेहɇ(यानहȣं)।इसͧलए, येएÈसेसǓनयमअǓनवाय[ Ǿपसे
पǐरभाͪषतकरɅगेͩकअनुरोधकता[ ÈयाऑÞजेÈटसकरताहै, यहͪवषयकेǾपमɅ भीजानाजासकताहै,
और, ͩकसवèतुकोपढ़ाजासकताहै, ͧलखाजासकताहै, ǓनçपाǑदत, बनायायाहटायाजासकताहै
और इसी तरह।
अब, इनͪवͧभÛनवèतुओंकेͪवशेषाͬधकारɉ कोĤदानͩकयाजाताहै, साथहȣ साथͧसèटमĤशासक
ɮवाराǓनरèतͩकयाजाताहै।इसͧलए, यǑदउपयोगकता[ केपासएकͪवशेषͪवशेषाͬधकारहैतोवेअÛय
उपयोगकता[ओंकोउसͪवशेषाͬधकारकोभीपाǐरतकरसकतेहɇ।एकडीएसी(DAC) ͧसèटमकाएक
बहुतहȣ आमउदाहरणहै, अथा[त, ͪववेकाधीनअͧभगमǓनयंğणĤणालȣ एÈसेसमैǑĚÈसमॉडल
(Access Matrix Model) है।
तो, एÈसेसमैǑĚÈसमॉडल(Access Matrix Model) को1971 मɅ बटलरलैàपसन(Butler
Lampson) ɮवाराͫडजाइनͩकयागयाथा।इसमɅ ͪवषयɉ औरवèतुओंकासमावेशहै, इसकेअलावा
इसमɅ इसǾपमɅ एकसारणीभीहैजहांĤ×येकसेलमɅ कुछͪवशेषकाय[ होतेहɇ।इसͧलए, ͧसèटममɅ
ͪवषयसͩĐयत×वहɇ, जैसेͧसèटमउपयोगकता[ याĤͩĐयायɅ याĤोĒामजोसूचनाकाअनुरोधकररहे
हɇ।
दूसरȣ तरफǓनिçĐयत×वहɇ जोउदाहरणकेͧलएèटोरकȧ जानकारȣ देतेहɇ।अबͩĐयाएंइसͪवशेष
मैǑĚÈसकेĤ×येकसेलमɅ ǓनǑद[çटहɇ।इसͧलए, उदाहरणकेͧलएͪवषयए(A) केपासĤोĒाम1 केͧलए
ǓनçपादनअनुमǓतयांहɇ, उÛहɉनेफ़ाइल2 केͧलएअनुमǓतयांपढ़औरͧलखलȣ हɇ औरउÛहɉनेफ़ाइल1 के
ͧलएअनुमǓतपढ़ȣ हैऔरͧलखदȣ हैऔरसाथहȣ वहफ़ाइल1 केमाͧलकहɇ।इसͧलए, यǑदआपऔर
अͬधकÚयानसेदेखतेहɇ, एÛनकोफ़ाइल3 परकोईअनुमǓतनहȣंहै, वहनतोइसेपढ़सकतीहैऔरन
हȣ इसे ͧलख सकती है और न हȣ वह वाèतव मɅ ĤोĒाम को पढ़ या ͧलख सकती है।
तो, इसएÈसेसमैǑĚÈसमॉडल(Access Matrix Model) काĤǓतǓनͬध×वकरनेकेͧलएऔपचाǐरक
ͪवͬधमɅ, हमजोकरसकतेहɇ वहइसमैǑĚÈस‘ए’ (‘A’) कोपǐरभाͪषतकरताहैिजसमɅ ‘एÈसएसआई’
(X​si​) शाͧमलहैजोͪवषयɉ केͧलएऔर‘एÈसओजे’ X​oj है, जोͩकसीऑÞजेÈटकेͧलएहै।इसͧलए, इस
ͪवशेषचीज़का'ए' (‘A’) ͪवषय'si' इंͬगतकरेगा, उदाहरणकेͧलएबॉबऔरउदाहरणकेͧलएएक
ऑÞजेÈट फ़ाइल 2। ͩफर हम इस ͪवशेष मैǑĚÈस मɅ Ĥ×येक सेल को अͬधकार भी दे सकते हɇ।
उदाहरणकेͧलए, अͬधकारɉ कोइसआर1, आर2 सेआरके(r​1​, r​2 to r​k​) जैसेसेटसेͧलयाजासकताहै
औरयहͪवशेषबात, 'एÈसएसआई', 'एÈसओजे' (X​si​, X​oj ) का'ए'(A), आर(R) का
उप-समुÍचय/सबसेटहै।उदाहरणकेͧलए, इसउदाहरणमɅ अͬधकारèवाͧम×व(own), पढ़ना(read),
ͧलखना(write), ǓनçपाǑदत(execute) करनाहै, इसतरहऔरयेसेटआर(R) मɅ हɉगेऔरइस
मैǑĚÈस(matrix) मɅ Ĥ×येकसेलकेअनुǾपहमपǐरभाͪषतकरɅगेͩकअͬधकारÈयाहɇ।तो, यह
पǐरभाͪषतकरेगाͩकऑÞजेÈटओजे(object oj) परͪवषयsi काअͬधकारÈयाहै।इसकेअलावाकुछ
‘Ĥाथͧमकपǐरचालनɉ’/ͪĤͧमǑटवऑपरेशÛस(primitive operations) केǾपमɅ जानाजाताहै।तो, यह
ओ(O) ɮवारादशा[यागयाहैऔरयह6 पǐरचालनɉ/ऑपरेशÛस(operations) काएकसेटहैजोयहां
ǓनǑद[çट है।
तोयहउदाहरणकेͧलएहै, मैǑĚÈसमɅ ͩकसीèथानमɅ आर(r) दज[ करɅ याउसèथानसेआर(r) को
हटाएं, यहांआर(r) सामाÛयअͬधकारɉ सेͧलयागयाहै।तो, यहएकत×वहैसेट'आर' (‘R’) से।इसी
तरहअÛयऑपरेशंसएकͪवशेषͪवषय‘एÈसएस’ (‘X​s​’) बनानेकेͧलएहɇ, एकऑÞजेÈट‘एÈसओ’
(‘X​o​’) ​बनानेकेͧलए, एकͪवषय‘एÈसएस’ (‘X​s​’) कोनçटकरनेयाऑÞजेÈटएÈसओ(‘X​o​’) कोनçट
करने के ͧलए है।
तोयेएकमाğ Ĥाथͧमकऑपरेशंसहɇ जोइसͪवशेषएÈसेसमैǑĚÈस(access matrix) परͩकएजा
सकतेहɇ।इसͧलए, जैसाͩकहमदेखतेहɇ ͩकइनमɅ सेĤ×येकĤाथͧमकपǐरचालनयातोमैǑĚÈसमɅ
ͩकसीͪवशेषसेलकȧ सामĒीकोसंशोͬधतकरेगायायहͪवषय/सÞजेÈट(subject) कोनçट, औरवèतु
(object) कोनçटकरनेकेसाथ, एकसंपूण[ èतंभ/कॉलम(column) हटासकताहै।तोयहयातोएक
ͪवशेषकॉलमयाएकͪवशेषपंिÈतकोहटासकताहैयायǑदयहचाहताहैͩकयहएकनयाकॉलमभी
बनासकताहैजोऑÞजेÈटबनारहाहोयाकोईͪवषय/सÞजेÈट(subject) बनारहाहो।तोएकबार, जब
हमनेइसतरहकेĤाथͧमकपǐरचालनɉ कोपǐरभाͪषतकरͧलयाहै, हमकुछऔरपǐरभाͪषतकरसकते
हɇ जोथोड़ाअͬधकजǑटलहैऔरइनͪĤͧमǑटवऑपरेशÛस(primitive operations) परपेèटकरɅ िजÛहɅ
कमांड के नाम से जाना जाता है।
तो, यादकरनेकेͧलएहमारेपासएÈसेसमैǑĚÈसहैजो‘ए’ (‘A’) ɮवाराǓनǑद[çटͩकयागयाहै, हमारे
पास'आर1'(‘r 1​’) से'आरके' (‘r​k​’) तक‘जेनेǐरकअͬधकार’ (generic rights) हɇ, औरहमारेपासछः
Ĥाथͧमक/ͪĤͧमǑटवऑपरेशÛस(primitive operations) हɇ जैसाͩकहमयहांǓनǑद[çटकरतेहɇ।इसͧलए,
हमइसतरहकेजǑटलआदेशबनानेकेͧलए, इनसभीकाउपयोगकरसकतेहɇ।एकसामाÛयकमांड
इसतरहǑदखेगाऔरइसेकहाजाएगा, उदाहरणकेͧलएअãफाजोकईपैरामीटरएÈस1 (x1) सेएÈसn
(xn) लेताहैऔरहमारेपासǓनयमɉ काएकसेटहोसकताहै।उदाहरणकेͧलएयǑदआर1 (r​1​) इस
मैǑĚÈससेलऔरआर2 (r​2​), आर3 (r​3​) औरइसीĤकारहै, तोइनǓनàनͧलͨखतपǐरचालनɉ/ऑपरेशÛस
(operations) कोǓनçपाǑदतकरɅ।तो, हमजोकहरहेहɇ वहइनǓनàनèतरकेआǑदमपǐरचालनɉ पर
आͬधǐरतहै, आनुवंͧशकअͬधकारɉ/जेनेǐरकराइɪस(genetic rights) औरअͧभगममैǑĚÈस/एÈसेस
मैǑĚÈस(access matrix) केआधारपर, हमारेपासएÈसेसमैǑĚÈसपरअͬधकजǑटलआदेशहोसकते
हɇ।
तोआइएऐसेआदेशɉ केकुछउदाहरणलɅ, उदाहरणकेͧलएͩĐएटĤोसेसकॉमाफ़ाइल।तो, यहां
ĤͩĐया/ĤोसेसͪवषयहैऔरइसकामतलबÈयाहै, यहĤͩĐयाइसफ़ाइलकोबनानाचाहताहै।तो,
आदेशइसतरहकामकरेगा, इसͧलएपहलेहमͪĤͧमǑटवऑपरेशÛस(primitive operations) का
उपयोगकरतेहɇ, एकऑÞजेÈटफ़ाइलबनातेहɇ औरͩफरउसĤͩĐयाकोमाफ़ाइलमɅ दज[ करतेहɇ।
इसͧलए, यह‘Ĥोसेसकॉमाफ़ाइल’ (process comma file) एÈसेसमैǑĚÈस(access matrix) मɅ सेल
सेमेलखातीहै।तोयǑदयहͪवशेषआदेशमौजूदनहȣंहै, तोवाèतवमɅ एकͪवशेषफ़ाइलबनानेकȧ
ĤͩĐया के ͧलए यह संभव नहȣं होगा। तो, यह एक बहुत हȣ सरल उदाहरण है।
इसͧलएहमइसͪवशेषउदाहरणकȧ तरहकुछऔरजǑटलहोसकतेहɇ, यानी, CONFERr - जोमाͧलक,
ͧमğ, फ़ाइलहै।तो, माͧलकऔरͧमğ ͪवषयहɇ औरफ़ाइलयहांपरवèतुहै।औरएÈसेसमैǑĚÈसपर
इसͪवशेषकमांडɮवाराÈयाकरनाहै, यहहैͩक, हमउसͪवशेषवèतुकेͧलएͩकसीͧमğ कोमौजूद
'आर' (‘r’) Ĥदानकरनाचाहतेहɇ।तो, यहमाͧलकइसͪवशेषफ़ाइलकेसंबंधमɅ ͧमğ केͧलएसहȣ ‘आर’
(‘r’) Ĥदानकरनाचाहताहै।तो, इसͪवशेषआदेशमɅ Èयाचलरहाहै? तोअǓनवाय[ Ǿपसेहमपहले
परȣ¢णकरतेहɇ ͩकÈयामाͧलकवाèतवमɅ उसफ़ाइलकामाͧलकहै? इसͧलए, हमपहलेदेखतेहɇ ͩक,
मैǑĚÈससेलमɅ, माͧलकͪवषयऔरफाइलऑÞजेÈटकेअनुǾप, यǑद""ओनरकॉमाफ़ाइल""(owner
comma file) मɅ ""ओनराइट"" (own right) मौजूदहै; यǑदयहवाèतवमɅ सचहैतोआर(‘r’) दज[ करɅगे,
यानी, मैǑĚÈस के ""ĥɅ ड कॉमा फ़ाइल""(friend comma file) भाग मɅ, सहȣ 'आर'(‘r’) दज[ करɅ।
इसीĤकार, हमारेपासएकऔरउदाहरणहोसकताहै, जहांहमएकपूव[ ͧमğ सेअͬधकारहटासकतेहɇ।
हमइसͪवशेषकमांडकोपासकररहेहɇ, तीनपैरामीटर: माͧलक, पूव[ ͧमğ औरफ़ाइल।इसͧलए,
अǓनवाय[ Ǿपसेहमजोकरनाचाहतेहɇ वहइसͧमğ सेͪवशेषअͬधकार'आर' (‘r’) कोरɮदकरदेताहै
जोएकऔरͪवषयहै।तो, कमांडइसतरहǑदखताहै, अगरown हैowner कॉमाफ़ाइलमɅ तोयहहैͩक
अगरowner वाèतवमɅ फ़ाइलकामाͧलकहैऔरसहȣ 'आर', exfriend कॉमाफ़ाइलमɅ मौजूदहै, तो
exfriend कॉमाफ़ाइलसे'आर' (‘r’) हटाएं।इसͧलए, हमसहȣ 'आर' (‘r’) कोहटासकतेहɇ िजसे
exfriend केसंबंधमɅ फ़ाइलपरपढ़नायाͧलखनायाǓनçपादनकाअͬधकारहोसकताहै।अǓनवाय[ Ǿप
से पूव[ ͧमğ के पास ͪवशेष फ़ाइल पर सहȣ 'आर' (‘r’) नहȣं होगा।
तोएकसुर¢ाĤणालȣ, यǑदहमवाèतवमɅ इसͪवशेषमैǑĚÈसɮवाराइसकाĤǓतǓनͬध×वकरतेहɇ, और
हमनेजोदेखाहै, वहहैͩक, हमइसपरकमांडलागूकरसकतेहɇ, जैसेहमनेͪपछलेèलाइडमɅ उदाहरणɉ
मɅ कुछकमांडदेखेहɇ औरĤ×येककमांडकेसाथहमइसͪवशेषएÈसेसमैǑĚÈसकोसंशोͬधतकररहेहɇ।
इसͧलए, उदाहरणकेͧलएइसकमांडनेइससेलकोएÈसेसमैǑĚÈसमɅ यहांसंशोͬधतͩकयाहै।इसी
Ĥकार, यǑदआपएकऔरकमांडचलातेहɇ, तोएÈसेसमैǑĚÈसकादूसराभागयाएÈसेसमैǑĚÈसमɅ
एकाͬधकसेãसकोसंशोͬधतͩकयाजाएगा।तो, इसपरआधाǐरतहमपǐरभाͪषतकरतेहɇ, िजसेलȣकȧ
(Leaky) अवèथाकेǾपमɅ जानाजाताहै? एÈसेसमैǑĚÈसकोअͬधकार'आर'ǐरसावकरनेकेͧलएकहा
जाताहैयǑदकोईऐसाआदेशमौजूदहोताहैजोएÈसेसमैǑĚÈसमɅ एकĤͪविçटमɅ अͬधकार'आर'
जोड़ता है िजसमɅ पहले 'आर' नहȣं था।
तो, इसकाअथ[ यहहैͩकहमारेपासयहांमैǑĚÈसकȧ िèथǓतहैऔरहमएकआदेशचलातेहɇ और
नतीजतनएकआरयासहȣ 'आर' हैजोइसͪवशेषमैǑĚÈसमɅ दज[ ͩकयाजाताहै।तो, हमÈयाकहतेहɇ
ͩक‘मैǑĚÈसलȣकआर’ ( matrix leaks r) कȧ यहͪवशेषिèथǓत।अब, एकलȣकȧ िèथǓतहमेशाबुरा
होनेकȧ जǾरतनहȣंहै।इसͧलए, यहवाèतवमɅ यहǓनधा[ǐरतकरनेकेͧलएहमपरछोड़Ǒदयागयाहैͩक
मैǑĚÈसमɅ ͩकसीͪवशेषसेलसे'आर' (‘r’) लȣककरनाͧसèटमकȧ सुर¢ाकेसंबंधमɅ अÍछायाबुराहैया
नहȣं।
तोचͧलएपǐरभाͪषतकरतेहɇ ͩकͧसèटमकबसुरͯ¢तकहाजाताहै? तो, हमारेपाससुर¢ाकȧ दो
पǐरभाषाएंहɇ।पहलȣ पǐरभाषा; एकͧसèटमसुरͯ¢तहैयǑदमाͧलककȧ सहमǓतकेǒबनाͩकसी
ऑÞजेÈटतकपहुंचअसंभवहै।दूसरा, उपयोगकता[ यहबतानेमɅ स¢महोनाचाǑहएͩकͩकसीͪवशेष
ͪवषयकाअͬधकारदेदेनाऔरͩकसीऑÞजेÈटकेसंबंधमɅ, उसअͬधकारकेआगेǐरसाव(leakage) का
कारण बन जाएगा।
तोदेखतेहɇ ͩकऔपचाǐरकमॉडलसेइसकाÈयाअथ[ है।मानलȣिजए, एकͪवषय‘s’ कȧ योजनाͩकसी
अÛयͪवषयके‘s’ Ĥाइमकोदेनेकȧ योजनाहै, ‘ओ’ (‘O’) ऑÞजेÈटकोअͬधकारआर(‘r’)।‘एएस
Ĥाइमकॉमाओ’ (‘A s prime comma o’) मɅ आर(‘r’) Ĥवेशकेसाथ, यहमैǑĚÈसकेइसͪवशेषसेलमɅ
जोड़ेगएएकनएअͬधकारकेसाथहै।ÈयायहसंभवहैͩकबादमɅ मैǑĚÈस‘ए’ (‘A’) मɅ कहȣंऔरĤवेश
ͩकयाजासकताहै, यǑदऐसीचीजसंभवहैतोͧसèटमअसुरͯ¢तहोजाएगा।इसͧलए, अǓनवाय[ Ǿपसे
एकͧसèटमअसुरͯ¢तहैयǑदͩकसीभीऑपरेशनयाएÈसेसमैǑĚÈस(access matrix) परचलनेवाले
ͩकसीभीकमांडकेपǐरणामèवǾपउसͪवशेषअͬधकारकोͩकसीअÛयåयिÈतयामैǑĚÈसमɅ कहȣंऔर
èथानांतǐरत ͩकया जा सकता है।
तोहमएकअसुरͯ¢तिèथǓतकाएकउदाहरणदेखɅगे।तोआइएइनदोआदेशɉ/कमांɬस(commands)
परͪवचारकरɅ, एक‘कॉÛफेरएÈसेÈयूट’ (‘CONFERexecute’) है।तो, ͪवषयएस(S) ͪवषयएसĤाइम
(S prime) कोĤदानकरनाचाहताहै, ‘ओ’ (‘O’) केͧलएǓनçपादनसहȣ है।तो, यहआदेशǓनçपाǑदत
करताहै‘एसकॉमाएसĤाइमकॉमाओ’ (‘S comma S prime comma O’) कहताहैͩकएकͪवषय
यǑदयहऑÞजेÈट‘ओ’ (‘O’) केèवामीहैतोयहसहȣ देसकताहै'एÈस' (‘x’) हैͩकयहͩकसीअÛय
ͪवषय ‘एस Ĥाइम’ (‘S prime’) को ऑÞजेÈट ‘ओ’ (‘O’) को ǓनçपाǑदत करने का अͬधकार दे सकता है।
अब, आइएहमकहɅ ͩकहमारेͧसèटममɅ यहͪवशेषआदेशभीहैिजसे‘MODIFY_RIGHT(S, O)’ कहा
जाताहैजोǓनàनानुसारबताताहै, यǑदͩकसीͪवशेषͪवषयकोͩकसीऑÞजेÈटकेसंबंधमɅ Ǔनçपादन
अͬधकारहैतोयहउसͪवशेषऑÞजेÈटके ‘write’ मɅ Ĥवेशसकताहै।दूसरेशÞदɉ मɅ, यह
‘मॉͫडफाई_राइट’ (‘MODIFY_RIGHT’) हमɅ Èयाकरनेकȧ अनुमǓतदेताहैयहहैͩकयǑदएकͪवशेष
ͪवषयͩकसीऑÞजेÈटकोǓनçपाǑदतकरसकताहै, ͩफर, यहऑÞजेÈटकोबदलनेकेͧलएवाèतवमɅ
अपने अͬधकारɉ को संशोͬधत कर सकता है। तो, अǓनवाय[ Ǿप से यह उस वèतु मɅ ͧलख सकता है।
तोआइएदेखɅ ͩकयहउदाहरणएकअसुरͯ¢तिèथǓतकैसेǑदखाताहै, यहदेखनेकेͧलएएकͪवशेष
पǐरǺæयदेखɅ।तो, आइएहमकहɅ, बॉबएक​एिÜलकेशनऑÞजेÈटबनाताहै, वहचाहताहैͩकइसेअÛय
सभीɮवाराǓनçपाǑदतͩकयाजाएलेͩकनउनकेɮवारासंशोͬधतनͩकयाजाए।इसͧलए, सुर¢ाĤणालȣ
मɅ ‘मॉͫडफाई_राइट’ (‘MODIFY_RIGHT’) कȧ उपिèथǓतकेकारणͧसèटमèपçटǾपसेअसुरͯ¢तहै।
ऐͧलस, दूसराåयिÈतिजसकेपासउसͪवशेषएिÜलकेशनयाऑÞजेÈटकेǓनçपादनअͬधकारहɇ,
एÜलȣकेशनपर‘संशोधनअͬधकार’/मॉͫडͩफकेशनराइट(modification rights) ĤाÜतकरनेकेͧलए
‘मॉͫडफाई_राइट’ (‘MODIFY_RIGHT’) काआéवानकरसकताहैऔरएकबारऐͧलसकोउस
एिÜलकेशनकोसंशोͬधतकरनेकाअͬधकारͧमलनेकेबाद, उसऑपरेशनकोवाèतवमɅ बदलनेसेकुछ
भी नहȣं है एͧलस को रोक रहा है।
तो, हमजोदेखतेहɇ वहयहहैÈयɉͩकबॉबनेͩकसीͪवशेषवèतुपरǓनçपादनअनुमǓतदȣ है, और
ͧसèटमनीǓतयɉ याͧसèटमअͧभगमǓनयंğणतंğ इसतरहसेबनायागयाहैÈयɉͩकयहअͬधकार
ͩकसीͪवशेषवèतुमɅ मौजूदहै, तो‘w write’ उसͪवशेषवèतुकोभीǑदयाजाताहै।अǓनवाय[ ǾपसेयǑद
ͩकसीͪवषयकेͩकसीऑÞजेÈटकेͧलएǓनçपादनअͬधकारहोताहैतोउसअͬधकारकोवाèतवमɅ
पǐरवǓत[तऔरहèतांतǐरतͩकयाजाताहैऔरइसकेकारणw write उसͪवशेषवèतुसेसंबɮधहो
जाएगा। इसͧलए, ͧसèटम मɅ यह ͪवशेष अवèथा एक असुरͯ¢त अवèथा है।
तोहमवाèतवमɅ एÈसेसमैǑĚÈसमॉडलकोकैसेकाया[िÛवतकरतेहɇ? इसͧलए, हमनेदेखाहैͩकएक
तरȣकामैǑĚÈससेĤǓतǓनͬध×वहोनाहै।हालांͩक, इसͪवशेषĤǓतǓनͬध×वकेसाथमुɮदायहहैͩकयह
बहुतबड़ाहैऔरसाथहȣ यहबहुतͪवरलहै।तो, यहउपयोगकरनेकाएकबहुतहȣ Ĥभावीतरȣकानहȣं
है।
दूसरȣ तकनीकĤाͬधकरणताͧलका/ऑथराइजेशनटेबल(Authorization table) केǾपमɅ जानाजाने
वालाहैजैसाͩकयहांǑदखायागयाहै।तोइसͪवशेषताͧलकाकाउपयोगडेटाबेसɉ मɅ ͩकयाजाताहैऔर
वाèतवमɅ Èयाहोताहै? यहहैͩकĤ×येकपंिÈतमɅ एकउपयोगकता[ शाͧमलहोताहै, इसकाअͬधकार
होताहैऔरइसमɅ एकवèतुहोतीहै।तो, यहकहताहैͩकउदाहरणकेͧलए, एÛनकेपासऑÞजेÈट
फ़ाइल1 का रȣड (read), राइट (write) है।
इसͧलए, एÛनकेपासहरअͬधकारकेͧलएइसͪवशेषताͧलकामɅ एकअलगपंिÈतहोगी।इसͧलए, इस
ͪवशेषपǐरǺæययाइसͪवशेषकाया[Ûवयनकेसाथसमèयायहहैͩक, ͩकसीको, ͩकसीͪवशेषवèतुपर,
ͩकसीͪवशेषउपयोगकता[ काͪवशेषअͬधकारहोनेकȧ पहचानकरनेकेͧलए, कमसेकमसंपूण[ ताͧलका
कोखोजनेकȧ आवæयकताहोतीहै।इसͧलए, ͩकसीͪवषयऔरवèतुकेͧलएͩकसीͪवशेषअͬधकारको
Ǔनधा[ǐरत करने मɅ ͩकतना समय लगता है, इस संबंध मɅ ͩफर से इसमɅ कई Ĥदश[न समèयाएं हɇ।
तोएÈसेसमैǑĚÈसमॉडल(access matrix model) कोलागूकरनेकȧ एकऔरतकनीक,
¢मताओं/कैपेǒबͧलटȣज(Capabilities) काउपयोगकरकेहै।यहां, Ĥ×येकउपयोगकता[ एक¢मता
सूची/कैपेǒबͧलटȣ ͧलèट(capability list) सेजुड़ाहुआहै, जोĤ×येकवèतुकेͧलएअनुमतसंचालनके
ͧलएइंͬगतकरताहै।उदाहरणकेͧलए, फ़ाइल1 केͧलएएÛनके, यहांǓनàनͧलͨखतअͬधकारहɇ,
फ़ाइल2 केͧलएउनकेपासयेअͬधकारहɇ, ĤोĒाम1 केͧलएउसकेपासयेअͬधकारहɇ।इसीĤकार,
Ĥ×येकउपयोगकता[ केͧलएहमारेपासऐसीसूचीहोतीहैऔरइनĤयोÈताओंमɅ सेĤ×येककेसंबंधमɅ
उस उपयोगकता[ के ͧलए ये ¢मता सूची होती है।
तोऐसेमॉडलयाऐसेकाया[Ûवयनकालाभएक‘ͪवतǐरतͧसèटम’/’ͫडिèĚÞयूटेडͧसèटम’ (distributed
system) पǐरǺæयसेहै, Èयɉͩकयहͩकसीͪवषयकेबार-बारĤमाणीकरणकोरोकताहै।इसͧलए,
अǓनवाय[ ǾपसेजबͪवषयͪवतǐरतवातावरणमɅ èवयंकोĤमाͨणतकरताहै, तोयहइससंपूण[ सूचीको
ĤाÜतकरसकताहैऔरͧसèटमĤ×येकऑÞजेÈटकेͧलएअपनेअͬधकारɉ कोजानɅगेजोकȧ मौजूदहɇ।
हालांͩक, सीमायहहैͩकअगरहमलावरɮवाराͩकसीͪवशेषअͬधकारयासूचीकȧ ĤǓतͧलͪपबनाईजाती
है तो यह जालसाज़ी के ͧलए कमजोर है, ͩफर इसका दुǽपयोग ͩकया जा सकता है।
एÈसेसकंĚोलमॉडलकोलागूकरनेकातीसरातरȣकाएसीएल(ACL) या‘एÈसेसकंĚोलͧलèट’
(‘Access Control List’) केǾपमɅ जानाजाताहै।अǓनवाय[ Ǿपसे, यहांĤ×येकवèतुएकसूचीसेजुड़ी
हुईहैजोऑपरेशनकोइंͬगतकरतीहैͩकĤ×येकͪवषयइसपरĤदश[नकरसकताहै।अǓनवाय[ Ǿपसे,
यहͪपछलेतरȣकेकेͪवपरȣतहै।इसͧलए, Ĥ×येकऑÞजेÈटकेअनुǾपहमारेपासएकसूचीहैऔरसूची
मɅ Ĥ×येकनोडमɅ एकͪवषयऔरसंबंͬधतऑपरेशंसहɇ जोयहांमौजूदहɇ।इसͧलए, इसͪवशेषचीज़के
साथहमɅ जोलाभͧमलताहैवहयहहैͩकछोटे-छोटेǒबटकारकɉ ɮवाराĤǓतǓनͬध×वकरनाआसानहै।
इसͧलए, यǑद आप देखते हɇ ͩक यूǓनÈस (UNIX) वाèतव मɅ इस एसीएल को कैसे लागू करता है।
तो, हमदेखतेहɇ ͩकयूǓनÈस(UNIX) ͧसèटममɅ Ĥ×येकफ़ाइलमɅ 9 ǒबɪसहɇ।इसͧलए, यहĤ×येक
फ़ाइलकोǓनǑद[çटकरनेकेͧलएĤाͬधकरणदेताहै।उदाहरणकेͧलए3 ǒबɪसहɇ जोफ़ाइलकेमाͧलक
केͧलएफ़ाइलकेͧलएपढ़ना, ͧलखना, ǓनçपाǑदतकरनाǓनǑद[çटकरतेहɇ।तबहमारेपाससमूहहै
Èयɉͩकहमारेपाससमूहकेͧलए3 ǒबɪसआर(r), डÞãयू(w), एÈस(x) औरबाकȧ दुǓनयाकेͧलए,
दूसरɉ केͧलएहमारेपास3 औरǒबɪसहɇ।इसĤकारयूǓनÈस(UNIX) ͧसèटममɅ जोएÈसेसमैǑĚÈसके
एसीएल(ACL) काया[Ûवयनकाउपयोगकरताहै, इसमɅ 9 ǒबटशाͧमलहɇ औरइनमɅ सेĤ×येकǒबटउस
फ़ाइल के ͪवͧभÛन उपयोगकता[ओं को अनुमǓत देगा।
अब, ͪववेकाधीननीǓतमɅ भेɮयतायहहैͩकयहĚोजनहॉस[ (Trojan Horse) हमलɉ केअधीनहै।तो
Ěोजन हॉस[ ɮवारा हमारा Èया मतलब है ͩक यह एक छोटा कोड है जो एक बड़े
गैर-दुभा[वनापूण[/नॉन-माͧलͧसयस(non-malicious) कोडमɅ मौजूदहै।तो, बड़ेकोडमɅ मौजूदछोटा
Ěोजन(Trojan) दुभा[वनापूण[ कोडहै।तोइसकेसाथमुɮदायहहैͩकĚोजनवाèतवमɅ एकवायरसकȧ
तरहहैजोएकबड़ेकाय[Đमकेसाथजुड़गयाहै, इसͧलएĚोजनवाèतवमɅ सभीउपयोगकता[ओंयासभी
ĤͩĐया ͪवशेषाͬधकारɉ का उƣराͬधकारȣ हो सकता है।
तोउदाहरणकेͧलएयǑदआपकेपासएकĚोजनहैजोकहनेकेͧलएएकĤोĒामजुड़ाहुआहैिजसमɅ
ǓनçपाǑदतकरनेकेͧलएसुपरउपयोगकता[ (super user) ͪवशेषाͬधकारहɇ यािजÛहɅ Ǿट(root) केǾप
मɅ ǓनçपाǑदतकरनेकȧ आवæयकताहै, तोĚोजनèवयंसभीǾट(root) अनुमǓतयɉ कोउƣराͬधकारमɅ
पानेमɅ स¢महोगा।कारणऐसाÈयɉ होताहै, यहहैͩक, ĤͩĐयामɅ मौजूदĚोजनवैधउपयोगकता[ कȧ
ओरसेऑपरेǑटंगͧसèटमकोअनुरोधभेजदेगा।तोओएस(OS) पǐरĤेêयसे, ऑपरेǑटंगͧसèटमइस
बातकोअलगकरनेमɅ स¢मनहȣंहोगाͩकयहवैधĤͩĐयासेहै, िजसेवैधउपयोगकता[ ɮवाराशुǾ
ͩकया गया है या अनुरोध Ěोजन से आ रहा है या नहȣं। इसͧलए, यह पता लगाना मुिæकल हो जाता है।
ͪववेकाधीननीǓत/ͫडिèĐशनरȣ पाͧलसी(discretionary policy) काएकऔरदोषयहहैͩकयहसूचना
Ĥवाहसेसंबंͬधतनहȣंहै; जानकारȣ तकपहुंचरखनेवालाकोईभीåयिÈतजानकारȣ Ĥसाǐरतकरसकता
है।उदाहरणकेͧलएयǑदहमारेपासयहएकåयिÈतहैजोͩकसीͪवशेषफ़ाइलकोपढ़नेमɅ स¢महै, तो
इसåयिÈतकोवाèतवमɅ इसफ़ाइलकȧ एकĤǓतबनानेऔरइसेसौअलग-अलगलोगɉ मɅ èथानांतǐरत
करनेसेरोकनेकेͧलएकुछभीनहȣंहै।इसͧलएइसतरहकȧ ͪववेकाधीननीǓतयांएकåयिÈतयाएक
उपयोगकता[ सेदूसरेकोजानकारȣ केĤवाहकȧ देखभालनहȣंकरतीहɇ।तोयहकेवलजानकारȣ तकपहुंच
को रोकने मɅ स¢म है, लेͩकन सूचना का Ĥवाह नहȣं।
दूसरȣ ओर, जानकारȣ केĤवाहपरͪवचारकरनेकेͧलएभी; हमɅ उपयोगकरनेकȧ आवæयकताहै, िजसे
सूचनाĤवाहनीǓतयɉ केǾपमɅ जानाजाताहै; जोͪवषयɉ औरवèतुओंकेबीचजानकारȣ कैसेबहतीहैको
ĤǓतबंͬधत करता है।
इसͧलए, हमअगलेवीͫडयोमɅ ‘सूचनाĤवाहनीǓतयɉ’/’इनफामȶशनÝलोपॉͧलसीस’ (‘information flow
policies’) को देखɅगे।
धÛयवाद।"
37,0,,"ऑपरेǑटंग ͧसèटम (Operating System) का पǐरचय
Ĥोफेसर चेèटर रेबेरो
संगणक ͪव£ान और अͧभयांǒğकȧ ͪवभाग
भारतीय Ĥौɮयोͬगकȧ संèथान, मġास
सÜताह – 08
åयाÉयान – 36
सूचना Ĥवाह नीǓतयां
नमèकार।
ͪपछलेवीͫडयोमɅ हमनेएÈसेसकंĚोलटेिÈनÈस(Access Control Techniques) केबारेमɅ देखाथा,
औरͪवशेषǾपसेहमनेडीएसी(DAC) याͫडिèĐशनरȣ एÈसेसकंĚोल(Discretionary Access
Control) मɅ देखाथा।इसͧलए, हमनेदेखाथाͩकवèतुओंकेएकसेटकेसंबंधमɅ ͩकसीͪवशेषͪवषयके
ͧलएकुछपहुंचअͬधकारदेनेमɅ डीएसी(DAC) बहुतहȣ कुशलहै।हालांͩक, हमनेजोदेखावहडीएसी
(DAC) कȧ कमीथीͩकयहसूचनाĤवाहकोरोकनेमɅ असमथ[ था।तो, इसवीͫडयोमɅ, हमजोदेखनेजा
रहेहɇ वहसूचनाĤवाहतकनीकऔरमैक(MAC) हैजोअǓनवाय[ एÈसेसकंĚोल(Mandatory Access
Control) है।
सूचनाĤवाहनीǓतयɉ मɅ, ͧसèटममɅ Ĥ×येकऑÞजेÈट(object) कोͩकसीͪवशेषसुर¢ावग[ (security
class) कोसɋपाजाताहै।चूंͩकइसĤणालȣ कोसुर¢ावगɟ (security classes) कȧ एकǓनिæचतसंÉया
मɅ बांटा गया है और Ĥ×येक सुर¢ा वग[ (security class) को तब एक ͪवशेष Įेणी दȣ जाती है।
उदाहरणकेͧलएआपकेपासएकसुर¢ावग[ (security class) हैजोउÍचहै, एकसुर¢ावग[ (security
class) जोकमहै, औरइसीतरह।अबͧसèटममɅ Ĥ×येकवèतु/ऑÞजेÈट(object) कोसुर¢ावग[
(security class) मɅ सेएककोसɋपागयाहै।इसीतरहͧसèटममɅ Ĥ×येकͪवषयअथा[तवाèतवमɅ इन
वèतुओंकोसंचाͧलतयाएÈसेसकरनेवालȣ संèथाओंकोभीएकͪवशेषसुर¢ावग[ (security class)
Ǒदयाजाताहै।इसकेबादहमपǐरभाͪषतकरɅगेͩकवगɟ (classes) केबीचसूचनाकैसेबहती/ĤवाǑहत
होती है।
ÚयानदɅ ͩकसूचनाĤवाहकेबारेमɅ, हमइसबातसेͬचंǓततनहȣंहɇ ͩकएकवèतुकेबारेमɅ जानकारȣ
ͩकसीअÛयवèतुपरकैसेबहतीहैयाͩकसीͪवषयपरबहतीहै।बिãकक¢ाओंकेबारेमɅ ͬचंताअͬधक
है। तो, हम जो देखने जा रहे हɇ वह यह है ͩक एक वग[ कȧ जानकारȣ दूसरे वग[ मɅ कैसे बहती है।
इसͧलए, औपचाǐरकǾपसेयहǓनàनͧलͨखतǓतहरा/ǑĚपल(triple) ɮवारादशा[यागयाहै।तो, यह3
Ǔतहरा/ǑĚपलहै, इसमɅ एससी(SC) शाͧमलहैजोएकसुर¢ावग[ (Security Class) है।इसमɅ यहतीर
(arrow) ऑपरेटरहैजोĤवाहसंबंधǑदखाताहै, औरइसमɅ ‘Ïवाइन’ (’join’) ऑपरेटरहैजोसिàमͧलत
संबंधहै।तो, इसजैसेएकऑपरेटर‘बी(B) सेतीरए(A)’ काता×पय[ हैͩकबी(B) सेजानकारȣ ए(A)
तकĤवाǑहतहोसकतीहै।​इसीĤकारयहउदाहरण‘सी(C) सेतीरबी(B) सेतीरए(A)’ Ǒदखाताहैͩक
सी(C) सेजानकारȣ बी(B) तकबहतीहै, औरबी(B) सेजानकारȣ ए(A) सेबहतीहै।अÛयशÞदɉ मɅ
जानकारȣ, सी(C) सेभीए(A) तकĤवाǑहतहोसकतीहै।इसपरआधाǐरतवण[नकरनेकȧ एकऔर
तकनीकहै, जोइसͪवशेषĤतीकɮवारा‘ĒेटरदैनइÈवलटू’ Ĥतीकहै।तो, इसकायहअथ[ हैͩकए(A)
का वच[èव बी (B) पर और बी (B) का वच[èव सी(C) पर है।
अब, हम‘Ïवाइन’ (‘join’) संबंध/ǐरलेशन(relation) देखतेहɇ।इसͧलए, अǓनवाय[ ǾपसेÏवाइन(join)
संबंधकाउपयोगयहǓनधा[ǐरतकरनेके ͧलएͩकयाजाताहैͩक​सूचनालेबलकैसेकरɅ , 2
क¢ाओं/Èलासेज(classes) कȧ जानकारȣ संयुÈतहोजानेकेबाद।तो, उदाहरणकेͧलए, आइएहमकहɅ
ͩकहमएकनया ऑÞजेÈट(object) बनारहेहɇ याकहɅ एकनईफाइल, औरयहफ़ाइलउदाहरणके
ͧलए, सुर¢ावग[/ͧसÈयोǐरटȣ Èलास(security class) सी(C) मɅ मौजूदऑÞजेÈट(object) को
संयोिजतकरकेऔरसुर¢ावग[/ͧसÈयोǐरटȣ Èलास(security class) बी(B) मɅ एकऑÞजेÈट(object)
को संयोिजत करके बनाई गई है।
तोअबसवालयहहैͩकउ×पÛनहोताहैͩककोहमनेिजसफाइलकोअभीबनायाहैवहͩकस
वग[/Èलास(class) मɅ है, जोͩकसुर¢ाÈलाससी(C) यासुर¢ाक¢ाबी(B) याए(A) सुर¢ाक¢ा
(security class) मɅ होनीचाǑहए? इसͧलए, औपचाǐरकǾपसेइसेͧलखनेकेͧलए, जॉइन(join)
ऑपरेटर(operator) काउपयोगͩकयाजाताहै।तो, जॉइन(join) दो/2 वगɟ/Èलासेज(classes) के
बीचएकफ़ंÈशन(function) केǾपमɅ पǐरभाͪषतͩकयागयाहै।इसͧलए, यहसुर¢ावग[ (security
class) औरएकऔरसुर¢ावग[ (security class) लेताहैऔरयहवाèतवमɅ हमɅ देगाͩकपǐरणाममɅ
सुर¢ा Èलास (security class) Èया है?
इसͧलए, हमइसकेबारेमɅ एक उदाहरणकेसाथऔरअͬधकसमझɅगे।अबहमÈयादेखतेहɇ ͩक
ͧसèटमकेͧलए, येसुर¢ावग[ (security class) Ǔनिæचत/ͩफÈस(fix) हɇ।इसͧलए, खुदहȣ ͫडज़ाइन
समयकेदौरान, उदाहरणकेͧलएहमकहɅगेͩकहमारȣ Ĥणालȣ मɅ उदाहरणकेͧलएकेवलसुर¢ावग[
(security class) ए(A), बी(B) औरसी(C) हɇ, साथहȣ Ĥवाहसंचालनͫडजाइनसमयपरतयͩकया
जाताहै।इसͧलए, हमͪवͧभÛनपǐरǺæयɉ कोͫडजाइनकरसकतेहɇ िजसमɅ कहागयाहैͩकजानकारȣ सी
(C) को ĤवाǑहत हो सकती है और सी (C) से बी (B) तक और बी (B) से ए (A) तक और इसी तरह से।
तोयहएकͫडजाइनसमयकाǓनमा[णभीहै, साथहȣ Ïवाइन(join) ऑपरेशनͫडज़ाइनसमयपरतय
ͩकयागयाहै।तो, Èयासमयकेसाथपǐरवत[न, वèतुओंकȧ िèथǓतहै? उदाहरणकेͧलएहमारेपास
ऑÞजेÈट(object) होसकताहैजोसुर¢ावग[ (security class) ए(A) मɅ मौजूदहै, औरथोड़ीदेरबाद
यहऑÞजेÈट(object) उदाहरणकेͧलएकममह×वपूण[ होजाताहैयायहसाव[जǓनकडोमेनबनजाता
हैऔरइसेसुर¢ाक¢ासी(C) मɅ èथानांतǐरतͩकयाजासकताहै।वाèतͪवकजीवनसेउदाहरणलेनेके
ͧलए, हमजोदेखतेहɇ वहहैͩककुछटॉपसीĐेट(top secret) दèतावेजɉ कोशुǾ मɅ अ×यͬधकसुरͯ¢त
दèतावेजɉ केǾपमɅ वगȸकृतͩकयाजाएगा, लेͩकनकुछसमयमɅ यहसाव[जǓनकजानकारȣ बनजातीहै
और इसͧलए, यह ͪवशेष दèतावेज कम सुर¢ा वग[ (security class) मɅ जा सकता है।
इसͧलए, आपदेखतेहɇ ͩकजबͩकसुर¢ावगɟ (security classes) Ǔनिæचतहɇ, इसकेसाथ-साथसुर¢ा
वगɟ (security classes) केबीचसूचनाकाĤवाहǓनिæचतहै, इसतरहकȧ वèतुएंसमय-समयपर
सुर¢ा वगɟ (security classes) के बीच èथानांतǐरत हो सकती हɇ।
तोआइएसूचनाĤवाहकेबारेमɅ कुछउदाहरणलɅ।आइएहमएकबहुतहȣ मामूलȣ मामलेसेशुǾ करɅ,
जोजानकारȣ Ĥवाहकेͧलएसबसेसुरͯ¢तउदाहरणभीहै, अǓनवाय[ ǾपसेÈयɉͩकयहक¢ाओंकेबीच
सूचनाĤवाहकȧ अनुमǓतनहȣंदेताहै।तो, आइएहमइसĤणालȣ काउदाहरणलɅ जहांसुर¢ा
वगɟ/ͧसÈयोǐरटȣ Èलासेस(security classes) कोइसͪवशेषसेट‘एससी’ (‘SC’) ɮवारापǐरभाͪषत
ͩकयागयाहैऔरइसमɅ 'एन' (‘n’) सुर¢ावग[ (security classes) हɇ।इनमɅ सेसुर¢ावग[ (security
class) ए1 (A​1​) सबसेकमहैजबͩकसुर¢ावग[ (security class) एएन(A​n​) उÍचतमहै, तोहमɅ इस
मामलेमɅ Ýलो(‘flow’) ऑपरेटरकोपǐरभाͪषतकरनेकȧ आवæयकताहै, यहएआई(A​i​) सेĤवाहएआई
(A​i​) है।
दूसरेशÞदɉ मɅ ‘1’ से'एन' केĤ×येकमूãयकेͧलएइसकाÈयाअथ[ है, जानकारȣ केवलक¢ाकेभीतरहȣ
ĤवाǑहतहोसकतीहै।दूसरेशÞदɉ मɅ, जानकारȣ केͧलएएकवग[ सेदूसरेवग[ तकĤवाǑहतहोनासंभव
नहȣंहै।तीसरȣ आवæयकताÏवाइन(join) ऑपरेटरकोपǐरभाͪषतकरनाहै।इसͧलए, इसͪवशेषमामले
मɅ यहजाननाबेहदछोटाहैͩकयǑदआपएकवग[ सेएकͪवशेषजानकारȣ कोएकहȣ क¢ासेदूसरȣ
जानकारȣ केसाथजोड़तेहɇ, तोपǐरणामèवǾपएकनईवèतु/ऑÞजेÈट(object) होगीजोएकहȣ क¢ा
सेसंबंͬधतहै।अबआइएएककमकठोरउदाहरणदेखɅ, जोͪपछलेमामलेकȧ तुलनामɅ कमसुरͯ¢तहै,
जो सूचना को केवल Ǔनàन से उÍच तक Ĥवाह करने कȧ अनुमǓत देता है और कहȣं और नहȣं।
इसͧलएसुर¢ावगɟ (security classes) कोपǐरभाͪषतͩकयागयाहै, जैसाͩकͪपछलेमामलेमɅ था।
इसͧलए, हमारेपास'एन' (‘n’) सुर¢ावग[ (security class) थेऔर‘ए1’ (‘A​1​’) सबसेकमहैऔर‘एn’
(‘An’) उÍचतमहैऔरजानकारȣ केवल‘एj’ (‘A​j​’) से‘एi’ (‘A​i​’) तकबहतीहैजहां‘j’ कमयाबराबरहै
‘i’ के।तो, इसकाअथ[ यहहैͩकजानकारȣ केवलǓनàनवग[ सेउÍचवग[ तकबहतीहै, लेͩकनउÍचसे
Ǔनàनकȧ ͪवपरȣतǑदशासंभवनहȣंहै।साथहȣ साथजॉइन(join) ऑपरेटरकोपǐरभाͪषतकरतेसमय,
जबहमǓनàनवग[ सेजानकारȣ लेतेहɇ औरजॉइन(join) इसेउÍचĮेणीसेजानकारȣ केसाथजोड़ताहै,
अथा[त‘एi’ (‘A​i​’) केसाथ‘एj’ (‘A​j​’) है, हमɅ कुछनईजानकारȣ ͧमलजाएगीजोͩक‘एi’ (‘A​i​’) Èलास
(class) कȧ उÍच Įेणी (class) से संबंͬधत है ।
तो, दोहरानेकेͧलएͩकयǑदहमǓनàनवग[ सेकुछजानकारȣ लेतेहɇ औरइसे‘ए2’ (‘A​2,​’) केͧलएउÍच
ĮेणीमɅ ͩकसीजानकारȣ केसाथजोड़तेहɇ, तोहमारेɮवाराबनाईगईनईवèतु/ऑÞजेÈट(object) ‘ए2’
(‘A​2,​’) सुर¢ावग[/ͧसÈयोǐरटȣ Èलास(security class) मɅ भीहोगी।Èयाहोगा, इसकेबारेमɅ सोचɅ, अगर
यहांपर‘एi’ (‘A​i​’) ​i केबजायहमारेपास‘एj’ (‘A​j​’) था।इसͧलए, मɇ आपकोइसकेबारेमɅ सोचनेके
ͧलए छोड़ देता हूं।
तोअब, हम“अǓनवाय[ एÈसेसकंĚोलमैकेǓनÏम” (Mandatory Access Control Mechanism) मɅ
आतेहɇ।इसͧलए, अǓनवाय[ Ǿपसेयहां, पहुंचतंğ यानीǓतयांउनǓनयमɉ परआधाǐरतहɇ जोकɅ ġȣकृत
Ĥाͬधकारȣ ɮवाराभेजीजातीहɇ।तो, सबसेआमǾपएमएलएस(MLS) याबहुèतरȣयसुर¢ा(Multilevel
Security) नीǓतहै।अǓनवाय[ ǾपसेइसनीǓतमɅ हमारेपासअवगȸकृत(unclassified), गोपनीय
(confidential), सीĐेट(secret) औरटॉपसीĐेट(top secret) जैसेकईएÈसेसÈलासेज(access
classes) हɇ।इसͧलए, ͧसèटममɅ Ĥ×येकऑÞजेÈट(object) कोएकͪवशेषवगȸकरणèतरकȧ
आवæयकताहोतीहै।इसͧलए, Ĥ×येकऑÞजेÈट(object) कोइनमɅ 4 सेͩकसीएककेǾपमɅ वगȸकृत
ͩकयाजासकताहै।इसीतरहͧसèटममɅ Ĥ×येकͪवषयकोभीअनुमǓतèतरकȧ आवæयकताहोतीहै।
इसͧलए, Ǔनकासीकेèतरभीअवगȸकृत(unclassified), गोपनीय(confidential), सीĐेट(secret)
और टॉप सीĐेट (top secret), इसͧलए इन 4 मɅ से एक हɇ।
अब, अनुमǓतएÈस(X) वालाएकͪवषयकेवलएÈस(X) औरएÈस(X) सेनीचेकेसभीऑÞजेÈɪस
(objects) तकपहुंचसकताहैऔरइसकेͪवपरȣतनहȣं, अथा[तजानकारȣ केवलऊपरĤवाहकरेगी
लेͩकननीचेĤवाहनहȣंकरसकतीहै।एकउदाहरणलेनेकेͧलएमानलȣिजएͩकहमारेपासएकͪवशेष
ͪवषयहै, जोएकउपयोगकता[ है, िजसकेपासअनुमǓतèतरसीĐेट(secret) है, अबइसकाÈयामतलब
है, यहहैͩकयहͪवशेषउपयोगकता[ सभीसीĐेट(secret) ऑÞजेÈɪस(objects) तकपहुंचसकताहै,
सभीऑÞजेÈɪस(objects) कोगुÜत/सीĐेट(secret) केǾपमɅ वगȸकृतͩकयाजाताहै, सभीवèतुओं
कोकॉिÛफडɅǑटअल(confidential) औरअनÈलासीफाइड(unclassified) केǾपमɅ वगȸकृतͩकया
जाताहै, लेͩकनयहउपयोगकता[ ͩकसीभी‘टॉपसीĐेटऑÞजेÈɪस(top secret objects) तकपहुंच
नहȣं पाएगा।
दूसरेशÞदɉ मɅ, एकटॉपसीĐेटऑÞजेÈट(top secret object) सेसंबंͬधतजानकारȣ ͩकसीउपयोगकता[
कोǓनकासीरहèयकेसाथनहȣंĤवाǑहतकȧ जासकतीहै, जबͩकसूचनाĤवाहकȧ ऊपरȣ Ǒदशासंभवहो।
अब दो Ĥकार कȧ मैक (MAC) Ǔनयंğण तकनीकɅ हɇ।
औरसबसेपहलेहमबेललापादुलामॉडल(Bell LaPadula model) देखɅगे।इसͧलए, यह1974 मɅ
ͪवकͧसतͩकयागयाथाऔरयहएÈसेसकÖĚोल(access control) केͧलएएकऔपचाǐरकमॉडल
(model) है।यहचारएÈसेसमोड(access modes) कोदेताहै, पढ़ना/रȣड(read) , ͧलखना/राइट
(write) , जोड़ना/अपेÖड(append) औरǓनçपाǑदतकरना/एÈसेÈयूट(execute) है।औरइसमɅ 2 मैक
(MAC) गुणहɇ अथा[तनहȣंरȣड(read) हैिजसे“एसएससंपͪƣ/Ĥॉपटȹ” (SS property) याͧसंपल
सेÈयोǐरटȣ पाͧलसी(simple security policy) केǾपमɅ भीजानाजाताहैऔरकोईभीͧलखना/राइट
(write) नहȣं है जो èटार Ĥॉपटȹ है। तो, आइए देखते हɇ ͩक ये दो गुण Èया हɇ?
तो, इसकामतलबयहहैͩककोई‘नहȣंपढ़ना’/ ‘नोरȣड’ (No read) हैजोहमनेयहांदेखीपहलȣ Ĥॉपटȹ
(Ĥॉपटȹ) है, यहहैͩकयǑदहमारेपासउपयोगकता[ कोअनुमǓतकॉिÛफडɅǑटअल(confidential) हैतोवह
उपयोगकता[ उनसभीऑÞजेÈɪस(objects) कोपढ़सकताहैजोकॉिÛफडɅǑटअल(confidential) हɇ और
साथहȣ उनसभीवèतुओंको, जोअनÈलाͧसफाइड(unclassified) हɇ।इसअथ[ मɅ वहͩकसीऑÞजेÈट
(object) कोपढ़नहȣंसकतीिजसेसीĐेट(secret) केǾपमɅ वगȸकृतͩकयागयाहैऔरͩकसीवèतुको
टॉपसीĐेट(top secret) केǾपमɅ वगȸकृतͩकयागयाहै।तो, यहͪवशेषतंğ पढ़नेकȧ अनुमǓतनहȣं
देता है।
दूसरȣ तरफदूसरȣ नीǓतमɅ कहागयाहैͩकनोराइटडाउन’ (‘no write down’) है।दूसरेशÞदɉ मɅ यह
ͪवशेषउपयोगकता[ अनुमǓतकॉिÛफडɅǑटअल(confidential) केसाथहैिजसेͩकसीवèतुकोͧलखनेया
संशोͬधतकरनेकȧ अनुमǓतहैिजसेकॉिÛफडɅǑटअल(confidential) वगȸकृतͩकयागयाहै, साथहȣ यह
उपयोगकता[ सीĐेट(secret) औरटॉपसीĐेट(top secret) केǾपमɅ वगȸकृतवèतुओंकोसंशोͬधतकर
सकताहै।वहऊपरͧलखनेमɅ स¢महै, लेͩकनÈयासंभवनहȣंहैͩक, उसेनीचेͧलखनेकȧ अनुमǓतनहȣं
है।
इसͧलए, उसेͩकसीभीवèतुकोबदलनेयासंशोͬधतकरनेकȧ अनुमǓतनहȣंहैजोअनÈलाͧसफाइड
(unclassified) है। अब यह बहुत अजीब देखा जाएगा। तो, देखते हɇ ͩक ऐसा तंğ Èयɉ मौजूद था।
अǓनवाय[ ǾपसेहमɅ इसͪवशेषपǐरǺæयपरͪवचारकरनेदɅ, जहांहमारेपासऐसीĤͩĐया/Ĥोसेस
(process) हैिजसकȧ अनुमǓतकॉिÛफडɅǑटअल(confidential) के साथकॉिÛफडɅǑटअलĤोसेस
(confidential process) हैजोǓनçपाǑदत/एÈसेÈयूǑटंग(executing) है।इसͧलए, जैसाͩकहमजानते
हɇ ͩकयहडेटा(data) पढ़सकताहैयाएकऑÞजेÈट(object) पढ़सकताहैिजसेभीकॉिÛफडɅǑटअल
(confidential) केǾपमɅ भीवगȸकृतͩकयाजाताहै।अबहममानलɅ ͩकएकĚोजनहोèट(trojan
host) मौजूदहै।तो, हमनेजोदेखाहैवहयहहैͩकजबएकĚोजन(trojan) ǓनçपाǑदतकरताहैतोयह
ĤͩĐया के सभी अनुमǓत èतरɉ को उƣराͬधकार मɅ ĤाÜत करने जा रहा है।
तोइसमामलेमɅ Ěोजन(trojan) कोभीअनुमǓतकॉिÛफडɅǑटअल(confidential) ͧमलजाएगी।अब
मानलɅ ͩकͧलखनेकȧ/राइटडाउन(write down) अनुमǓतथी, ऐसेमामलेमɅ Ěोजन(trojan) कोͪवशेष
फ़ाइलयाͩकसीͪवशेषवèतुपरपढ़नेके ͧलएबहुतमुिæकलनहȣंहोगा, िजसेकॉिÛफडɅǑटअल
(confidential) ͬचिéनतͩकयागयाहैऔरइसेअनÈलाͧसफाइड(unclassified) मɅ ͧलखना/राइटडाउन
(write down) मुिæकलहै, अथा[त इसेएक‘साव[जǓनकडोमेनजानकारȣ’ (‘public domain
information’) केǾपमɅ बनायाजासकताहै।इसͧलए, आपदेखतेहɇ ͩकइससेउÍचगोपनीयèतरसे
कमगोपनीयèतरतकजानकारȣ काĤवाहहोताहै, अǓनवाय[ ǾपसेउसͪवशेषĚोजन(trojan) के
माÚयम से। इसͧलए, यह ͪवशेष मॉडल ͧलखने/राइट डाउन (write down) कȧ अनुमǓत नहȣं देता है।
इसͧलए, हमबेल-लापाडुलामॉडल(Bell-LaPadula model) कȧ सीमाओंकोदेखतेहɇ, अǓनवाय[ Ǿपसे
बेल-लापाडुलामॉडल(Bell-LaPadula model) Èयानहȣंरोकताहै, यहहैͩकयहउपयोगकता[ कोडेटा
(data) कोऊपरͧलखनेकेͧलएकॉिÛफडɅǑटअल(confidential) अनुमǓतदेताहै।इसͧलए, इसͪवशेष
उपयोगकता[ कोकॉिÛफडɅǑटअल(confidential) अनुमǓतकेसाथसीĐेट(secret) याएकटॉपसीĐेट
(top secret) दèतावेज़संशोͬधतकरसकताहै।दूसरेशÞदɉ मɅ, बीएलपी(BLP) मॉडलमौजूदअखंडता
मुɮदɉ कोसंबोͬधतनहȣंकरताहै।इसͧलए, अखंडताकेमुɮदɉ कोपूराकरनेकेͧलए, एकऔरमॉडल
इèतेमाल ͩकया गया था।
तो, यहǒबबामॉडल(Biba model) है।तो, ǒबबामॉडल(Biba model) बेल-लापाडुलामॉडल
(Bell-LaPadula model) काउãटाहै।इसͧलए, बेल-लापाडुलामॉडल(Bell-LaPadula model) ͧसफ[
गोपनीयता(confidentiality) परकɅ ǑġतहैऔरयहसुǓनिæचतकरताहैͩककोईभीजानकारȣ उÍचसे
Ǔनàन तक न बहती हो।
दूसरȣ तरफǒबबामॉडल(Biba model) सारȣ गोपनीयता(confidentiality) को एकसाथअनदेखा
करताहैऔरकेवलअखंडता/इंटȣͬĒटȣ (integrity) केसाथåयवहारकरताहै।इसͧलए, ǒबबामॉडल
(Biba model) कामुÉयलêयअनͬधकृतउपयोगकता[ओंकोͩकसीͪवशेषदèतावेज़मɅ संशोधनकरने
सेरोकनाहै।साथहȣ यहअͬधकृतउपयोगकता[ओंकोͩकसीदèतावेज़मɅ अनुͬचतसंशोधनकरनेसे
रोकताहै।तो, यहǒबबामॉडल(Biba model) माइĐोसॉÝटͪवंडोजͪवèटा(Microsoft windows
vista) ऑपरेǑटंग ͧसèटम (operating system) मɅ शाͧमल है।
तो, ǒबबामॉडल(Biba model) Èयापǐरभाͪषतकरताहै, यहͩकउपयोगकता[ पहलेसेहȣ एकहȣ सुर¢ा
वग[/ͧसÈयोǐरटȣ Èलास(security class) केभीतरͩकसीऑÞजेÈट(object) कोपढ़औरͧलखसकता
है, औरउपयोगकता[ Ǔनàनसुर¢ावग[ (security class) मɅ ͩकसीऑÞजेÈट(object) कोͧलख/राईट
(write) सकताहै, औरएकउÍचसुर¢ावग[ (security class) मɅ मौजूदएकवèतुसेरȣड(read)।इस
ͪवशेषवèतुकोरȣड(read) जासकताहै, यहͪवशेषवèतुसंशोͬधतकȧ जासकतीहैÈयɉͩकयहएक
Ǔनàनसुर¢ावग[ (low security class) मɅ है, इसेपढ़ाजासकताहैÈयɉͩकयहएकउÍचसुर¢ावग[
(high security class) मɅ है, जबͩकएकहȣ सुर¢ावग[ (security class) मɅ वèतुओंकोपढ़औरͧलखा
जासकताहै।कृपयाइसͪवशेषमामलेमɅ तीरɉ कापालनकरɅ।तो, यहअनुमǓतनहȣंदेताहैͩकǓनàन
सुर¢ावग[ (low security class) सेपढ़ाजासके।इसĤकारअǓनवाय[ Ǿपसेउपयोगकता[ Ǔनàनसुर¢ा
वग[ (low security class) सेनहȣंपढ़सकताहैऔरउÍचसुर¢ावग[ (high security class) कोनहȣं
ͧलख सकता है।
तो, आपदेखतेहɇ ͩकबेल-लापाडुलामॉडल(Bell-LaPadula model) हमɅ जोबताताहै, यह इसके
ǒबãकुलͪवपरȣतहै।तो, ǒबबामॉडल(Biba model) केगुणयहहैͩकवहांकोईपढ़ा/रȣड(read) नहȣं
गयाहैऔरकोईͧलख/राइट(write) नहȣंहै, यह’èटारइंटȣͬĒटȣ Ĥमेय(‘star integrity theorem’) है
औरजबकोईपढ़ानहȣंजाताहैतोएकͧसंपलइंटȣͬĒटȣ Ĥमेय(simple integrity theorem) है।
इसͧलए, सुर¢ावगɟ (security classes) केसंबंधमɅ यहकमअखंडताहैऔरयहउÍचअखंडतावग[
(high integrity class) है।
तो, ǒबबामॉडल(Biba model) Èयɉ नीचे-पढ़ना/रȣड-डाउन(read down) कासमथ[ननहȣंकरताहै?
ͩकसीͪवशेषसुर¢ावग[/ͧसÈयोǐरटȣ Èलास(security class) वालेउपयोगकता[ कोǓनàनसुर¢ावग[
(low security class) सेऑÞजेÈट(object) सेÈयɉ नहȣंपढ़ाजासकताहै? तो, सूचनाĤवाहकेͧलए
यहͪवशेषǑदशाकȧ अनुमǓतÈयɉ नहȣंहै? इसकेपीछेतक[ यहहैͩकइसतरहकȧ एकउÍचअखंडता
वèतु/हायरइंटȣͬĒटȣ ऑÞजेÈट(higher integrity object) कोकमइंटȣͬĒटȣ डॉÈयूमɅट(lower integrity
document) के आधार पर संशोͬधत ͩकया जा सकता है।
तोउदाहरणकेͧलए, इसͪवशेषउपयोगकता[ कोएकͪवशेषसुर¢ावग[ (security class) केसाथएकहȣ
सुर¢ावग[ (security class) मɅ मौजूदइसͪवशेषवèतुकोͧलखनेमɅ स¢महै।अबअगरवहकम
सुर¢ावग[ (security class) सेपढ़सकतीहै, औरजानकारȣ काĤवाहऊपरहैतोइसकाअथ[ यहहैͩक
वहइसजानकारȣ सेĤभाͪवतहोसकतीहैयाͩफरवहइसजानकारȣ कोउÍचसुर¢ाक¢ा(higher
security class) मɅ इसͪवशेषऑÞजेÈट(object) परकॉपी(copy) करसकतीहै।तो, इसकामतलब
हैͩकएकǓनàनअखंडतावèतुउÍचअखंडतावèतुकोĤभाͪवतकररहȣ है, औरइसͧलएǒबबामॉडल
(Biba model) सूचना के इस Ĥवाह को रोकता है।
तोएकउदाहरणलेनेकेͧलए, आइएकहɅ ͩकसेनामɅ पदानुĐमजहांआपकेपासशीष[ परदाएंजनरल
(General) है, ͩफर कैपटंस (Captains) और Ĥायेवेटस (Privates) जो पदानुĐम के नीचे दाɃ ओर हɇ।
अब, ǒबबामॉडल(Biba model) अनुमǓतदेताहैपढ़नेकȧ, काअथ[ हैएकदèतावेजिजसेजनरल
(General) ɮवारातैयारͩकयागयाहै, सभीकोपढ़ाजानाचाǑहए, यहएकदèतावेजहैिजसेजनरल
(General) ɮवाराबनायागयाहैिजसेकÜतान(Captains) केसाथ-साथĤायेवेटस(Privates) ɮवारा
भीपढ़ाजानाचाǑहए।हालांͩक, ͩकसीकोभीपठनकȧ अनुमǓतनहȣंहै, अथा[तपदानुĐमकेǓनचलेͧसरे
परĤायेवेटस(Privates) ɮवाराͧलͨखतयासंशोͬधतएकदèतावेज़, जनरल(General) केǓनण[यको
Ĥभाͪवत नहȣं करना चाǑहए।
इसͧलए, हमदेखतेहɇ ͩकइसतरहकेĤवाहतंğ होनेकेबावजूद, जहांसूचनाओंकोĤǓतबंͬधतͩकयाजा
सकताहै, यहहैͩकहमसुर¢ावगɟ (security classes) केबीचसूचनाĤवाहकोरोकसकतेहɇ।
हालांͩक, ͪवͧभÛनकारणɉ सेऔरͫडज़ाइनमɅ बग(bug) याअÛयğुǑटयɉ केकारण, सुर¢ावगɟ
(security classes) केबीचसूचनाकावाèतवमɅ Ĥवाहसंभवहै, यɮयͪपमजबूतउपायɉ जैसेͩक
एÈसेसकÖĚोलमीजस[ (access control measures) कोरखनेकेबावजूदजैसेͩकहमनेअभीचचा[
कȧ है।
तो, हमअगलेवीͫडयोमɅ ÈयाकरɅगे, यहहैͩक, हमऐसीतकनीकɉ कोदेखɅगेजहांऐसीåयवèथाहोनेके
बावजूदजानकारȣ वाèतवमɅ बहसकतीहै।इसͧलए, हमǓनयंğणĤवाहहैͩकंग(control flow hacking)
कोदेखɅगे, अǓनवाय[ ǾपसेबफरओवरÝलो(buffer overflows) औरएकअनͬधकृतउपयोगकता[ को
ͧसèटम से जानकारȣ ĤाÜत करने कȧ अनुमǓत देने के ͧलए उनका उपयोग कैसे ͩकया जा सकता है।
धÛयवाद।"
38,0,,"ऑपरेǑटंग ͧसèटम (Operating System) का पǐरचय
Ĥोफेसर चेèटर रेबेरो
संगणक ͪव£ान और अͧभयांǒğकȧ ͪवभाग
भारतीय Ĥौɮयोͬगकȧ संèथान, मġास
सÜताह – 08
åयाÉयान – 37
ऑपरेǑटंग ͧसèटम सुर¢ा (बफर ओवरÝलोस) (Buffer Overflows)
नमèकार।
इसवीͫडयोमɅ, हम‘बफरओवरÝलोस’ (Buffer Overflows) केबारेमɅ बातकरɅगे।अǓनवाय[ Ǿपसे,
‘बफरओवरÝलोस’ (Buffer Overflows) ͧसèटम(system) मɅ एकभेɮयताहैऔरयहकेवल
ऑपरेǑटंगͧसèटम(operating system) तकहȣ सीͧमतनहȣंहै, लेͩकनयहͧसèटम(system) मɅ
चलनेवालेͩकसीभीएिÜलकेशन(application) सेसंबंͬधतहोसकताहै।अब‘बफरओवरÝलो’ (Buffer
Overflows) भेɮयता है जो ‘दुभा[वनापूण[ एिÜलकेशन’/’माͧलͧसयस एÜलȣकेशनस’ (malicious
applications) कोͧसèटम(system) मɅ Ĥवेशकरनेकȧ अनुमǓतदेताहै, भलेहȣ उनकेपासवैधपहुंचन
हो।अǓनवाय[ Ǿपसेयहͧसèटम(system) मɅ अनͬधकृतपहुंचकȧ अनुमǓतदेगा।तोआइएहमइस
ͪवशेष åयाÉयान मɅ ‘बफर ओवरÝलोस’ (Buffer Overflows) देखɅ।
इसͧलए, जबहमदेखतेहɇ ͩककैसेएकअनͬधकृतउपयोगकता[ याअनͬधकृतहमलावरͧसèटम
(system) मɅ पहुंचĤाÜतकरसकताहै, तोहमदेखतेहɇ ͩकयहकेवलğुǑटयɉ सेहै।Ĥणालȣ मɅ दोĤकार
कȧ ğुǑटयांहोसकतीहɇ।एकइसमɅ एÜलȣकेशन(application) याऑपरेǑटंगͧसèटम(operating
system) मɅ बग(bug) मौजूदहोसकतेहɇ याइसमɅ मानवकारककेकारणğुǑटयांहोसकतीहɇ।जबहम
उदाहरणकेͧलएइंटरनेटĦाउज़र(internet browse) करतेहɇ, जहांहमऐसेकईवेबपेज(web page)
खोलतेहɇ जोहमɅ ͪवशेषचीजɉ परिÈलककरनेकेͧलएखोलतेहɇ औरहमɅ दुभा[वनापूण[ वेबसाइटपरले
जातेहɇ औरइसके पǐरणामèवǾपदुभा[वनापूण[ एिÜलकेशन(application) ͧसèटम(system) मɅ
डाउनलोड (download) ͩकए जाएंगे।
ऑपरेǑटंगͧसèटम(operating system) सेसंबंͬधतएकऔर, जोकȧ ऑपरेǑटंगͧसèटम(operating
system) कोडमɅ ğुǑट/बग(bug) होनेपरहोताहै।अब, आधुǓनकǑदनऑपरेǑटंगͧसèटम(operating
system) ͪवशेषǾपसेवेिजÛहɅ हमआमतौरपरडेèकटॉप(desktop) औरसव[र(server) परउपयोग
करतेहɇ, वेकोड(code) केबहुतबड़ेटुकड़ेहɇ।उदाहरणकेͧलए, मौजूदाͧलनÈसकनȶल(Linux kernal)
मɅ दसͧमͧलयनसेअͬधकलाइनकोड(code) हɇ औरयेसभीकोड(code) ĤोĒामर(programmer)
ɮवाराèपçटǾपसेͧलखेगएहɇ औरइसमɅ कईबÊस(bugs) हɉगे।तो, इनबÊस(bugs) कापता
लगानाबहुतआसाननहȣंहै; हालांͩक, अगरकोईहमलावरदेखनेकाफैसलाकरताहै, तोउसेऐसीबग
(bug) ͧमलसकतीहैऔरͩफरवहओएस(OS) मɅ पहुंचĤाÜतकरनेकेͧलएऑपरेǑटंगͧसèटम
(operating system) मɅ इस बग (bug) का फायदा उठा सकता है।
औरजैसाͩकआपजानतेहɇ ͩकएकबारजबहमलावरओएस(OS) मɅ पहुंचĤाÜतकरलेताहै, तोवह
ͪवͧभÛनचीजɉ कोकरनेमɅ स¢महोगाजैसेवहऑपरेǑटंगͧसèटम(operating system) कोड(code)
केͪवͧभÛनघटकɉ कोǓनçपाǑदतकरनेमɅ स¢महोगा, वहͧसèटममɅ मौजूदसभीसंसाधनɉ को
Ǔनयंǒğतकरसकताहै, वहकरसकताथायहभीǓनयंǒğतकरɅ ͩककौनसेउपयोगकता[ ͧसèटममɅ
ǓनçपाǑदतकरतेहɇ औरइसीतरह।इसĤकार, ऑपरेǑटंगͧसèटम(operating system) मɅ एकबग
(bug) के माÚयम से एक अनͬधकृत पहुंच एक बहुत हȣ मह×वपूण[ पहलू है।
तोऑपरेǑटंगͧसèटम(operating system) मɅ अनͬधकृतपहुंचĤाÜतकरनेकेͧलएहमलावरकई
Ĥकारकȧ बÊस(bugs) काफायदाउठासकतेहɇ।तो, उनमɅ सेकुछकȧ सूचीयहांदȣ गईहै।तो, काय[Đम
केढेर/èटैक(stack) मɅ याओएस(OS) मɅ, ढेर/èटैक(stack) मɅ ‘बफरओवरÝलो’ (Buffer Overflows)
होसकताहै, वहांकुछऐसाहोसकताहैजोǐरटन[-टू-ͧलबसी(Return-to-libc) हमलɉ केǾपमɅ जाना
जाताहै।‘डबलĥȧ’(double frees) हɇ, अǓनवाय[ Ǿपसेऐसातबहोताहैजबएकमेमोरȣ जैसेͩकसीभी
èमृǓतèथान/मेमोरȣ èपेस(memory space) कोगǓतशीलǾपसेआवंǑटतͩकयाजाताहै, malloc एक
सेअͬधकबारमुÈतहोजाताहै, वहांपूणाɍकओवरÝलोबग(integer overflow bugs) होतेहɇ, और
फॉमȶट िèĚंग बग (format string bugs) होते हɇ।
इसͧलएअǓनवाय[ Ǿपसेकईअलग-अलगतरȣकेहɇ िजनपरहमलावरɮवाराͧसèटम(system) मɅ Ĥवेश
करनेकेͧलएबग(bug) काशोषणͩकयाजासकताहै।तो, आजहमजोदेखरहेहɇ वहèटैक(stack) मɅ
बगहɇ औरकुछǐरटन[-टू-ͧलबैक(Return-to-libc) हमलेकेǾपमɅ जानाजाताहैजोअǓनवाय[ Ǿपसे
èटैक (stack) मɅ ‘बफर ओवरÝलो’ (Buffer Overflows) आĐमण का एक Ǿप है।
तो, समझनेकेͧलएͩकबफर(buffer)èटैकमɅ कैसेकामकरताहै, हमɅ सबसेपहलेयहपताहोनाचाǑहए
ͩकèटैक(stack) कैसेĤबंͬधतͩकयाजाताहै।तोचͧलएदेखतेहɇ ͩकउपयोगकता[ कȧ ĤͩĐयाका
ढेर/èटैक (stack) कैसे Ĥबंͬधत होता है।
तोआइएहमकहɅ ͩकहमयहबहुतहȣ सरलउदाहरणलेतेहɇ िजसमɅ दोकाय[ मुÉयहɇ औरइसमुÉय/मेन
(main)फ़ंÈशन(function) मɅ, हमपैरामीटर1, 2 और3 केसाथएकऔरफ़ंÈशन(function) का
आéवानकरतेहɇ।औरयहफ़ंÈशन(function) बसदोबफर(buffer)आवंǑटतकरताहै- 5 बाइɪस
(bytes) केबफर1(buffer 1) और10 बाइɪस(bytes) केबफर2 (buffer2)।इसͧलए, जैसाͩकहम
जानतेहɇ ͩकजबहमइसकाय[ĐमकोͧसèटममɅ ǓनçपाǑदतकरतेहɇ, तोऑपरेǑटंगͧसèटम(operating
system) एकऐसीĤͩĐयाबनाताहैिजसमɅ ͪवͧभÛनĤकारकȧ चीजɅ शाͧमलहɉ िजसमɅ Ǔनदȶश¢ेğ
(instruction area) याइसͪवशेषकाय[ĐमकेͪवͧभÛनǓनदȶश, डेटाअनुभाग/डाटासेÈशन(data
section), हȣप (heap) के साथ-साथ èटैक (stack)।
ͪवशेषǾपसेèटैक(stack) काउपयोगएकफ़ंÈशन(function) सेदूसरेफ़ंÈशन(function) को
पैरामीटरपासकरनेकेͧलएͩकयाजाताहैऔरइसकाउपयोगलोकलवेǐरएबल(local variables) को
èटोर(store) करनेकेͧलएभीͩकयाजाताहै।तोदेखतेहɇ ͩकइसͪवशेषउदाहरणमɅ èटैक(stack) का
उपयोगकैसेͩकयाजाताहै।तोआइएहमकहɅ ͩकयहèटैक(stack) हैऔरयहèटैक(stack) उस
समयसेमेलखाताहैजबमुÉयकाय[ ǓनçपाǑदतहोताहै।अबजबमुÉयइसफ़ंÈशन(function) को
यहांपरआमंǒğतकरनाचाहताहैजोͩककाय[ 1, 2 और3 है, तोयहèटैक(stack) परकुछधÈकादेना
शुǾ कर देता है। तो, èटैक (stack) पर Èया धकेल Ǒदया गया है अब हम देखɅगे?
तो, पहले3 पैरामीटर1, 2 और3 जोमुÉयसेफ़ंÈशन(function) पासͩकएजातेहɇ उÛहɅ èटैक(stack)
परधÈकाǑदयाजाताहैजोफ़ंÈशन(function) 1, 2 और3 केपैरामीटरकोèटैक(stack) परधकेल
Ǒदयाजाएगा।ͩफरǐरटन[ एĜेस(return address) èटैक(stack) परधकेलǑदयाजाताहै।इसͧलए, यह
ǐरटन[ एĜेस(return address) इसफ़ंÈशन(function) आमंğणकापालनकरनेवालेǓनदȶशकोइंͬगत
करेगा।जैसाͩकहमजानतेहɇ एकx86 ĤोसेसरमɅ फ़ंÈशन(function) काआéवानकरनेकेͧलए,
उपयोग ͩकया जाने वाला Ǔनदȶश कॉल (call) है।
तोǐरटन[ एĜेस(return address) कॉल(call) केबादअगलेǓनदȶशकोइंͬगतकरेगा।इसͧलए, ǐरटन[
पते(return address) केबादͪपछलेĥेमपॉइंटर(frame pointer) केǾपमɅ जानाजानेवालाकुछ
èटैक(stack) परधÈकाǑदयाजाताहै, यहĥेमपॉइंटर(frame pointer) मुÉयफ़ंÈशन(main
function) सेसंबंͬधतĥेमकोइंͬगतकरताहै।तो, यहवहĥेमहैिजसकाउपयोगफ़ंÈशन(function)
ǓनçपाǑदतहोनेपरͩकयाजाताहै, जबͩकमुÉयǾपसेǓनçपाǑदतहोनेपरयहĥेमउपयोगͩकयाजाता
है।अबͪपछलेĥेमसूचककाउपयोगकरनेकेबाद, फ़ंÈशन(function) मɅ पǐरभाͪषतèथानीयचर
(local variable) आवंǑटतͩकएजातेहɇ।इसमामलेमɅ, हमारेपासदोवण[ ऐरे(array) हɇ िजÛहɅ
आवंǑटत ͩकया गया है 1 आकार 5 का है और दूसरा आकार 10 बाइɪस (bytes) है।
तोइसकेअलावा, हमारेपास2 सीपीयूरिजèटस[ हɇ िजनकाउपयोगइसèटैकपॉइंटर(stack pointer)
कोĤबंͬधतकरनेकेͧलएͩकयाजाताहै, एकĥेमपॉइंटर(frame pointer) होताहैजोआमतौरपर
इंटेलx86 मɅ रिजèटरबीपी(BP \) होताहै, औरदूसराx86 नामकरणमɅ èटैकपॉइंटर(stack pointer)
याएसपी(SP) होताहै।अबŉेमपॉइंटर(frame pointer ) ŉेमͩकएगएवत[मानफ़ंÈशंस(functions)
कोइंͬगतकरताहै।इसͧलए, यहवाèतवमɅ फ़ंÈशन(function) केĥेमकेअनुǾपइसͪवशेषचीज़को
इंͬगतकरताहै।अबइसफ़ंÈशन(function) केǓनçपादनऔरǐरटन[ (return) कोपूराकरनेकेबाद, यह
ͪपछलाĥेमपॉइंटर(frame pointer) रिजèटरबीपी(BP) मɅ लोडͩकयागयाहै, इसͧलएĥेमपॉइंटर
(frame pointer) तबयहांइंͬगतकरेगाͩकफ़ंÈशन(function) मुÉय(main) सेसंबंͬधतĥेमहै।अब
दूसरȣ तरफèटैक(stack) पॉइंटर(stack pointer) èटैक(stack) केबॉटम(bottom) कोइंͬगतकरता
है।
अब, इसेऔरअͬधकͪवèतृतमɅ देखɅ।आइएहमकहɅ ͩकयहढेर/èटैक(stack) हैऔरयहͪवͧभÛन
èटैक(stack) èथानɉ केͧलएपताहैऔरयहउसͪवशेषपतेमɅ संĒहȣतडेटा(data) है।तोआइएमान
लɅ ͩकढेर/èटैक(stack) काशीष[ 1000 हैऔरयह‘नीचेकȧ ओर’ कमहोरहाहै।तो, जबयहबुलाया
जाताहैतोयहफ़ंÈशन(function) सेसंबंͬधतèटैक(stack) था।तो, हमपहलेदेखतेहɇ ͩकफ़ंÈशन
(function) कोपासͩकएगएपैरामीटर, èटैक(stack) परधकेलतेहɇ; यहपैरामीटर3, 2 और1 हैजो
èटैक(stack) परधकेलǑदएजातेहɇ।इसͧलए, हमÚयानदेतेहɇ ͩकइनपैरामीटरमɅ सेĤ×येकनेइस
फ़ंÈशन(function) मɅ पूणाɍक(integer) केǾपमɅ पǐरभाͪषतͩकयाहै, उÛहɅ 4 बाइटǑदएगएहɇ।तो
पूणाɍक'ए' (‘a’), िजसेफ़ंÈशन(function) मɅ पासͩकयागयाहैपताèथान/एĜेसलोकेशन(address
location) 997 परशुǾ होगाऔरवहांसे4 बाइट997, 998, 999 और1000 हɉगे।इसीĤकार, दूसरे
औरतीसरेपैरामीटरभी4 बाइटलेतेहɇ।इसफ़ंÈशन(function) केͧलएअǓनवाय[ Ǿपसेउसǒबंदुपर
ǐरटन[ एĜेस(return address) िजसपरफ़ंÈशन(function) कोवापसकरनाहै, उसे4 बाइटभीǑदए
गएहɇ।जबͩकबेसपॉइंटरकेबादसेयह32 ǒबटͧसèटमभी4 बाइɪस(bytes) Ǒदयाजाताहै, तबहमारे
पासबफर1 (buffer1) होताहैिजसेफ़ंÈशन(function) केèथानीयकेǾपमɅ आवंǑटतͩकयाजाताहै,
िजसे5 बाइɪस(bytes) 976 से980 Ǒदयाजाताहैऔरͩफरबफर2 (buffer2) को10 बाइटआवंǑटत
ͩकयाजाताहै।इसͧलए, येदोऐरे(array) फ़ंÈशन(function) केèथानीयहɇ जोबेसपॉइंटर(base
pointer) इसͪवशेषèथानपरइंͬगतकरतेहɇ औरèटैक(stack) पॉइंटर(stack pointer) यहांपते
संÉया 964 पर इंͬगत करता हɇ।
अब, आइएकुछसरलपहलुओंकोदेखɅगे।तोआइएहमकहɅ ͩकÈयाहोगायǑदहमइसͪवशेषपंिÈत
कोमुǑġतकरतेहɇ, तोprintf % x buffer 2. इसͧलए, जैसाͩकहमजानतेहɇ ͩकबफर2 (buffer2) इस
ͪवशेषऐरे(array) केपतेसेमेलखाताहै, इसͧलएयहͪवशेषprintf èटेटमɅट(statement) बफर2
(buffer2) केपतेकोͪĤंटकरेगा।इसͧलए, अगरहमèटैक(stack) कोदेखतेहɇ तोहमदेखतेहɇ ͩक
बफर2 (buffer2) का Ĥारंभ पता 966 है; इसͧलए, यह printf 966 ͪĤंट करेगा।
अबÈयाहोताहैअगरहमऐसाकुछकरतेहɇ, तोprintf ampersand/& buffer 2 of 10? तो, हम
जानतेहɇ ͩकबफर2 (buffer2) 10 बाइɪस(bytes) हैऔरइसमɅ 0 से9 तकइंडेÈसहɉगे; अबबफर2
[10 ] (buffer 2 [10]) ‘966 Üलस10’ है, जो976 है।तो, यहांपरमुǑġतहोनेवालाÈया976 है।अब
ऐसाहोताहैͩक976, बफर2 (buffer2) के¢ेğ सेबाहरहै, वाèतवमɅ 976, बफर1 मɅ है।इसͧलए, अब
हमजोĤाÜतकररहेहɇ वहयहहैͩकहमएकपतामुǑġतकररहेहɇ जोबाहरȣ बफर2 (buffer2) है, और
यह एक ‘बफर ओवरÝलो’ (Buffer Overflows) के Ǿप मɅ जाना जाता है।
अǓनवाय[ Ǿपसे, हमने10 बाइɪस(bytes) केबफर(buffer) कोपǐरभाͪषतͩकयाहै, लेͩकनहमडेटा
एÈसेसकररहेहɇ जोबफर2 (buffer2) ¢ेğ केबाहरहै।तो, हम10 वीं, 11 वीं, 12 वींऔरभी, बाइट
(byte) परपहुंचरहेहɇ।तो, यहएक‘बफरओवरÝलो’ (Buffer Overflow) केǾपमɅ जानाजाताहै।अब,
हमआगेÈयादेखɅगेͩकहमलावरɮवाराइस‘बफरओवरÝलो’ (Buffer Overflow) काशोषणकैसे
ͩकयाजासकताहै, औरͩफरहमलावरकैसेअपनेकोड(code) कोǓनçपाǑदतकरनेकेͧलएͧसèटम
(system) को मजबूर कर सकता है।
अबहमलावरɉ केनजǐरएसेएकमह×वपूण[ बातǐरटन[ एĜेस(return address) है।यǑदहमलावरͩकसी
भीतरहसेइसबफर2 (buffer2) कोइसतरहसेभरसकताहैͩकवहएक‘बफरओवरÝलो’ (Buffer
Overflow) काकारणबनताहै, औरइसͪवशेषवापसीपते/ǐरटन[ एĜेस(return address) कोसंशोͬधत
करताहै, तोदेखतेहɇ ͩकÈयाहोगा।तोआइएबफर(buffer) कहɅ ͩकवहयहͪवशेषबयानदेताहै।तो,
19 काबफर2 (buffer2) मनमानाèमृǓतèथान/मेमोरȣ èपेस(memory space) है।तो, हमलावरÈया
कररहाहैͩकवहइसबफर2 (buffer2) कोओवरÝलो(overflow) करनेकेͧलएमजबूरकररहाहैऔर
वहइसतरहसेबह/ओवरÝलो(overflow) होरहाहैͩकèटैक(stack) परसंĒहȣतवापसीपता/ǐरटन[
एĜेस (return address) अपने èवयं के भरे èथान के साथ बदल Ǒदया गया है।
फ़ंÈशन(function) ǓनçपाǑदतकरनेकेबाद, हमÈयादेखɅगेकȧ एकसामाÛयĤोĒामकेमेनफंÈशनपर
लौटनेकेबजायजोकȧ वैधǐरटन[ एĜेस(return address) ĤाÜतकरनेकेबजायइसेइसमनमाना
èथानͧमलेगा, औरͩफरयहइसमनमानाèथानपरजायेगाऔरकोड(code) ǓनçपाǑदतकरनाशुǾ
करदेगा।तो, हमजोदेखɅगेवहहैͩकमेनफंÈशन(main function) मɅ लौटनेकȧ बजायसामाÛय
काय[ĐममɅ अपे¢ाकȧ जाएगी, Èयɉͩकहमलावरनेइसǐरटन[ एĜेस(return address) कोकुछ
मनमानीèथानपरबदलǑदयाहै, इसͧलएĤोसेसरइसǓनदȶशकोइसमनमानाèथानसेसंबंͬधतकरेगा
औरइसेलेकरǓनçपाǑदतकरेगा।तो, अब, यहकाफȧ èपçटǑदखताहैͩकहमलाबनानेकेͧलएहमलावर
Èया कर सकता था।
इसͧलएअǓनवाय[ ǾपसेहमलावरÈयाकरनेजारहाहैͩकवहइसवापसीपते/ǐरटन[ एĜेस(return
address) कोएकआĐमणकोड(attack code) केसूचक(pointer) केसाथèटैक(stack) मɅ मौजूद
वैधǐरटन[ पता(return address) परबदलनेजारहाहै।इसͧलए, जबफ़ंÈशन(function) ǐरटÛस[
(returns) होताहै, मानकèटैÖडड[ ǐरटन[ एĜेस(standard return address) लेनेकेबजाययहअटैक
कोड(attack code) कापॉइंटर(pointer) चुनताहै; औरनतीजतन, इसकेबादअटैकरकोड(attacker
code) ǓनçपाǑदतकरनाशुǾ करदेगा।तोअब, हमदेखɅगेͩकहमलावरइसकेसाथǐरटन[ पता/ǐरटन[
एĜेस (return address) कैसे बदल सकता है, अपने कोड पॉइंटर (code pointer) से।
ऐसाकरनेकेͧलए, हमÈयामानतेहɇ ͩकहमलावरकेपास`इसͪवशेषबफर(buffer) तकपहुंचहै।तो,
इसकामतलबहैͩकहमलावरआवæयकतानुसारइसͪवशेषबफर(buffer) कोभरनेमɅ स¢महोगा।
उदाहरणकेͧलए, इसबफर(buffer) कोͧसèटमकॉल(system call) केमाÚयमसेपाǐरतͩकयाजा
सकताहै, उदाहरणकेͧलए, यǑदऑपरेǑटंगͧसèटम(operating system) कȧ आवæयकताहोगीͩक
उपयोगकता[ ɮवाराͧसèटमकॉल(system call) केमाÚयमसेएकवण[ करैÈटरिèĚंग(character
string) पाǐरतकȧ जाए, औरइसĤकारहमलावरउसकरैÈटरिèĚंग(character string) कोभरनेमɅ
स¢महोगाऔरकनȶल(kernel) कोपासकरेगा।तो, हमलावरÈयाकरनेजारहाहै, वहएकबहुत
ͪवͧशçटिèĚंग(string) बनानेजारहाहैिजसमɅ इसकाशोषणकोड/एÈसÜलॉइटकोड(exploit code)
है, औरयहऑपरेǑटंगͧसèटम(operating system) कोमजबूरकरनेमɅ स¢महैयाइसकेͧलएͩकसी
भीएÜलȣकेशन(application) ɮवाराइसशोषणकोड/एÈसÜलॉइटकोड(exploit code) कोǓनçपाǑदत
कराने के ͧलए। तो, यह कैसे करने जा रहा है यह इस Ĥकार है।
तो, बफर(Buffer) मɅ, हमलावरदोचीजɅ करेगा; सबसेपहलेवहशोषणकोड/एÈसÜलॉइटकोड(exploit
code) डालदेगा, वहकोड(code) हैिजसेहमलावरबफर(Buffer) केǓनचले¢ेğ मɅ ǓनçपाǑदतकरना
चाहताहै, औरउसकेबादबफर(Buffer) कोबहाना/ओवरÝलो(overflow) शुǾ करदेताहै।अǓनवाय[
ǾपसेवहजोभीडालनेजारहाहैवहयहएĜेसèथान(address location) बीए​(BA) है।अबबीए
(BA) इसशोषणकोड(exploit code) कापताहै।इसͧलए, यहमानाजाताहैयायǑदएकèमाट[
हमलावरयहǓनधा[ǐरतकरनेमɅ स¢महोगाͩकबफरकाएĜेसèथान(address location) Èयाहै, और
वहबीए​(BA) केसाथबफरकोओवरÝलो(overflow) करेगा।इसͧलए, वहबीए​(BA) केसाथबफर
(Buffer) कोओवरÝलो(overflow) करतारहताहै, औरजबयहएकͪवशेषमामलेमɅ होताहैतोèटैक
(stack) मɅ मौजूदǐरटन[ पता/ǐरटन[ एĜेस(return address) ‘वैधǐरटन[ पते’ (valid return address)
से बीए (BA) मɅ बदल जाता है।
इसĤकार, जबफ़ंÈशन(function) लौटाताहैतोसीपीयू(CPU) Èयादेखनेजारहाहैपताबीए​(BA)
ǐरटन[ पता/ǐरटन[ एĜेस(return address) èथानहै।इसĤकारयहइसबीए​(BA) एĜेसकोलेनेजारहा
हैऔरउससेकोड(code) ǓनçपाǑदतकरनाशुǾ करदेगा।इसͧलए, चूंͩकबीए​(BA) उसपतेसेमेल
खाताहैजहांशोषणकोड(exploit code) मौजूदहै, तोसीपीयू(CPU) तबइसशोषणकोड/एÈसÜलॉइट
कोड(exploit code) कोǓनçपाǑदतकरनाशुǾ करदेगाऔरइसतरह, हमलावरसीपीयू(CPU) या
Ĥोसेसर (processor) को शोषण कोड (exploit code) ǓनçपाǑदत करने के ͧलए मजबूर कर सकता है।
तो, अबहमदेखɅगेͩकएकͪवशेषहमलाकोड(attack code) कैसेबनायाजाताहै, औरकैसेहमलावर
उसशोषणकोड/एÈसÜलॉइटकोड(exploit code) कोǓनçपाǑदतकरनेकेͧलएͩकसीएिÜलकेशनया
ऑपरेǑटंगͧसèटम(operating system) कोमजबूरकरसकताहै।तोआइएशोषणकोड/एÈसÜलॉइट
कोड(exploit code) काएकबहुतहȣ सरलउदाहरणलɅ, जोयहांǑदखायागयाहै।अǓनवाय[ Ǿपसेयह
शोषणकोड/एÈसÜलॉइटकोड(exploit code) िजसेहमशेलकोड(shell code) केǾपमɅ कहतेहɇ, कुछ
भीनहȣंकरताहैबिãककेवलएकͪवशेषशेल(Shell) ǓनçपाǑदतकरताहै, शेलèलैशǒबनèलैशsh
(shell /bin/sh) ɮवारा ǓनǑद[çट ͩकया जाता है।
औरइसशेल(Shell) कोǓनçपाǑदतकरनेकेͧलएयहͪवशेषफ़ंÈशन(function) ‘execve’ बुलाया
जाताहै।पैरामीटरname0 हɇ िजसमɅ ǓनçपादनयोÊयकानामशाͧमलहैऔरवहांname1 हैजो
अǓनवाय[ Ǿपसेएकखालȣ/नल(null) टͧम[नेटेडिèĚंग(terminated string) है।इसͧलए, हमदेखɅगेͩक
इसअनͬधकृतहमलावरɮवाराइसͪवशेषकोड(code) कोकैसेǓनçपाǑदतͩकयाजासकताहै।तो
पहलासवालपूछाजानाचाǑहएͩकयहहमलावरइसकोड(code) कोढेर/èटैक(stack) परकैसेरखता
है?
ऐसाकरनेमɅ पहलाकदमयहहैͩकहमलावरकोइसͪवशेषकाय[Đमसेसंबंͬधतबाइनरȣ डेटा(binary
data) ĤाÜतकरनेकȧ आवæयकताहै।ऐसाकरनेकेͧलए, हमलावरÈयाकरताहैͩकवहइसकाय[Đम
कोअसɅबलȣ कोड(assembly code) मɅ ͩफरसेͧलखदेगा।इसͧलए, जैसाͩकहमयहांदेखतेहɇ, यह
असɅबलȣ कोड(assembly code) वाèतवमɅ वहȣ कामकरताहैजैसाͩकइसकाय[Đमɮवाराͩकया
जाता है।
अगलȣ बातयहहैͩकहमलावरÈयाकरेगाइसͪवशेषअसɅबलȣ कोड(assembly code) कोकàपाइल
(compile) करेगाऔरउसेͧमलेगािजसेͩकऑÞजेÈटडंप(object dump) केǾपमɅ जानाजाताहै।
इसͧलएऑÞजेÈटडंप(object dump) इसͪवशेषकमांड‘thing ’ कोचलाकरĤाÜतͩकयाजाताहै।
इसͧलए, वहपहलेइसͪवशेषकोडकोकͪपलकरेगायहपानेकेͧलएिजसेशेलकोड(shell code) डॉट
ओ(. o ) केǾपमɅ जानाजाताहै, जोͩकऑÞजेÈटफ़ाइलहै, औरͩफरवहइसͪवशेषकमांड‘objdump
disassemble all shellcode dot o’ को चलाएगा जो कȧ इस ͪवशेष फ़ाइल को ĤाÜत करने के ͧलए है।
अब, हमारेͧलएÈयामह×वपूण[ है, यहͪवशेषकॉलमयादूसराकॉलमयहांपरहै।तोयहांजोसंÉयाएं
आपदेखतेहɇ, हेÈसाडेͧसमल(hexadecimal) संÉयावाèतवमɅ इसकाय[Đमकेͧलएमशीनकोड
(machine code) हɇ।तोइसͪवशेषकाय[Đमकेमशीनकोड(machine code) केअनुǾपeb, 1e, 5e,
89, 76, 08 जैसीसंÉयाएं।दूसरेशÞदɉ मɅ, यǑदहमलावरइसमशीनकोड(machine code) कोèटैक
(stack) पररखनेकाĤबंधनकरताहैऔरइसͪवशेषमशीनकोड(machine code) परǓनçपादनको
मजबूरकरनेमɅ स¢महोताहै, तोहमलावरआवæयकतानुसारशेल(Shell) काǓनçपाǑदतकरनेमɅ
स¢म होगा।
तोमशीनकोड(machine code) यहांǑदखायागयाहैऔरइसͪवशेषहमलेकेͧलएएकचीजकȧ
आवæयकताहैइसमशीनकोड(machine code) मɅ मौजूदसभीशूÛयɉ कोͩकसीअÛयǓनदȶशकेसाथ
ĤǓतèथाͪपत करना है, ताͩक आपके पास कोई शूÛय मौजूद न हो।
अगलȣ बातएकऐसेèथानकोखोजनेकेͧलएपूरेएिÜलकेशन(application) कोèकैन(scan) करनाहै
िजसकाउपयोग‘बफरओवरÝलो’ (Buffer Overflow) केͧलएͩकयाजासकताहै।इसͧलए, अǓनवाय[
ǾपसेबफरओवरÝलो’ (Buffer Overflow) कȧ आवæयकतायहहैͩकहमलावरएिÜलकेशनकोड
(application code) मɅ एक‘िèĚंगकॉपीबफरकॉमालाज[ िèĚंग’ (string copy buffer comma large
string) जैसेकमांडकोपाताहैजहांबफर(buffer) एकछोटȣ सरणी/ऐरे(array) हैऔरइसेèथानीयǾप
सेèटैक(stack) मɅ पǐरभाͪषतͩकयाजाताहै, जबͩकबड़ीिèĚंग(string) होतीहैएकबहुतबड़ी
सरणी/ऐरे(array)।इसͧलए, जैसाͩकहमजानतेहɇ ͩकइसͪवशेषफ़ंÈशन(function) ‘strcpy’ कामɉ
कातरȣकायहहैͩकबड़ीिèĚंगकोबफरमɅ कॉपीͩकयाजाताहैऔरयहĤǓतͧलͪपतबतकबाइटɮवारा
जारȣ रहेगीजबतकͩकèलैश0 (slash 0) नहोजोबड़ीिèĚंगमɅ पाईजातीहै; िजसिèथǓतमɅ strcpy
Ǔनçपादन पूरा हो जाएगा और वापस आ जाएगा।
तोआइएमानलɅ ͩकहमलावरकोऐसामामलाͧमलाहैजहांहमारेपासबफर(buffer), एकबड़ीिèĚंग
(string) औरएकिèĚंगĤǓतहै, औरबफरèटैक(buffer stack) परपǐरभाͪषतएकछोटȣ सीसरणी/ऐरे
(array) है और हमलावर इसका उपयोग कैसे करता है।
तो, हमलावरतबÈयाकरेगाजोशेलकोड(shell code) सरणी/ऐरे(array) केǾपमɅ जानाजाताहैजो
अǓनवाय[ Ǿपसेवहकोड(code) हैिजसेवहǓनçपाǑदतकरनाचाहताहै।इसͧलए, वहशेलकोड(shell
code) सरणी/ऐरे(array) बनाताहैिजसमɅ सभीअसɅबलȣ ओपकोड(assembly op codes) यामशीन
कोड(machine codes) शाͧमलहोतेहɇ, जोइसेǓनçपाǑदतकरनाचाहतेहɇ औरवहइसकोडयाइस
शेलकोड(shell code) कोबड़ीिèĚंगकेपहलेभागमɅ रखताहै।इसͧलए, यǑदआपइसेदेखतेहɇ तो
बड़ीिèĚंगसरणी(string array), जोइसमामलेमɅ 128 बाइɪस(bytes) कȧ एकबहुतबड़ीिèĚंग
(string) है, को पहले भाग मɅ शेल कोड (shell code) ͧमलता है।
ͩफरवहगणनाकरताहैͩकबफर(buffer) कापताÈयाहोनाचाǑहए, औरबफर(buffer) पतेकेसाथ
बड़ी िèĚंग (string) के शेष Ǒहèसे को भरता है।
अबउसेिèĚंगकॉपी(string copy) कोइसबफर(buffer) केसाथǓनçपाǑदतकरनेकेͧलएमजबूर
करनेकȧ आवæयकताहैऔरवहबड़ीिèĚंग(string) िजसेउसनेअभीबनायाहैजैसाͩकउसनेयहां
Ǒदखायाहै।अबइसिèĚंगकॉपी(string copy) कोǓनçपाǑदतकरनेकेपǐरणामèवǾप, िèĚंगकॉपी
(string copy) केͧलएबनायागयाएकèटैकĥेम(stack frame) हैऔरजैसाͩकहमजानतेहɇ ͩक
िèĚंगकॉपी(string copy) बड़ीिèĚंगसेबफर(buffer) कोतबतकĤǓतͧलͪपबनायेगीजबतकͩकयह
èलैश0 (slash 0) नपाजाये।तो, इसतरहसेढेर/èटैक(stack) परÈयाहोगा, यहहैͩकबड़ीिèĚंग
(string) कȧ ĤǓतͧलͪप बनाई जाती है।
तोसबसेपहले, शेलकोड(shell code) कȧ ĤǓतͧलͪपबनाईजातीहैऔरͩफरबफरएĜेस(buffer
address) बफरपरओवरÝलोहोतारहताहैऔरएकèलैश0 (slash 0) ͧमलनेतकचलतारहताहै।
इसͧलए, जोहमनेदेखाहै, जबिèĚंगकॉपी(string copy) ǓनçपाǑदतकरताहैउसेͩकवैधǐरटन[
पता/ǐरटन[ एĜेस(return address) ĤाÜतकरनेकेबजाय, उसेजोͧमलाहैवहबफरपता(buffer
address) केǾपमɅ जानाजाताहै।इसͧलए, अǓनवाय[ Ǿपसेहमजानतेहɇ ͩकबफरपता(buffer
address) इसͪवशेषèथानपरइंͬगतकरताहै, औरइसͧलए, सीपीयू(CPU) कोबफरपते(buffer
address) ɮवाराइंͬगतइसèथानपरवापसजानेकेͧलएमजबूरͩकयाजाएगाऔरशेलकोड(shell
code) ǓनçपाǑदतͩकयाजाएगा।नतीजतनहमलावरशेलकोड(shell code) ǓनçपाǑदतकरनेमɅ स¢म
होगा, जो इस ͪवशेष उदाहरण मɅ शोषण/एÈसÜलॉइट (exploit) था।
तोआइएहमपूरȣ चीजकोएकसाथदेखɅ।तोहमारेपासशेलकोड(shell code) हैजोकोड(code) है
िजसेहमलावरǓनçपाǑदतकरनाचाहताहै।यहांपर, हमनेइसेवैिæवकसरणी/Êलोबलऐरे(global
array) केǾपमɅ पǐरभाͪषतͩकयाहै, लेͩकनहकȧकतमɅ इसजैसीͪवͧभÛनचीजɉ केमाÚयमसेĤवेश
करसकताहैजैसेèकैनफ(scanf) यायहनेटवक[ काड[ केमाÚयमसेभीआसकताहै, अǓनवाय[ Ǿपसे
हमनेͪवशेषĤाǾपवालेएकपैकेटकोपाǐरतͩकयािजसमɅ शोषण/एÈसÜलॉइट(exploit) हैऔर
ͪवͧभÛन शेल कोड (shell code) मɅ गुजरने कȧ अÛय ͪवͧभÛन ͪवͬधयां हɇ।
इसकेबाद, आइएमानलɅ ͩकएिÜलकेशन(application) मɅ कहȣंभीयहͪवशेषकोड(code) है।हमारे
पासबड़ीिèĚंग(string) हैऔरहमारेपासएकछोटȣ िèĚंग(string) हैजोबफर(buffer) है, जोएक
èथानीयसरणी/लोकलऐरे(local array) èथानीयǾपसेपǐरभाͪषतसरणी(array) हैऔरइसͧलए,
èटैक (stack) पर बनाई जाती है।
तो, हमपहलेÈयाकरतेहɇ ͩकसीभीतरहसेलंबीिèĚंग(string) याबड़ीिèĚंग(string) कोबफर
(buffer) केपतेसेभरनेकाĤबंधनहोताहै।इसͧलए, यǑदआपयादकरतेहɇ, तोयहबीए​(BA) भागहै
जोमौजूदहɇ, ͩफरहमशेलकोड(shell code) कोबड़ीिèĚंग(string) परकॉपीकरɅगे।इसͧलए, हमने
इसबड़ेिèĚंग(string) कोउसĤाǾपमɅ बनायाहैिजसकȧ हमɅ आवæयकताहै।इसबड़ीिèĚंग(string)
केपहलेभागमɅ शेलकोड(shell code) है, औरउसकेबादबफरकाǐरटन[ पता/ǐरटन[ एĜेस(return
address) होताहै।औरͩफरयǑदिèĚंगĤǓत(string copy) जैसेफ़ंÈशन(function) हɇ जोबफरमɅ बड़ी
िèĚंगकȧ ĤǓतͧलͪपबनाताहैतोइसकेपǐरणामèवǾपिèĚंगकॉपी(string copy) केतुरंतबाद, फ़ंÈशन
(function) इस ͪवशेष ǒबंदु पर लौटने कȧ बजाय; ‘बफर ओवरÝलो’ (Buffer Overflow) हो जाएगा।
दूसरȣ तरफ, इसͪवशेषशेलकोड(shell code) कोǓनçपाǑदतकरɅ, औरइसकमांड(command) को
ǓनçपाǑदतकरनेकेͧलएइसशेल(shell) कोǓनǑद[çटकरɅ।इसͧलए, अगरहमवाèतवमɅ यहदेखतेहɇ,
अगरहमजीसीसीओवरÝलोडॉटसी(gcc overflow dot c) ǓनçपाǑदतकरतेहɇ याइसेओवरÝलो1
डॉटसी(overflow 1 dot c) कहाजाताहैऔररनडॉटèलैशएकडॉटआउट(run dot slash a dot
out) होताहै।इसिèĚंगकॉपी(string copy) औरबाहरǓनकलनेकेबजाय, इसͪवशेषकाय[Đमने
ǓनçपाǑदतͩकएगएशोषणकोड/एÈसÜलॉइटकोड(exploit code) केकारणएकनयाशेल(Shell)
बनाया।
तो, ‘बफरओवरÝलो’ (Buffer Overflows) एकबेहदĤͧसɮधğुǑट/बग(bug) हɇ औरͪपछलेदशकमɅ या
वाèतवमɅ एकदशकसेअͬधकसेअ×यͬधकशोषणͪवͧभÛनमैलवेयर(malware) औरवायरसɉ
(viruses) ɮवाराͩकयाजातारहाहै।औरवाèतवमɅ ‘बफरओवरÝलो’ (Buffer Overflows) काउपयोग
करनेवालेपहलेवोम[ (worm) मɅ सेएक‘कोडरेड’ (CODERED) कहाजाताथािजसे13 जुलाई2001
कोजारȣ ͩकयागयाथा।इसͧलए, इसनेदुǓनयाभरमɅ भारȣ अराजकतापैदाकȧ, औरलालधÞबेवाèतव
मɅ Ǒदखातेहɇ ͩकवायरसदुǓनयाभरमɅ कैसेफैलताहैएकǑदनयाइसकेबजायकुछघंटɉ सेभीकम
समयमɅ ।इसͧलए, हमदेखतेहɇ ͩक‘बफरओवरÝलो’ (Buffer Overflow) काउपयोगकरनेवालेइस
ͪवशेष वायरस ने 19 जुलाई 2001 तक लगभग 359000 कंÜयूटरɉ को संĐͧमत ͩकया था।
इसͧलएअǓनवाय[ Ǿपसेइसवोम[ (worm) याइसͪवशेषकȧड़े/वोम[ (worm) ɮवारालͯ¢तएिÜलकेशन
(application) माइĐोसॉÝटके(Microsoft’s) आईआईएसवेबसव[र(IIS web server) थाऔरिजस
िèĚंग(string) कोǓनçपाǑदतͩकयागयाथावहयहांǑदखायागयाहै।तो, यहिèĚंगवाèतवमɅ शोषण
कोड/एÈसÜलॉइटकोड(exploit code) थािजसेǓनçपाǑदतͩकयागयाथाऔरइसकेपǐरणामèवǾपवेब
Ħाउजर (web browser) मɅ ऐसा कुछ Ǒदख रहा था।
धÛयवाद।"
39,0,,"ऑपरेǑटंग ͧसèटम (Operating System) का पǐरचय
Ĥोफेसर चेèटर रेबेरो
संगणक ͪव£ान और अͧभयांǒğकȧ ͪवभाग
भारतीय Ĥौɮयोͬगकȧ संèथान, मġास
सÜताह – 08
åयाÉयान – 38
बफर ओवरÝलो (Buffer Overflow) हमलɉ को रोकना
नमèकार।
ͪपछलेवीͫडयोमɅ, हमनेदेखाथाͩककैसेहमलावरयाअǓनवाय[ Ǿपसेͧसèटमकेएकअनͬधकृत
उपयोगकता[, बफरओवरÝलोबग(buffer overflow bug) केǾपमɅ जानाजानेवाला, शोषणकरके
ͧसèटम(system) मɅ अपनाकोडǓनçपाǑदतकरसकताहै।इसͧलएहमनेदेखाथा, कमसेकमहमने
इसतरहकेबफरओवरÝलोबग(buffer overflow bug) बनायाथाऔरǑदखायाथाͩकहमलावर
अपनाशोषणकोड/एÈसÜलॉइटकोड(exploit code) कैसेबनासकताहैऔरउसशोषणकोड(exploit
code) को चला सकता है िजसने ͧसèटम (system) मɅ एक शेल (shell) बनाया है।
इसͧलए, यहͪवशेषउदाहरणउपयोगकता[ èथानमɅ एकएिÜलकेशन(application) आधाǐरतउदाहरण
था, लेͩकनऑपरेǑटंगͧसèटम(operating system) मɅ बहुतहȣ समानĤकारकेशोषणͧलखेजासकते
हɇ।तो, हमइसवीͫडयोमɅ जोदेखरहेहɇ, वेइससुर¢ाकोदूरकरनेकेͧलएअͬधकशिÈतशालȣ हमले
करनेकेͧलए, इस‘बफरओवरÝलोभेɮयता/वãनेरेǒबͧलटȣ’ (‘buffer overflow vulnerability’) कोदूर
करने के तरȣके और वषɟ मɅ ͪवकͧसत होने के तरȣके के बारे मɅ तकनीकɅ हɇ।
èटैक(stack) मɅ बफरओवरÝलोहमले(buffer overflow attack) कोरोकनेकेͧलएपहलाऔरसबसे
èपçटतरȣकाèटैक(stack) पेजɉ कोǓनçपाǑदतकरनेयोÊयनहȣंहै।हमनेजोदेखावहयहहैͩक
हमलावरसीपीयू(CPU) कोएकशोषणकोड/एÈसÜलॉइटकोड(exploit code) ǓनçपाǑदतकरनेकेͧलए
मजबूरकरेगाजोèटैक(stack) मɅ मौजूदहै।तो, उदाहरणकेͧलए, इसबफरकोèटैकपरपǐरभाͪषत
ͩकयागयाहैिजसमɅ शोषणकोड/एÈसÜलॉइटकोड(exploit code) भीशाͧमलहैऔरिèĚंग(string)
ĤǓतकोइसतरहसेǓनçपाǑदतͩकयागयाथाͩकिèĚंग(string) ĤǓतकेǓनçपादनकेबाद, यहशोषण
कोड/एÈसÜलॉइटकोड(exploit code) होगाजोशेलकोडहैǓनçपाǑदतकरनेकेͧलएèटैक(stack) पर
मौजूद है।
इसͧलए, इसहमलेकोरोकनेकेͧलएएकèपçटतरȣकाहैèटैक(stack) पेजɉ कोǓनçपादनयोÊय
बनाना, इसͧलएइनǑदनɉ उपयोगͩकएजानेवालेͧसèटम(system) मɅ ऐसाͩकयाजाताहै।इसͧलए,
यǑदआपवाèतवमɅ अपनेइंटेलͧसèटम(Intel System) परइसͪवशेषकाय[Đमकोचलाएंगे, और
शोषणकोड/एÈसÜलॉइटकोड(exploit code) ǓनçपाǑदतकरनेके बजाय, आपकोसेगमɅटेशन
गलती/फाãट(segmentation fault) ͧमलजाएगी।ऐसाइसͧलएहोगाÈयɉͩककाय[Đमèटैक(stack)
पर कुछ Ǔनदȶश ǓनçपाǑदत करने का Ĥयास कर रहा है।
इंटेलमशीनɉ मɅ, èटैक(stack) कोगैरǓनçपादनयोÊयकेǾपमɅ ͬचिéनतकरनेकेͧलएपृçठसारणीमɅ
एकएनएÈस(NX) ǒबट(bit) मौजूदहै।हालांͩकयहअͬधकांशकाय[Đमɉ मɅ केͧलएकामकरताहै, यानी
यहएकअǓतǐरÈतलाभहै, लेͩकनसमèयाकुछĤोĒामहɇ, भलेहȣ उÛहɅ ढेरसेǓनçपाǑदतकरनेकȧ
दुभा[वनापूण[ आवæयकतानहो।इसͧलएइनकाय[Đमɉ कोठȤकसेकामकरनेकेͧलएèटैक(stack) से
ǓनçपाǑदतकरनेकȧ आवæयकताहै।इसͧलए, एनएÈस(NX) ǒबट(bit) सेट(set) करनाहमेशासभी
काय[Đमɉ के ͧलए बहुत फायदेमंद नहȣं होता है।
तोअगलȣ बात, हमखुदसेपूछनेजारहेहɇ ͩकअगरहमएनएÈस(NX) कोǓनçपादनयोÊयबनातेहɇ,
तोÈयायहपूरȣ तरहसेबफरओवरÝलोहमलɉ कोरोकदेगाऔरवाèतवमɅ, ऐसानहȣंहोताहै।वषɟ से
बफरओवरÝलोहमलेकुछऐसेलोगɉ केͧलएͪवकͧसतहुएहɇ जोlibc हमलɉ परलौटनेकेǾपमɅ जाना
जाताहै, िजसकाउपयोगउनĤणाͧलयɉ परभीͩकयाजासकताहैिजनकेपासएकǓनçपादनयोÊय
èटैक (stack) है।
तोआइएहमसं¢ेपमɅ देखɅ ͩकlibc हमलेपरवापसीकैसेकामकरतीहै।इसͧलए, अǓनवाय[ Ǿपसेहमने
जोͩकयाहै, जबहमèटैक(stack) मɅ बफरकोओवरÝलोकरनेकाĤयासकरतेहɇ, तोयहहैͩकहमारे
पासढेर/èटैक(stack) परशोषणकोड/एÈसÜलॉइटकोड(exploit code) मौजूदथा, औरहमनेबफर
(buffer) केपतेकेसाथवैधǐरटन[ पताबदलǑदयाथा।अबयहआधुǓनकǑदनकȧ Ĥणाͧलयɉ मɅ हमारे
ͧलएकामनहȣंकरताहै, Èयɉͩकèटैक(stack) कोǓनçपादनयोÊयपरसेटͩकयागयाथा।इसͧलए
देखतेहɇ ͩकएनएÈस(NX) ǒबटसेटहोनेकेबावजूदगैर-ǓनçपादनयोÊयèटैक(stack) होनेकेबावजूद
libc कायɟ पर वापस कैसे आते हɇ।
तो, libc परवापसÈयाहोताहैͩकèटैक(stack) केभीतरͩकसीèथानपरवापसीपतेकोशाखामɅ
मजबूरकरनेकेबजाय, यहवापसीपतेकोͩकसीअÛयफ़ंÈशन(function) वालेͩकसीअÛयèथानपर
जानेकेͧलएमजबूरकरताहै।आइएहमकहɅ ͩकयहफ़ंÈशन(function) एफ1 (F1) है।इसͧलए, बफर
ओवरāलो(buffer overflow) केमाÚयमसेèटैकपरजोभराजाताहैवहएफ1 (F1) केͧलएसूचक
होताहै, इसͧलएजबफ़ंÈशन(function) ǓनçपाǑदतहोजाताहै, तोयहांसेलौटायागयापताएफ1 (F1)
केͧलएसूचकहोताहै, औरइसͧलए, सीपीयूकोइसफंÈशनकोǓनçपाǑदतकरनेकेͧलएमजबूरͩकया
गयाहैएफ1 (F1). अब, अगलासवालयहहैͩकयहफ़ंÈशन(function) एफ1 (F1) Èयाहै? तो, एक
बातǓनिæचतहैͩकयहफ़ंÈशन(function) हमलावरकाअपनाशोषणकोड/एÈसÜलॉइटकोड(exploit
code) नहȣंहोसकताहै।इसͧलए, यहकुछमाÛयफ़ंÈशन(function) होनाचाǑहएजोकोडसेगमɅटमɅ
पहलेसेमौजूदहैऔरिजसकेपासǓनçपाǑदतकरनेकȧ अनुमǓतहै।तो, यहएफ1 (F1) Èयाहोगा? वह
ǒबंदुसंÉया1 औरǒबंदुसंÉया2 हैͩकहमलावरसामाÛयकाय[ काउपयोगकैसेकरेगाजोĤोĒाममɅ
मौजूदकुछदुभा[वनापूण[ करनेकेͧलएमौजूदहैजैसेकोडचलानेऔरउसकाशोषण/एÈसÜलॉइट
(exploit) करना?
फ़ंÈशन(function) एफ1 (F1) कोकाया[िÛवतकरनेकेकईतरȣकेहɇ, लेͩकनआजहमजोदेखɅगेवह
फ़ंÈशन(function) एफ1 (F1) हैिजसे‘ͧसèटम’ (‘system’) नामकइसͪवशेषफ़ंÈशन(function) का
उपयोगकरकेलागूͩकयागयाहै।अब, ͧसèटम(system) एकऐसाफ़ंÈशन(function) हैजोlibc
नामकलाइĦेरȣ मɅ मौजूदहै, औरयहÈयाकरताहैͩकयहएकिèĚंग(string) केͧलएएकवण[ सूचक
(character pointer) लेताहैजोǓनçपादनयोÊयहोगा।तो‘ͧसèटम’ (‘system’) मɅ पाǐरतिèĚंग
(string) ǓनçपादनयोÊयनामलेतीहैऔरजबǓनçपाǑदतͩकयाजाताहैतोयहअǓनवाय[ Ǿपसेइस
ͪवशेषकाय[ĐमकोǓनçपाǑदतकरेगा।तो, इसͪवशेषउदाहरणमɅ, कौनसीĤणालȣ होगीयहहैͩकयह
बैशशेल(Bash shell) ǓनçपाǑदतकरेगा, िजससेएकबैशशेल(Bash shell) बनायेगा।अबlibc एक
पुèतकालयहै, िजसकाĤयोगअͬधकांशकाय[Đमɉ ɮवाराͩकयाजाताहै।तो, यहांतक​ͩकएकसामाÛय
""हैलोवãड["" (“Hello World”) ĤोĒामजोआपͧलखतेहɇ, वहसंभवतःlibc लाइĦेरȣ काउपयोगकरेगा।
तो, इसकाÈयाअथ[ हैͩकआपकȧ ĤͩĐयाकेपताèथान/एĜेसèपेस(address space) मɅ, फ़ंÈशन
(function) ͧसèटम(system) है।तो, हमलावरकोअबÈयाकरनाहोगा, केवलअपनीĤͩĐयाकेपता
èथान/एĜेसèपेस(address space) मɅ पहचाननाहैजहांͧसèटमफ़ंÈशन(system function) रहता
है।इसकेबादͩकसीĤोĒामकोचलानेकेͧलएउसेͩकसीभीतरहसेतक[ /आगु[मɅट(argument) देनेकȧ
ज़Ǿरतहै।तो, मानलɅ ͩकअगरहमउदाहरणजारȣ रखतेहɇ, तोहमनेͪपछलेवीͫडयोमɅ Èयादेखाहै,
जहांहमलावरएकशोषणबनाताहैजोएकखोलǓनçपाǑदतकरताहै।इसͧलए, इसमामलेमɅ, यǑद
हमलावरएकहȣ खोलकोǓनçपाǑदतकरनाचाहताहै, तोèमृǓतèथान(memory space) मɅ ͧसèटम
फ़ंÈशंस(system function) पताखोजनेकेअलावा, हमलावरकोͩकसीͪवशेषǾपसेइसͪवशेषिèĚंग
(string) èलैशǒबनèलैशsh (/bin/sh) कोͧसèटम(system) केपैरामीटर(parameter) केǾपमɅ
पासकरनेकȧ आवæयकताहोगी।तो, इसकामतलबहैͩकहमलावरकोएकपता/एĜेस(address)
ढूंढना होगा जो िèĚंग (string) èलैश ǒबन èलैश sh (string /bin/sh) को इंͬगत करता है।
तो, आमतौरपरजोͩकयाजाताहैउसकेपासएकèटैकĥेम(stack frame) होताहै, जहांǐरटन[ पता
(return address) होताहैयावैधवापसीपताकोएफ1 (F1) पॉइंटर(pointer) ɮवाराĤǓतèथाͪपत
ͩकयाजाताहैजोͩकͧसèटमफ़ंÈशन(system function) केͧलएसूचक/पॉइंटर(pointer) हैजोlibc
मɅ मौजूदहैऔरयǑदआपकाĤोĒामगǓतशीलǾपसेͧलंककȧ गईलाइĦेरȣ libc काउपयोगकरताहै, तो
ऐसापतामाÛयहोगा।दूसरा, हमलावरकोÈयाकरनाहै, यहहैͩक, ͧसèटमफ़ंÈशन(system
function) को आगु[मɅट (argument) देना, जो अǓनवाय[ Ǿप से Ǔनçपादन योÊय नाम है।
तो, अǓनवाय[ ǾपसेआपकेपताèथानमɅ कहȣंभी, हमलावरकोइसͪवशेषिèĚंग(string) केमौजूद
होनेकापताकरनेकȧ आवæयकताहैजोèलैशǒबनèलैशबैश(/bin/bash) याèलैशǒबनèलैशsh
(/bin/sh) है, औरइसͪवशेषिèĚंग(string) केपॉइंटर(pointer) केसाथèटैक(stack) कोभरनेकȧ।
तो, अǓनवाय[ Ǿपसे, इसेदोचीजɉ कȧ आवæयकताहै; एकèटैक(stack) मɅ ǐरटन[ पता(return
address) हैजोͧसèटमकॉल(system call) केपतेकेसाथसंशोͬधतͩकयाजासकताहैजोlibc मɅ
मौजूदहै, औरlibc कोपासपैरामीटर(parameter) भीèटैक(stack) परमौजूदहोनाचाǑहए।तो, इस
मामलेमɅ यहएकशेलसूचक/पॉइंटर(pointer) हैजोइसͪवशेषिèĚंग(string) èलैशǒबनèलैशबैश
(/bin/bash) को इंͬगत करता है।
इसͧलए, एकबारऐसाकरनेकेबाद, जबमाÛयपतेपरलौटनेकȧ बजायफ़ंÈशनǐरटन[ (return) होता
है, तोयहCPU कोइसͪवशेषͧसèटम(system) कोǓनçपाǑदतकरनेकाकारणबनताहै।अबइस
ĤͩĐयाकेदौरान, इसͪवशेषशेलèलैशǒबनèलैशबैश(/ǒबन/बैश) केपॉइंटर(pointer) कोͧसèटम
कॉल(system call) मɅ भीमानाजाएगाऔरइसकेपǐरणामèवǾपएकशेल(shell) बनजाएगा।तो,
खोल/शेल(shell) से, हमलावरतबकईअÛयचीजɉ कोजÛमदेसकताथाऔरअपनेकाय[Đमचला
सकताथा।इसͧलए, इसतरह, libc हमलेपरवापसीएकèटैक(stack)होनेकेबावजूदकामकरताहैजो
ǓनçपादनयोÊयहै।तो, ÚयानदɅ ͩकहमइनमɅ सेͩकसीभीǓनदȶशकोǓनçपाǑदतनहȣंकररहेहɇ; हम
केवलèटैक(stack)परपढ़रहेहɇ औरͧलखरहेहɇ जबͩकअसलȣ Ǔनçपादनफ़ंÈशनͧसèटम(function
system) ɮवारा कोड सेगमɅट (code segment) मɅ होता है।
अब, libc परवापसी/ǐरटÛस[ कȧ सीमायहहैͩककुछमनमानेकोडǓनçपाǑदतकरनाबेहदमुिæकलहै।
इसͧलए, हमनेएकउदाहरणदेखाथाͩककैसेहमलावरएकशेल(shell) कोǓनçपाǑदतकरसकताहै,
लेͩकनहमलावरजोहमलाlibc केǐरटन्[ (return) ĤकारकेहमलेमɅ करसकताहैवहबहुतसीͧमतहै।
और इसͧलए, समय कȧ अवͬध मɅ हमले कुछ और मजबूत हो गए हɇ।
औरहालहȣ मɅ, कुछ‘ǐरटन[ ओǐरएंटेडĤोĒाͧमंगअटैÈस’ (Return Oriented Programming Attacks)
केǾपमɅ जानाजाताहै।तो, यहसबसेशिÈतशालȣ हमलɉ मɅ सेएकहैजो£ातहɇ जोबफरओवरÝलो
(buffer overflows) काउपयोगकरतेहɇ।इसͧलए, यहउनĤणाͧलयɉ/ͧसèटàस(systems) केͧलएभी
लागूहैिजनमɅ गैर-ǓनçपादनयोÊयèटैक(stack) है।ǐरटन[ उÛमुखकाय[Đम(return oriented
program) यासंछेपमɅ आरओपी(ROP) हमलेकेǾपमɅ भीजानाजाताहै, िजसेèटैनफोड[ यूǓनवͧस[टȣ
मɅ होवावशाचम(Hovav Shacham) ɮवाराखोजागयाथाऔरयहगैर-ǓनçपादनयोÊयèटैक(stack)
होनेकेबावजूदͩकसीभीमनमानेढंगसेगणनायाͩकसीभीमनमानीकोडकोइंजेÈशनदेनेकȧ
अनुमǓत देता है। तो आइए हम एक बहुत हȣ छोटे उदाहरण के साथ देखɅ ͩक यह काम कैसे काम करता है।
तोआइएहमकहɅ ͩकिजसहमलावरकोǓनçपाǑदतकरनाहैवहअसɅबलȣ लाइनɉ केसेटɮवाराǑदया
गयाहै।इसͧलए, अǓनवाय[ ǾपसेयǑदहमलावरइनअसɅबलȣ कोडǓनçपाǑदतकरनेकाĤबंधनकरताहै,
तोउसकाकामपूराहोजाताहै, वहजोभीशोषणचाहताहैउसेचलानेमɅ स¢महोगा।अबआरओपी
हमलाÈयाकरताहैगैजेटकेǾपमɅ जानाजाताहै।अबगैजेɪस(gadgets) कामतलबयहहैͩकइस
ͪवशेषकोडकोͪवभािजतकरनायापेलोडिजसेइसेकहाजाताहै, छोटेघटकɉ मɅ गैजेɪस(gadgets) के
ǾपमɅ जानाजाताहै।इसͧलए, यहǑदखायागयाहैͩकगैजेटकाउपयोगकरकेͪवͧभÛनĤकारके
अलग-अलगपेलोडǓनçपाǑदतͩकएजासकतेहɇ, औरइसͧलएहमͪवͧभÛनĤकारके शोषण
कोड/एÈसÜलॉइटकोड(exploit code) ĤाÜतकरसकतेहɇ िजनकाउपयोगहमलावरɮवाराͩकयागया
है। तो चͧलए देखते हɇ ͩक गैजेट (gadget) Èया है?
इसͧलएअǓनवाय[ Ǿपसेएकगैजेट(gadget) कुछउपयोगीǓनदȶशहैऔरजबमɇ यहांपरउपयोगी
Ǔनदȶशकहताहूंतोइसकामतलबहैͩकयहपेलोड(payload) मɅ इनǓनदȶशɉ मɅ सेएकहैिजसेशोषणके
ǑहèसेकेǾपमɅ ǓनçपाǑदतकरनेकȧ आवæयकताहैिजसकेबादएक'ret' - एकǐरटन[ (return) है।तो,
जैसाͩकआपइंटेलǓनदȶश/इंèĚÈशनसेट(Intel instruction set) मɅ जानतेहɇ, उतनाहȣ बंदकरɅ इसका
मतलबहैͩकͪवशेषकाय[ सेवापसी।तो, यहबहुतआसानबातहै- गैजेट(gadget) Èयाहै? तोअब,
हमलावरकोÈयाकरनाहैवहपेलोड(payload) केअनुǾपहैिजसेवहǓनçपाǑदतकरनाचाहताहै, उसे
ऐसेउपयोगीगैजेट(gadget) खोजनेकेͧलएǓनçपादनयोÊयकेपूरेबाइनरȣ कोड(binary code) को
èकैन करने कȧ आवæयकता है।
इसͧलए, उदाहरणकेͧलए, यǑदहमयहͪवशेषभार-खच[/पेलोड(payload) लेतेहɇ, तोहमलावरयह
पायाजासकताहैͩककाय[Đमɉ मɅ कहȣंभीबाइनरȣ मौजूदहैजोमौजूदसभीǓनदȶशɉ मɅ सेएकहै, यह
ͪवशेषगैजेट(gadget) मौजूदहैजोलगभगवहȣ बातजोआवæयकहैवहहैͩकपेलोडमɅ यहͪवशेष
Ǔनदȶश‘mov esi comma 0x8 esi’ हैऔरयहवहȣ चीज़यहांमौजूदहै।इसीतरह, हमलावरÈया
करेगा, वहइसतरहकेगैजेटज़(gadgets) खोजनेकेͧलएबाइनरȣ काय[ĐमकेअÛयǑहèसɉ कोèकैन
करेगा।इसͧलएपेलोडमɅ दूसरȣ पंिÈत, गैजेट(gadget) दोमɅ मौजूदहै; तीसरȣ पंिÈतयहांमौजूदहै।
इसͧलए, अǓनवाय[ Ǿपसेवहगैजेट(gadget) काउपयोगकरकेǓनçपाǑदतकरनेकेͧलएइसपेलोडको
मजबूरकरेगा।तो, वहèटैक(stack) कोओवरÝलोकरनेजारहाहै, गैजेट(gadget) कȧ एकĮृंखलाहै,
इसͧलएअǓनवाय[ Ǿपसेèटैक(stack) मɅ जी1 (G1) ͩफरजी2 (G2), जी3 (G3) औरजी4 (G4)
शाͧमलहोनेजारहाहै।इसͧलएयेगैजेट(gadget) हɇ याइनगैजेɪस(gadgets) केपतेåयविèथतहɇ
इसतरहसेजबवैधवापसीपताखोजनेकेबजायपहलावैधǐरटन[ पतापूराͩकयाजाताहै, तोगैजेट1
(gadget1) कापतापायाजाताहैऔरनतीजतनयहǓनदȶशगैजेट1 (gadget1) सेसंबंͬधतहै।और
ͩफरएकवापसीहैऔरढेरइसतरहसेåयविèथतͩकयाजाताहैͩकगैजेट2 (gadget2) तबǓनçपाǑदत
करेगा, ͩफरगैजेट3 (gadget3), गैजेट4 (gadget3) औरभीइसीतरह।तो, कुलͧमलाकरहालांͩक
Ǔनदȶशउनèथानɉ परनहȣंहɇ जोहमलावरकरनेमɅ कामयाबरहेहɇ, वहइनसभीǓनदȶशɉ कोǓनçपाǑदत
करनेमɅ कामयाबरहेहɇ।इसͧलए, इसतरह, वहअपनेपेलोडकोǓनçपाǑदतकरनेमɅ स¢महैऔरयह
Ǒदखाया गया है ͩक इस तरह के गैजेटस (gadgets) का एक बड़ा सेट काय[Đमɉ मɅ åयवहाय[ है।
तो, बफरओवरÝलो(buffer overflow) केͧलएअÛयसावधानी, जावाजैसीĤोĒाͧमंगभाषाका
उपयोगकरनाहैजोèवचाͧलतǾपसेसरणीसीमाओंकȧ जांचकरताहै।इसͧलए, यहसुǓनिæचतकरेगा
ͩकइसकȧ सीमाओंसेकोईसरणीनहȣंपहुंचीहै।एकऔरतरȣकाअͬधकसुरͯ¢तलाएĦेरȣज़(libraries)
काउपयोगकरनाहै।उदाहरणके ͧलए, सी/C 11 ͪवǓनदȶशअनुबंधK, इनसुरͯ¢तलाएĦेरȣज़
(libraries) काउपयोगकरनेकेͧलएǓनǑद[çटकरताहै।तो, उदाहरणकेͧलए,गेटएसअंडरèकोरएस
(get s underscore s), िèĚंगकॉपीअंडरèकोरएस(string copy underscore s), िèĚंगएनकॉपी
अंडरèकोरएस(string n copy underscore s), इसͧलएइनसभीकेपाससमानमानककाय[¢मताएं
हɇ जोहमउपयोगकरतेहɇ, लेͩकनयेफ़ंÈशन(function) सुरͯ¢तहɇ औरबफरओवरāलोज़(buffer
overflows) को रोक दɅगे।
बफरओवरÝलो(buffer overflow) कोरोकनेकेͧलएएकऔरलोकͪĤयउपयोगकैनरȣ केउपयोगसे
है।तो, एककैनरȣ एक£ातछɮमयाǺिÍछकमानहैिजसेबफरओवरÝलो(buffer overflow) कापता
लगानेकेͧलएèटैक(stack) पररखाजाताहै।Èयाͩकयाजाताहैͩकसमारोहकȧ शुǽआतमɅ एक
कैनरȣ (canary) कोèटैकपरडालाजाताहै; जैसाͩकयहांǑदखायागयाहै, कुछकैनरȣ (canary) कȧ
वैãयूकोèटैक(stack) पररखɅगे।तो, पैरामीटर(parameter) केअलावा, वापसीपता/रेतुन[ एĜेस
(return address), ĥेमसूचक/रेतुन[ पॉइंटर(frame pointer), अबहमारेपासएककैनरȣ (canary) भी
है।औरफ़ंÈशन(function) लौटनेयाछोड़नेसेठȤकपहले, कैनरȣ (canary) कोयहपतालगानेकेͧलए
चेकͩकयाजाताहैͩकयहसंशोͬधतहैयानहȣं।अबयǑदएकबफरओवरāलो(buffer overflow) हुआ
तोहमजानतेहɇ ͩकबफरओवरāलो(buffer overflow) èटैक(stack) मɅ पतेकोसंशोͬधतकरेगा, और
नतीजतनकैनरȣ (canary) मानसंशोͬधतͩकयाजाएगा, औरइसͧलए, यǑदहमबफर(buffer) मɅ
कैनरȣ (canary) मानमɅ पǐरवत[नकापतालगानेमɅ स¢महɉगेअǓतĤवाह/ओवरÝलो(overflow) हुआ।
औरइसͧलए, हमशायदकाय[ĐमकोरोकनेमɅ स¢महɉगे।इसͧलए, इनǑदनɉ जीसीसीकंपाइलर(gcc
compiler) केहालकेसंèकरणɉ मɅ, इसतरहकेकैनरȣ (canary) ͫडफ़ॉãटǾपसेकाया[िÛवतͩकएजाते
हɇ।इसͧलए, यहकहाजारहाहैͩककैनरȣ (canary) मूãय£ातहोनेपरकैनरȣ (canary) कापूरा
उपयोगबेदखलहोजाताहै, यहहैͩकअगरहमलावरयहजानलेताहैͩककैनरȣ (canary) मूãयका
उपयोगͩकयाजाताहैतोवहकैनरȣ (canary) केइसमूãयकोबदलसकताहैयाइसतरहसेसेटकर
सकता है कैनरȣ (canary) ǒबãकुल नहȣं बदला जाता है और इसͧलए इसका उपयोग सीͧमत है।
इसͪवशेषहमलेकोरोकनेकेͧलएएकऔरतरȣका‘पता/एĜेसèपेसरɇडमाइजेशन’ (Address Space
Randomization) याएएसएलआर(ASLR) केǾपमɅ जानाजाताहै, इसͪवशेषकाउंटर(counter)
मापनतकनीकमɅ यहइसतØयकाउपयोगकरताहैͩकहमलावरɉ कोकोडमɅ ͪवͧशçटèथानɉ को
जाननेकȧ आवæयकताहै।उदाहरणकेͧलएlibc हमलेपरलौटनेकेबाद, हमलावरकोयहजाननेकȧ
आवæयकताथीͩकफ़ंÈशन(function) F1 याहमारेउदाहरणमɅ जहांफ़ंÈशनͧसèटम(function
system) के ĤोĒामèपेस(program space) मɅ िèथतथा।अबअगरहमारेपासएएसएलआर
(ASLR) स¢महैतोपताèथानकारɇडमाइóड(randomized) है, इसͧलएहमलावरकोयहǓनधा[ǐरत
करनामुिæकलहोगाͩकवाèतवमɅ फ़ंÈशन(function) मौजूदहैजहांइसकाशोषणͩकयाजानाचाǑहए।
दूसरेशÞदɉ मɅ, हमलावरकोपतालगानामुिæकलहोगाͩकपताèथानमɅ फ़ंÈशन(function) ‘ͧसèटम’
(‘system’) कहां मौजूद है। इस Ĥकार यह हमले को और अͬधक कǑठन बना देगा।
धÛयवाद।
ASLR - Address space layout randomization.
Library- a place where all system calls, functions are stored"
